BEGIN TRANSACTION;
CREATE TABLE IF NOT EXISTS `writers` (
	`id`	int ( 11 ) NOT NULL,
	`name`	text NOT NULL,
	PRIMARY KEY(`id`)
);
INSERT INTO `writers` (id,name) VALUES (1,'Andrew McCulloch');
INSERT INTO `writers` (id,name) VALUES (2,'Andrew Smith');
INSERT INTO `writers` (id,name) VALUES (3,'Anthony Coburn');
INSERT INTO `writers` (id,name) VALUES (4,'Anthony Read');
INSERT INTO `writers` (id,name) VALUES (5,'Anthony Steven');
INSERT INTO `writers` (id,name) VALUES (6,'Barbara Clegg');
INSERT INTO `writers` (id,name) VALUES (7,'Barry Letts');
INSERT INTO `writers` (id,name) VALUES (8,'Ben Aaronovitch');
INSERT INTO `writers` (id,name) VALUES (9,'Bill Strutton');
INSERT INTO `writers` (id,name) VALUES (10,'Bob Baker');
INSERT INTO `writers` (id,name) VALUES (11,'Brian Hayles');
INSERT INTO `writers` (id,name) VALUES (12,'Catherine Tregenna');
INSERT INTO `writers` (id,name) VALUES (13,'Chris Boucher');
INSERT INTO `writers` (id,name) VALUES (14,'Chris Chibnall');
INSERT INTO `writers` (id,name) VALUES (15,'Christopher Bailey');
INSERT INTO `writers` (id,name) VALUES (16,'Christopher H. Bidmead');
INSERT INTO `writers` (id,name) VALUES (17,'Dave Martin');
INSERT INTO `writers` (id,name) VALUES (18,'David Agnew');
INSERT INTO `writers` (id,name) VALUES (19,'David Ellis');
INSERT INTO `writers` (id,name) VALUES (20,'David Fisher');
INSERT INTO `writers` (id,name) VALUES (21,'David Whitaker');
INSERT INTO `writers` (id,name) VALUES (22,'Dennis Spooner');
INSERT INTO `writers` (id,name) VALUES (23,'Derrick Sherwin');
INSERT INTO `writers` (id,name) VALUES (24,'Don Houghton');
INSERT INTO `writers` (id,name) VALUES (25,'Donald Cotton');
INSERT INTO `writers` (id,name) VALUES (26,'Donald Tosh');
INSERT INTO `writers` (id,name) VALUES (27,'Douglas Adams');
INSERT INTO `writers` (id,name) VALUES (28,'Elwyn Jones');
INSERT INTO `writers` (id,name) VALUES (29,'Eric Pringle');
INSERT INTO `writers` (id,name) VALUES (30,'Eric Saward');
INSERT INTO `writers` (id,name) VALUES (31,'Frank Cottrell-Boyce');
INSERT INTO `writers` (id,name) VALUES (33,'Gareth Roberts');
INSERT INTO `writers` (id,name) VALUES (34,'Geoffrey Orme');
INSERT INTO `writers` (id,name) VALUES (35,'Gerry Davis');
INSERT INTO `writers` (id,name) VALUES (36,'Glen McCoy');
INSERT INTO `writers` (id,name) VALUES (37,'Glyn Jones');
INSERT INTO `writers` (id,name) VALUES (38,'Graeme Curry');
INSERT INTO `writers` (id,name) VALUES (39,'Graham Williams');
INSERT INTO `writers` (id,name) VALUES (40,'Guy Leopold');
INSERT INTO `writers` (id,name) VALUES (41,'Helen Raynor');
INSERT INTO `writers` (id,name) VALUES (42,'Henry Lincoln');
INSERT INTO `writers` (id,name) VALUES (43,'Ian Briggs');
INSERT INTO `writers` (id,name) VALUES (44,'Ian Stuart Black');
INSERT INTO `writers` (id,name) VALUES (45,'James Moran');
INSERT INTO `writers` (id,name) VALUES (46,'Jamie Mathieson');
INSERT INTO `writers` (id,name) VALUES (47,'Jane Baker');
INSERT INTO `writers` (id,name) VALUES (48,'John Flanagan');
INSERT INTO `writers` (id,name) VALUES (49,'John Lucarotti');
INSERT INTO `writers` (id,name) VALUES (50,'Johnny Byrne');
INSERT INTO `writers` (id,name) VALUES (51,'Keith Temple');
INSERT INTO `writers` (id,name) VALUES (52,'Kevin Clarke');
INSERT INTO `writers` (id,name) VALUES (54,'Kit Pedler');
INSERT INTO `writers` (id,name) VALUES (55,'Lesley Scott');
INSERT INTO `writers` (id,name) VALUES (56,'Lewis Greifer');
INSERT INTO `writers` (id,name) VALUES (57,'Louis Marks');
INSERT INTO `writers` (id,name) VALUES (58,'Malcolm Hulke');
INSERT INTO `writers` (id,name) VALUES (59,'Malcolm Kohll');
INSERT INTO `writers` (id,name) VALUES (60,'Marc Platt');
INSERT INTO `writers` (id,name) VALUES (61,'Mark Gatiss');
INSERT INTO `writers` (id,name) VALUES (62,'Matt Jones');
INSERT INTO `writers` (id,name) VALUES (63,'Matthew Graham');
INSERT INTO `writers` (id,name) VALUES (64,'Matthew Jacobs');
INSERT INTO `writers` (id,name) VALUES (65,'Mervyn Haisman');
INSERT INTO `writers` (id,name) VALUES (66,'Milton Subotsky');
INSERT INTO `writers` (id,name) VALUES (67,'Neil Cross');
INSERT INTO `writers` (id,name) VALUES (68,'Neil Gaiman');
INSERT INTO `writers` (id,name) VALUES (69,'Norman Ashby');
INSERT INTO `writers` (id,name) VALUES (70,'Paul Cornell');
INSERT INTO `writers` (id,name) VALUES (71,'Paul Erickson');
INSERT INTO `writers` (id,name) VALUES (72,'Paula Moore');
INSERT INTO `writers` (id,name) VALUES (73,'Peter Grimwade');
INSERT INTO `writers` (id,name) VALUES (74,'Peter Harness');
INSERT INTO `writers` (id,name) VALUES (75,'Peter Ling');
INSERT INTO `writers` (id,name) VALUES (76,'Peter R. Newman');
INSERT INTO `writers` (id,name) VALUES (77,'Phil Ford');
INSERT INTO `writers` (id,name) VALUES (78,'Philip Pip Baker\"hilip Pip\"ili');
INSERT INTO `writers` (id,name) VALUES (79,'Philip Martin');
INSERT INTO `writers` (id,name) VALUES (80,'Richard Curtis');
INSERT INTO `writers` (id,name) VALUES (81,'Robert Banks Stewart');
INSERT INTO `writers` (id,name) VALUES (82,'Robert Holmes');
INSERT INTO `writers` (id,name) VALUES (83,'Robert Shearman');
INSERT INTO `writers` (id,name) VALUES (84,'Robert Sloman');
INSERT INTO `writers` (id,name) VALUES (85,'Robin Bland');
INSERT INTO `writers` (id,name) VALUES (86,'Rona Munro');
INSERT INTO `writers` (id,name) VALUES (87,'Russell T. Davies');
INSERT INTO `writers` (id,name) VALUES (88,'Sarah Dollard');
INSERT INTO `writers` (id,name) VALUES (89,'Simon Nye');
INSERT INTO `writers` (id,name) VALUES (90,'Stephen Gallagher');
INSERT INTO `writers` (id,name) VALUES (91,'Stephen Greenhorn');
INSERT INTO `writers` (id,name) VALUES (92,'Stephen Harris');
INSERT INTO `writers` (id,name) VALUES (93,'Stephen Thompson');
INSERT INTO `writers` (id,name) VALUES (94,'Stephen Wyatt');
INSERT INTO `writers` (id,name) VALUES (95,'Steven Moffat');
INSERT INTO `writers` (id,name) VALUES (96,'Terence Dudley');
INSERT INTO `writers` (id,name) VALUES (97,'Terrance Dicks');
INSERT INTO `writers` (id,name) VALUES (98,'Terry Nation');
INSERT INTO `writers` (id,name) VALUES (99,'Toby Whithouse');
INSERT INTO `writers` (id,name) VALUES (100,'Tom MacRae');
INSERT INTO `writers` (id,name) VALUES (101,'Trevor Ray');
INSERT INTO `writers` (id,name) VALUES (102,'Victor Pemberton');
INSERT INTO `writers` (id,name) VALUES (103,'William Emms');
INSERT INTO `writers` (id,name) VALUES (104,'Mike Bartlett');
INSERT INTO `writers` (id,name) VALUES (105,'Malorie Blackman');
INSERT INTO `writers` (id,name) VALUES (106,'Vinay Patel');
INSERT INTO `writers` (id,name) VALUES (107,'Pete McTighe');
INSERT INTO `writers` (id,name) VALUES (108,'Joy Wilkinson');
INSERT INTO `writers` (id,name) VALUES (109,'Ed Hime');
CREATE TABLE IF NOT EXISTS `serials_writers` (
	`serial_id`	int ( 11 ) NOT NULL,
	`writer_id`	int ( 11 ) NOT NULL,
	FOREIGN KEY(`serial_id`) REFERENCES `serials`(`id`) ON DELETE RESTRICT ON UPDATE RESTRICT,
	FOREIGN KEY(`writer_id`) REFERENCES `writers`(`id`) ON DELETE RESTRICT ON UPDATE RESTRICT,
	PRIMARY KEY(`serial_id`,`writer_id`)
);
INSERT INTO `serials_writers` (serial_id,writer_id) VALUES (1,3);
INSERT INTO `serials_writers` (serial_id,writer_id) VALUES (2,98);
INSERT INTO `serials_writers` (serial_id,writer_id) VALUES (3,21);
INSERT INTO `serials_writers` (serial_id,writer_id) VALUES (4,49);
INSERT INTO `serials_writers` (serial_id,writer_id) VALUES (5,98);
INSERT INTO `serials_writers` (serial_id,writer_id) VALUES (6,49);
INSERT INTO `serials_writers` (serial_id,writer_id) VALUES (7,76);
INSERT INTO `serials_writers` (serial_id,writer_id) VALUES (8,22);
INSERT INTO `serials_writers` (serial_id,writer_id) VALUES (9,57);
INSERT INTO `serials_writers` (serial_id,writer_id) VALUES (10,98);
INSERT INTO `serials_writers` (serial_id,writer_id) VALUES (11,21);
INSERT INTO `serials_writers` (serial_id,writer_id) VALUES (12,22);
INSERT INTO `serials_writers` (serial_id,writer_id) VALUES (13,9);
INSERT INTO `serials_writers` (serial_id,writer_id) VALUES (14,21);
INSERT INTO `serials_writers` (serial_id,writer_id) VALUES (15,37);
INSERT INTO `serials_writers` (serial_id,writer_id) VALUES (16,98);
INSERT INTO `serials_writers` (serial_id,writer_id) VALUES (17,22);
INSERT INTO `serials_writers` (serial_id,writer_id) VALUES (18,103);
INSERT INTO `serials_writers` (serial_id,writer_id) VALUES (19,98);
INSERT INTO `serials_writers` (serial_id,writer_id) VALUES (20,25);
INSERT INTO `serials_writers` (serial_id,writer_id) VALUES (21,98);
INSERT INTO `serials_writers` (serial_id,writer_id) VALUES (21,22);
INSERT INTO `serials_writers` (serial_id,writer_id) VALUES (22,49);
INSERT INTO `serials_writers` (serial_id,writer_id) VALUES (22,26);
INSERT INTO `serials_writers` (serial_id,writer_id) VALUES (23,71);
INSERT INTO `serials_writers` (serial_id,writer_id) VALUES (23,55);
INSERT INTO `serials_writers` (serial_id,writer_id) VALUES (24,11);
INSERT INTO `serials_writers` (serial_id,writer_id) VALUES (24,26);
INSERT INTO `serials_writers` (serial_id,writer_id) VALUES (25,25);
INSERT INTO `serials_writers` (serial_id,writer_id) VALUES (26,44);
INSERT INTO `serials_writers` (serial_id,writer_id) VALUES (27,44);
INSERT INTO `serials_writers` (serial_id,writer_id) VALUES (27,54);
INSERT INTO `serials_writers` (serial_id,writer_id) VALUES (28,11);
INSERT INTO `serials_writers` (serial_id,writer_id) VALUES (29,54);
INSERT INTO `serials_writers` (serial_id,writer_id) VALUES (29,35);
INSERT INTO `serials_writers` (serial_id,writer_id) VALUES (30,21);
INSERT INTO `serials_writers` (serial_id,writer_id) VALUES (30,22);
INSERT INTO `serials_writers` (serial_id,writer_id) VALUES (31,28);
INSERT INTO `serials_writers` (serial_id,writer_id) VALUES (31,35);
INSERT INTO `serials_writers` (serial_id,writer_id) VALUES (32,34);
INSERT INTO `serials_writers` (serial_id,writer_id) VALUES (33,54);
INSERT INTO `serials_writers` (serial_id,writer_id) VALUES (34,44);
INSERT INTO `serials_writers` (serial_id,writer_id) VALUES (35,19);
INSERT INTO `serials_writers` (serial_id,writer_id) VALUES (35,58);
INSERT INTO `serials_writers` (serial_id,writer_id) VALUES (36,21);
INSERT INTO `serials_writers` (serial_id,writer_id) VALUES (37,54);
INSERT INTO `serials_writers` (serial_id,writer_id) VALUES (37,35);
INSERT INTO `serials_writers` (serial_id,writer_id) VALUES (38,65);
INSERT INTO `serials_writers` (serial_id,writer_id) VALUES (38,42);
INSERT INTO `serials_writers` (serial_id,writer_id) VALUES (39,11);
INSERT INTO `serials_writers` (serial_id,writer_id) VALUES (40,21);
INSERT INTO `serials_writers` (serial_id,writer_id) VALUES (41,65);
INSERT INTO `serials_writers` (serial_id,writer_id) VALUES (41,42);
INSERT INTO `serials_writers` (serial_id,writer_id) VALUES (42,102);
INSERT INTO `serials_writers` (serial_id,writer_id) VALUES (43,21);
INSERT INTO `serials_writers` (serial_id,writer_id) VALUES (43,54);
INSERT INTO `serials_writers` (serial_id,writer_id) VALUES (44,69);
INSERT INTO `serials_writers` (serial_id,writer_id) VALUES (44,65);
INSERT INTO `serials_writers` (serial_id,writer_id) VALUES (44,42);
INSERT INTO `serials_writers` (serial_id,writer_id) VALUES (45,75);
INSERT INTO `serials_writers` (serial_id,writer_id) VALUES (45,23);
INSERT INTO `serials_writers` (serial_id,writer_id) VALUES (46,23);
INSERT INTO `serials_writers` (serial_id,writer_id) VALUES (46,54);
INSERT INTO `serials_writers` (serial_id,writer_id) VALUES (47,82);
INSERT INTO `serials_writers` (serial_id,writer_id) VALUES (48,11);
INSERT INTO `serials_writers` (serial_id,writer_id) VALUES (48,97);
INSERT INTO `serials_writers` (serial_id,writer_id) VALUES (49,82);
INSERT INTO `serials_writers` (serial_id,writer_id) VALUES (50,97);
INSERT INTO `serials_writers` (serial_id,writer_id) VALUES (50,58);
INSERT INTO `serials_writers` (serial_id,writer_id) VALUES (51,82);
INSERT INTO `serials_writers` (serial_id,writer_id) VALUES (52,58);
INSERT INTO `serials_writers` (serial_id,writer_id) VALUES (53,21);
INSERT INTO `serials_writers` (serial_id,writer_id) VALUES (53,101);
INSERT INTO `serials_writers` (serial_id,writer_id) VALUES (53,58);
INSERT INTO `serials_writers` (serial_id,writer_id) VALUES (54,24);
INSERT INTO `serials_writers` (serial_id,writer_id) VALUES (55,82);
INSERT INTO `serials_writers` (serial_id,writer_id) VALUES (56,24);
INSERT INTO `serials_writers` (serial_id,writer_id) VALUES (57,10);
INSERT INTO `serials_writers` (serial_id,writer_id) VALUES (57,17);
INSERT INTO `serials_writers` (serial_id,writer_id) VALUES (58,58);
INSERT INTO `serials_writers` (serial_id,writer_id) VALUES (59,40);
INSERT INTO `serials_writers` (serial_id,writer_id) VALUES (59,84);
INSERT INTO `serials_writers` (serial_id,writer_id) VALUES (59,7);
INSERT INTO `serials_writers` (serial_id,writer_id) VALUES (60,57);
INSERT INTO `serials_writers` (serial_id,writer_id) VALUES (61,11);
INSERT INTO `serials_writers` (serial_id,writer_id) VALUES (62,58);
INSERT INTO `serials_writers` (serial_id,writer_id) VALUES (63,10);
INSERT INTO `serials_writers` (serial_id,writer_id) VALUES (63,17);
INSERT INTO `serials_writers` (serial_id,writer_id) VALUES (64,84);
INSERT INTO `serials_writers` (serial_id,writer_id) VALUES (64,7);
INSERT INTO `serials_writers` (serial_id,writer_id) VALUES (65,10);
INSERT INTO `serials_writers` (serial_id,writer_id) VALUES (65,17);
INSERT INTO `serials_writers` (serial_id,writer_id) VALUES (66,82);
INSERT INTO `serials_writers` (serial_id,writer_id) VALUES (67,58);
INSERT INTO `serials_writers` (serial_id,writer_id) VALUES (68,98);
INSERT INTO `serials_writers` (serial_id,writer_id) VALUES (69,84);
INSERT INTO `serials_writers` (serial_id,writer_id) VALUES (69,7);
INSERT INTO `serials_writers` (serial_id,writer_id) VALUES (70,82);
INSERT INTO `serials_writers` (serial_id,writer_id) VALUES (71,58);
INSERT INTO `serials_writers` (serial_id,writer_id) VALUES (72,98);
INSERT INTO `serials_writers` (serial_id,writer_id) VALUES (73,11);
INSERT INTO `serials_writers` (serial_id,writer_id) VALUES (74,84);
INSERT INTO `serials_writers` (serial_id,writer_id) VALUES (74,7);
INSERT INTO `serials_writers` (serial_id,writer_id) VALUES (75,97);
INSERT INTO `serials_writers` (serial_id,writer_id) VALUES (76,82);
INSERT INTO `serials_writers` (serial_id,writer_id) VALUES (77,10);
INSERT INTO `serials_writers` (serial_id,writer_id) VALUES (77,17);
INSERT INTO `serials_writers` (serial_id,writer_id) VALUES (78,98);
INSERT INTO `serials_writers` (serial_id,writer_id) VALUES (79,35);
INSERT INTO `serials_writers` (serial_id,writer_id) VALUES (80,81);
INSERT INTO `serials_writers` (serial_id,writer_id) VALUES (81,57);
INSERT INTO `serials_writers` (serial_id,writer_id) VALUES (82,92);
INSERT INTO `serials_writers` (serial_id,writer_id) VALUES (82,56);
INSERT INTO `serials_writers` (serial_id,writer_id) VALUES (82,82);
INSERT INTO `serials_writers` (serial_id,writer_id) VALUES (83,98);
INSERT INTO `serials_writers` (serial_id,writer_id) VALUES (84,85);
INSERT INTO `serials_writers` (serial_id,writer_id) VALUES (84,97);
INSERT INTO `serials_writers` (serial_id,writer_id) VALUES (84,82);
INSERT INTO `serials_writers` (serial_id,writer_id) VALUES (85,81);
INSERT INTO `serials_writers` (serial_id,writer_id) VALUES (86,57);
INSERT INTO `serials_writers` (serial_id,writer_id) VALUES (87,10);
INSERT INTO `serials_writers` (serial_id,writer_id) VALUES (87,17);
INSERT INTO `serials_writers` (serial_id,writer_id) VALUES (88,82);
INSERT INTO `serials_writers` (serial_id,writer_id) VALUES (89,13);
INSERT INTO `serials_writers` (serial_id,writer_id) VALUES (90,13);
INSERT INTO `serials_writers` (serial_id,writer_id) VALUES (91,82);
INSERT INTO `serials_writers` (serial_id,writer_id) VALUES (92,97);
INSERT INTO `serials_writers` (serial_id,writer_id) VALUES (93,10);
INSERT INTO `serials_writers` (serial_id,writer_id) VALUES (93,17);
INSERT INTO `serials_writers` (serial_id,writer_id) VALUES (94,13);
INSERT INTO `serials_writers` (serial_id,writer_id) VALUES (95,82);
INSERT INTO `serials_writers` (serial_id,writer_id) VALUES (96,10);
INSERT INTO `serials_writers` (serial_id,writer_id) VALUES (96,17);
INSERT INTO `serials_writers` (serial_id,writer_id) VALUES (97,18);
INSERT INTO `serials_writers` (serial_id,writer_id) VALUES (97,39);
INSERT INTO `serials_writers` (serial_id,writer_id) VALUES (97,4);
INSERT INTO `serials_writers` (serial_id,writer_id) VALUES (98,82);
INSERT INTO `serials_writers` (serial_id,writer_id) VALUES (99,27);
INSERT INTO `serials_writers` (serial_id,writer_id) VALUES (100,20);
INSERT INTO `serials_writers` (serial_id,writer_id) VALUES (101,20);
INSERT INTO `serials_writers` (serial_id,writer_id) VALUES (102,82);
INSERT INTO `serials_writers` (serial_id,writer_id) VALUES (103,10);
INSERT INTO `serials_writers` (serial_id,writer_id) VALUES (103,17);
INSERT INTO `serials_writers` (serial_id,writer_id) VALUES (104,98);
INSERT INTO `serials_writers` (serial_id,writer_id) VALUES (105,18);
INSERT INTO `serials_writers` (serial_id,writer_id) VALUES (105,27);
INSERT INTO `serials_writers` (serial_id,writer_id) VALUES (105,39);
INSERT INTO `serials_writers` (serial_id,writer_id) VALUES (105,20);
INSERT INTO `serials_writers` (serial_id,writer_id) VALUES (106,20);
INSERT INTO `serials_writers` (serial_id,writer_id) VALUES (107,10);
INSERT INTO `serials_writers` (serial_id,writer_id) VALUES (108,4);
INSERT INTO `serials_writers` (serial_id,writer_id) VALUES (109,27);
INSERT INTO `serials_writers` (serial_id,writer_id) VALUES (110,20);
INSERT INTO `serials_writers` (serial_id,writer_id) VALUES (111,48);
INSERT INTO `serials_writers` (serial_id,writer_id) VALUES (111,1);
INSERT INTO `serials_writers` (serial_id,writer_id) VALUES (112,2);
INSERT INTO `serials_writers` (serial_id,writer_id) VALUES (113,97);
INSERT INTO `serials_writers` (serial_id,writer_id) VALUES (114,90);
INSERT INTO `serials_writers` (serial_id,writer_id) VALUES (115,50);
INSERT INTO `serials_writers` (serial_id,writer_id) VALUES (116,16);
INSERT INTO `serials_writers` (serial_id,writer_id) VALUES (117,16);
INSERT INTO `serials_writers` (serial_id,writer_id) VALUES (118,96);
INSERT INTO `serials_writers` (serial_id,writer_id) VALUES (119,15);
INSERT INTO `serials_writers` (serial_id,writer_id) VALUES (120,30);
INSERT INTO `serials_writers` (serial_id,writer_id) VALUES (121,96);
INSERT INTO `serials_writers` (serial_id,writer_id) VALUES (122,30);
INSERT INTO `serials_writers` (serial_id,writer_id) VALUES (123,73);
INSERT INTO `serials_writers` (serial_id,writer_id) VALUES (124,50);
INSERT INTO `serials_writers` (serial_id,writer_id) VALUES (125,15);
INSERT INTO `serials_writers` (serial_id,writer_id) VALUES (126,73);
INSERT INTO `serials_writers` (serial_id,writer_id) VALUES (127,90);
INSERT INTO `serials_writers` (serial_id,writer_id) VALUES (128,6);
INSERT INTO `serials_writers` (serial_id,writer_id) VALUES (129,96);
INSERT INTO `serials_writers` (serial_id,writer_id) VALUES (130,97);
INSERT INTO `serials_writers` (serial_id,writer_id) VALUES (131,50);
INSERT INTO `serials_writers` (serial_id,writer_id) VALUES (132,29);
INSERT INTO `serials_writers` (serial_id,writer_id) VALUES (133,16);
INSERT INTO `serials_writers` (serial_id,writer_id) VALUES (134,30);
INSERT INTO `serials_writers` (serial_id,writer_id) VALUES (135,73);
INSERT INTO `serials_writers` (serial_id,writer_id) VALUES (136,82);
INSERT INTO `serials_writers` (serial_id,writer_id) VALUES (137,5);
INSERT INTO `serials_writers` (serial_id,writer_id) VALUES (138,72);
INSERT INTO `serials_writers` (serial_id,writer_id) VALUES (139,79);
INSERT INTO `serials_writers` (serial_id,writer_id) VALUES (140,78);
INSERT INTO `serials_writers` (serial_id,writer_id) VALUES (140,47);
INSERT INTO `serials_writers` (serial_id,writer_id) VALUES (141,82);
INSERT INTO `serials_writers` (serial_id,writer_id) VALUES (142,36);
INSERT INTO `serials_writers` (serial_id,writer_id) VALUES (143,30);
INSERT INTO `serials_writers` (serial_id,writer_id) VALUES (144,82);
INSERT INTO `serials_writers` (serial_id,writer_id) VALUES (145,79);
INSERT INTO `serials_writers` (serial_id,writer_id) VALUES (146,78);
INSERT INTO `serials_writers` (serial_id,writer_id) VALUES (146,47);
INSERT INTO `serials_writers` (serial_id,writer_id) VALUES (147,82);
INSERT INTO `serials_writers` (serial_id,writer_id) VALUES (147,78);
INSERT INTO `serials_writers` (serial_id,writer_id) VALUES (147,47);
INSERT INTO `serials_writers` (serial_id,writer_id) VALUES (148,78);
INSERT INTO `serials_writers` (serial_id,writer_id) VALUES (148,47);
INSERT INTO `serials_writers` (serial_id,writer_id) VALUES (149,94);
INSERT INTO `serials_writers` (serial_id,writer_id) VALUES (150,59);
INSERT INTO `serials_writers` (serial_id,writer_id) VALUES (151,43);
INSERT INTO `serials_writers` (serial_id,writer_id) VALUES (152,8);
INSERT INTO `serials_writers` (serial_id,writer_id) VALUES (153,38);
INSERT INTO `serials_writers` (serial_id,writer_id) VALUES (154,52);
INSERT INTO `serials_writers` (serial_id,writer_id) VALUES (155,94);
INSERT INTO `serials_writers` (serial_id,writer_id) VALUES (156,8);
INSERT INTO `serials_writers` (serial_id,writer_id) VALUES (157,60);
INSERT INTO `serials_writers` (serial_id,writer_id) VALUES (158,43);
INSERT INTO `serials_writers` (serial_id,writer_id) VALUES (159,86);
INSERT INTO `serials_writers` (serial_id,writer_id) VALUES (160,64);
INSERT INTO `serials_writers` (serial_id,writer_id) VALUES (161,87);
INSERT INTO `serials_writers` (serial_id,writer_id) VALUES (162,87);
INSERT INTO `serials_writers` (serial_id,writer_id) VALUES (163,61);
INSERT INTO `serials_writers` (serial_id,writer_id) VALUES (164,87);
INSERT INTO `serials_writers` (serial_id,writer_id) VALUES (165,87);
INSERT INTO `serials_writers` (serial_id,writer_id) VALUES (166,83);
INSERT INTO `serials_writers` (serial_id,writer_id) VALUES (167,87);
INSERT INTO `serials_writers` (serial_id,writer_id) VALUES (168,70);
INSERT INTO `serials_writers` (serial_id,writer_id) VALUES (169,95);
INSERT INTO `serials_writers` (serial_id,writer_id) VALUES (170,95);
INSERT INTO `serials_writers` (serial_id,writer_id) VALUES (171,87);
INSERT INTO `serials_writers` (serial_id,writer_id) VALUES (172,87);
INSERT INTO `serials_writers` (serial_id,writer_id) VALUES (173,87);
INSERT INTO `serials_writers` (serial_id,writer_id) VALUES (174,87);
INSERT INTO `serials_writers` (serial_id,writer_id) VALUES (175,87);
INSERT INTO `serials_writers` (serial_id,writer_id) VALUES (176,87);
INSERT INTO `serials_writers` (serial_id,writer_id) VALUES (177,99);
INSERT INTO `serials_writers` (serial_id,writer_id) VALUES (178,95);
INSERT INTO `serials_writers` (serial_id,writer_id) VALUES (179,100);
INSERT INTO `serials_writers` (serial_id,writer_id) VALUES (180,100);
INSERT INTO `serials_writers` (serial_id,writer_id) VALUES (181,61);
INSERT INTO `serials_writers` (serial_id,writer_id) VALUES (182,62);
INSERT INTO `serials_writers` (serial_id,writer_id) VALUES (183,62);
INSERT INTO `serials_writers` (serial_id,writer_id) VALUES (184,87);
INSERT INTO `serials_writers` (serial_id,writer_id) VALUES (185,63);
INSERT INTO `serials_writers` (serial_id,writer_id) VALUES (186,87);
INSERT INTO `serials_writers` (serial_id,writer_id) VALUES (187,87);
INSERT INTO `serials_writers` (serial_id,writer_id) VALUES (188,87);
INSERT INTO `serials_writers` (serial_id,writer_id) VALUES (189,87);
INSERT INTO `serials_writers` (serial_id,writer_id) VALUES (190,33);
INSERT INTO `serials_writers` (serial_id,writer_id) VALUES (191,87);
INSERT INTO `serials_writers` (serial_id,writer_id) VALUES (192,41);
INSERT INTO `serials_writers` (serial_id,writer_id) VALUES (193,41);
INSERT INTO `serials_writers` (serial_id,writer_id) VALUES (194,91);
INSERT INTO `serials_writers` (serial_id,writer_id) VALUES (195,14);
INSERT INTO `serials_writers` (serial_id,writer_id) VALUES (196,70);
INSERT INTO `serials_writers` (serial_id,writer_id) VALUES (197,70);
INSERT INTO `serials_writers` (serial_id,writer_id) VALUES (198,95);
INSERT INTO `serials_writers` (serial_id,writer_id) VALUES (199,87);
INSERT INTO `serials_writers` (serial_id,writer_id) VALUES (200,87);
INSERT INTO `serials_writers` (serial_id,writer_id) VALUES (201,87);
INSERT INTO `serials_writers` (serial_id,writer_id) VALUES (202,87);
INSERT INTO `serials_writers` (serial_id,writer_id) VALUES (203,87);
INSERT INTO `serials_writers` (serial_id,writer_id) VALUES (204,45);
INSERT INTO `serials_writers` (serial_id,writer_id) VALUES (205,51);
INSERT INTO `serials_writers` (serial_id,writer_id) VALUES (206,41);
INSERT INTO `serials_writers` (serial_id,writer_id) VALUES (207,41);
INSERT INTO `serials_writers` (serial_id,writer_id) VALUES (208,91);
INSERT INTO `serials_writers` (serial_id,writer_id) VALUES (209,33);
INSERT INTO `serials_writers` (serial_id,writer_id) VALUES (210,95);
INSERT INTO `serials_writers` (serial_id,writer_id) VALUES (211,95);
INSERT INTO `serials_writers` (serial_id,writer_id) VALUES (212,87);
INSERT INTO `serials_writers` (serial_id,writer_id) VALUES (213,87);
INSERT INTO `serials_writers` (serial_id,writer_id) VALUES (214,87);
INSERT INTO `serials_writers` (serial_id,writer_id) VALUES (215,87);
INSERT INTO `serials_writers` (serial_id,writer_id) VALUES (216,87);
INSERT INTO `serials_writers` (serial_id,writer_id) VALUES (217,87);
INSERT INTO `serials_writers` (serial_id,writer_id) VALUES (217,33);
INSERT INTO `serials_writers` (serial_id,writer_id) VALUES (218,87);
INSERT INTO `serials_writers` (serial_id,writer_id) VALUES (218,77);
INSERT INTO `serials_writers` (serial_id,writer_id) VALUES (219,87);
INSERT INTO `serials_writers` (serial_id,writer_id) VALUES (220,87);
INSERT INTO `serials_writers` (serial_id,writer_id) VALUES (221,95);
INSERT INTO `serials_writers` (serial_id,writer_id) VALUES (222,95);
INSERT INTO `serials_writers` (serial_id,writer_id) VALUES (223,61);
INSERT INTO `serials_writers` (serial_id,writer_id) VALUES (224,95);
INSERT INTO `serials_writers` (serial_id,writer_id) VALUES (225,95);
INSERT INTO `serials_writers` (serial_id,writer_id) VALUES (226,99);
INSERT INTO `serials_writers` (serial_id,writer_id) VALUES (227,89);
INSERT INTO `serials_writers` (serial_id,writer_id) VALUES (228,14);
INSERT INTO `serials_writers` (serial_id,writer_id) VALUES (229,14);
INSERT INTO `serials_writers` (serial_id,writer_id) VALUES (230,80);
INSERT INTO `serials_writers` (serial_id,writer_id) VALUES (231,33);
INSERT INTO `serials_writers` (serial_id,writer_id) VALUES (232,95);
INSERT INTO `serials_writers` (serial_id,writer_id) VALUES (233,95);
INSERT INTO `serials_writers` (serial_id,writer_id) VALUES (234,95);
INSERT INTO `serials_writers` (serial_id,writer_id) VALUES (235,95);
INSERT INTO `serials_writers` (serial_id,writer_id) VALUES (236,95);
INSERT INTO `serials_writers` (serial_id,writer_id) VALUES (237,93);
INSERT INTO `serials_writers` (serial_id,writer_id) VALUES (238,68);
INSERT INTO `serials_writers` (serial_id,writer_id) VALUES (239,63);
INSERT INTO `serials_writers` (serial_id,writer_id) VALUES (240,63);
INSERT INTO `serials_writers` (serial_id,writer_id) VALUES (241,95);
INSERT INTO `serials_writers` (serial_id,writer_id) VALUES (242,95);
INSERT INTO `serials_writers` (serial_id,writer_id) VALUES (243,61);
INSERT INTO `serials_writers` (serial_id,writer_id) VALUES (244,100);
INSERT INTO `serials_writers` (serial_id,writer_id) VALUES (245,99);
INSERT INTO `serials_writers` (serial_id,writer_id) VALUES (246,33);
INSERT INTO `serials_writers` (serial_id,writer_id) VALUES (247,95);
INSERT INTO `serials_writers` (serial_id,writer_id) VALUES (248,95);
INSERT INTO `serials_writers` (serial_id,writer_id) VALUES (249,95);
INSERT INTO `serials_writers` (serial_id,writer_id) VALUES (250,14);
INSERT INTO `serials_writers` (serial_id,writer_id) VALUES (251,99);
INSERT INTO `serials_writers` (serial_id,writer_id) VALUES (252,14);
INSERT INTO `serials_writers` (serial_id,writer_id) VALUES (253,95);
INSERT INTO `serials_writers` (serial_id,writer_id) VALUES (254,95);
INSERT INTO `serials_writers` (serial_id,writer_id) VALUES (255,95);
INSERT INTO `serials_writers` (serial_id,writer_id) VALUES (256,67);
INSERT INTO `serials_writers` (serial_id,writer_id) VALUES (257,61);
INSERT INTO `serials_writers` (serial_id,writer_id) VALUES (258,67);
INSERT INTO `serials_writers` (serial_id,writer_id) VALUES (259,93);
INSERT INTO `serials_writers` (serial_id,writer_id) VALUES (260,61);
INSERT INTO `serials_writers` (serial_id,writer_id) VALUES (261,68);
INSERT INTO `serials_writers` (serial_id,writer_id) VALUES (262,95);
INSERT INTO `serials_writers` (serial_id,writer_id) VALUES (263,95);
INSERT INTO `serials_writers` (serial_id,writer_id) VALUES (264,95);
INSERT INTO `serials_writers` (serial_id,writer_id) VALUES (265,95);
INSERT INTO `serials_writers` (serial_id,writer_id) VALUES (266,77);
INSERT INTO `serials_writers` (serial_id,writer_id) VALUES (266,95);
INSERT INTO `serials_writers` (serial_id,writer_id) VALUES (267,61);
INSERT INTO `serials_writers` (serial_id,writer_id) VALUES (268,95);
INSERT INTO `serials_writers` (serial_id,writer_id) VALUES (269,93);
INSERT INTO `serials_writers` (serial_id,writer_id) VALUES (269,95);
INSERT INTO `serials_writers` (serial_id,writer_id) VALUES (270,33);
INSERT INTO `serials_writers` (serial_id,writer_id) VALUES (270,95);
INSERT INTO `serials_writers` (serial_id,writer_id) VALUES (271,74);
INSERT INTO `serials_writers` (serial_id,writer_id) VALUES (272,46);
INSERT INTO `serials_writers` (serial_id,writer_id) VALUES (273,46);
INSERT INTO `serials_writers` (serial_id,writer_id) VALUES (274,31);
INSERT INTO `serials_writers` (serial_id,writer_id) VALUES (275,95);
INSERT INTO `serials_writers` (serial_id,writer_id) VALUES (276,95);
INSERT INTO `serials_writers` (serial_id,writer_id) VALUES (277,95);
INSERT INTO `serials_writers` (serial_id,writer_id) VALUES (278,95);
INSERT INTO `serials_writers` (serial_id,writer_id) VALUES (279,95);
INSERT INTO `serials_writers` (serial_id,writer_id) VALUES (280,99);
INSERT INTO `serials_writers` (serial_id,writer_id) VALUES (281,99);
INSERT INTO `serials_writers` (serial_id,writer_id) VALUES (282,46);
INSERT INTO `serials_writers` (serial_id,writer_id) VALUES (282,95);
INSERT INTO `serials_writers` (serial_id,writer_id) VALUES (283,12);
INSERT INTO `serials_writers` (serial_id,writer_id) VALUES (284,74);
INSERT INTO `serials_writers` (serial_id,writer_id) VALUES (285,74);
INSERT INTO `serials_writers` (serial_id,writer_id) VALUES (285,95);
INSERT INTO `serials_writers` (serial_id,writer_id) VALUES (286,61);
INSERT INTO `serials_writers` (serial_id,writer_id) VALUES (287,88);
INSERT INTO `serials_writers` (serial_id,writer_id) VALUES (288,95);
INSERT INTO `serials_writers` (serial_id,writer_id) VALUES (289,95);
INSERT INTO `serials_writers` (serial_id,writer_id) VALUES (290,95);
INSERT INTO `serials_writers` (serial_id,writer_id) VALUES (291,95);
INSERT INTO `serials_writers` (serial_id,writer_id) VALUES (292,66);
INSERT INTO `serials_writers` (serial_id,writer_id) VALUES (293,66);
INSERT INTO `serials_writers` (serial_id,writer_id) VALUES (294,95);
INSERT INTO `serials_writers` (serial_id,writer_id) VALUES (295,31);
INSERT INTO `serials_writers` (serial_id,writer_id) VALUES (296,88);
INSERT INTO `serials_writers` (serial_id,writer_id) VALUES (297,104);
INSERT INTO `serials_writers` (serial_id,writer_id) VALUES (298,46);
INSERT INTO `serials_writers` (serial_id,writer_id) VALUES (299,95);
INSERT INTO `serials_writers` (serial_id,writer_id) VALUES (300,95);
INSERT INTO `serials_writers` (serial_id,writer_id) VALUES (300,74);
INSERT INTO `serials_writers` (serial_id,writer_id) VALUES (301,99);
INSERT INTO `serials_writers` (serial_id,writer_id) VALUES (302,61);
INSERT INTO `serials_writers` (serial_id,writer_id) VALUES (303,86);
INSERT INTO `serials_writers` (serial_id,writer_id) VALUES (304,95);
INSERT INTO `serials_writers` (serial_id,writer_id) VALUES (305,95);
INSERT INTO `serials_writers` (serial_id,writer_id) VALUES (306,95);
INSERT INTO `serials_writers` (serial_id,writer_id) VALUES (307,14);
INSERT INTO `serials_writers` (serial_id,writer_id) VALUES (308,14);
INSERT INTO `serials_writers` (serial_id,writer_id) VALUES (309,14);
INSERT INTO `serials_writers` (serial_id,writer_id) VALUES (309,105);
INSERT INTO `serials_writers` (serial_id,writer_id) VALUES (310,14);
INSERT INTO `serials_writers` (serial_id,writer_id) VALUES (311,14);
INSERT INTO `serials_writers` (serial_id,writer_id) VALUES (312,106);
INSERT INTO `serials_writers` (serial_id,writer_id) VALUES (313,107);
INSERT INTO `serials_writers` (serial_id,writer_id) VALUES (314,108);
INSERT INTO `serials_writers` (serial_id,writer_id) VALUES (315,109);
INSERT INTO `serials_writers` (serial_id,writer_id) VALUES (316,14);
INSERT INTO `serials_writers` (serial_id,writer_id) VALUES (317,14);
CREATE TABLE IF NOT EXISTS `serials_doctors` (
	`serial_id`	int ( 11 ) NOT NULL,
	`doctor_id`	int ( 11 ) NOT NULL,
	FOREIGN KEY(`serial_id`) REFERENCES `serials`(`id`) ON DELETE RESTRICT ON UPDATE RESTRICT,
	PRIMARY KEY(`serial_id`,`doctor_id`),
	FOREIGN KEY(`doctor_id`) REFERENCES `doctors`(`id`) ON DELETE RESTRICT ON UPDATE RESTRICT
);
INSERT INTO `serials_doctors` (serial_id,doctor_id) VALUES (1,1);
INSERT INTO `serials_doctors` (serial_id,doctor_id) VALUES (2,1);
INSERT INTO `serials_doctors` (serial_id,doctor_id) VALUES (3,1);
INSERT INTO `serials_doctors` (serial_id,doctor_id) VALUES (4,1);
INSERT INTO `serials_doctors` (serial_id,doctor_id) VALUES (5,1);
INSERT INTO `serials_doctors` (serial_id,doctor_id) VALUES (6,1);
INSERT INTO `serials_doctors` (serial_id,doctor_id) VALUES (7,1);
INSERT INTO `serials_doctors` (serial_id,doctor_id) VALUES (8,1);
INSERT INTO `serials_doctors` (serial_id,doctor_id) VALUES (9,1);
INSERT INTO `serials_doctors` (serial_id,doctor_id) VALUES (10,1);
INSERT INTO `serials_doctors` (serial_id,doctor_id) VALUES (11,1);
INSERT INTO `serials_doctors` (serial_id,doctor_id) VALUES (12,1);
INSERT INTO `serials_doctors` (serial_id,doctor_id) VALUES (13,1);
INSERT INTO `serials_doctors` (serial_id,doctor_id) VALUES (14,1);
INSERT INTO `serials_doctors` (serial_id,doctor_id) VALUES (15,1);
INSERT INTO `serials_doctors` (serial_id,doctor_id) VALUES (16,1);
INSERT INTO `serials_doctors` (serial_id,doctor_id) VALUES (17,1);
INSERT INTO `serials_doctors` (serial_id,doctor_id) VALUES (18,1);
INSERT INTO `serials_doctors` (serial_id,doctor_id) VALUES (19,1);
INSERT INTO `serials_doctors` (serial_id,doctor_id) VALUES (20,1);
INSERT INTO `serials_doctors` (serial_id,doctor_id) VALUES (21,1);
INSERT INTO `serials_doctors` (serial_id,doctor_id) VALUES (22,1);
INSERT INTO `serials_doctors` (serial_id,doctor_id) VALUES (23,1);
INSERT INTO `serials_doctors` (serial_id,doctor_id) VALUES (24,1);
INSERT INTO `serials_doctors` (serial_id,doctor_id) VALUES (25,1);
INSERT INTO `serials_doctors` (serial_id,doctor_id) VALUES (26,1);
INSERT INTO `serials_doctors` (serial_id,doctor_id) VALUES (27,1);
INSERT INTO `serials_doctors` (serial_id,doctor_id) VALUES (28,1);
INSERT INTO `serials_doctors` (serial_id,doctor_id) VALUES (29,1);
INSERT INTO `serials_doctors` (serial_id,doctor_id) VALUES (30,2);
INSERT INTO `serials_doctors` (serial_id,doctor_id) VALUES (31,2);
INSERT INTO `serials_doctors` (serial_id,doctor_id) VALUES (32,2);
INSERT INTO `serials_doctors` (serial_id,doctor_id) VALUES (33,2);
INSERT INTO `serials_doctors` (serial_id,doctor_id) VALUES (34,2);
INSERT INTO `serials_doctors` (serial_id,doctor_id) VALUES (35,2);
INSERT INTO `serials_doctors` (serial_id,doctor_id) VALUES (36,2);
INSERT INTO `serials_doctors` (serial_id,doctor_id) VALUES (37,2);
INSERT INTO `serials_doctors` (serial_id,doctor_id) VALUES (38,2);
INSERT INTO `serials_doctors` (serial_id,doctor_id) VALUES (39,2);
INSERT INTO `serials_doctors` (serial_id,doctor_id) VALUES (40,2);
INSERT INTO `serials_doctors` (serial_id,doctor_id) VALUES (41,2);
INSERT INTO `serials_doctors` (serial_id,doctor_id) VALUES (42,2);
INSERT INTO `serials_doctors` (serial_id,doctor_id) VALUES (43,2);
INSERT INTO `serials_doctors` (serial_id,doctor_id) VALUES (44,2);
INSERT INTO `serials_doctors` (serial_id,doctor_id) VALUES (45,2);
INSERT INTO `serials_doctors` (serial_id,doctor_id) VALUES (46,2);
INSERT INTO `serials_doctors` (serial_id,doctor_id) VALUES (47,2);
INSERT INTO `serials_doctors` (serial_id,doctor_id) VALUES (48,2);
INSERT INTO `serials_doctors` (serial_id,doctor_id) VALUES (49,2);
INSERT INTO `serials_doctors` (serial_id,doctor_id) VALUES (50,2);
INSERT INTO `serials_doctors` (serial_id,doctor_id) VALUES (51,3);
INSERT INTO `serials_doctors` (serial_id,doctor_id) VALUES (52,3);
INSERT INTO `serials_doctors` (serial_id,doctor_id) VALUES (53,3);
INSERT INTO `serials_doctors` (serial_id,doctor_id) VALUES (54,3);
INSERT INTO `serials_doctors` (serial_id,doctor_id) VALUES (55,3);
INSERT INTO `serials_doctors` (serial_id,doctor_id) VALUES (56,3);
INSERT INTO `serials_doctors` (serial_id,doctor_id) VALUES (57,3);
INSERT INTO `serials_doctors` (serial_id,doctor_id) VALUES (58,3);
INSERT INTO `serials_doctors` (serial_id,doctor_id) VALUES (59,3);
INSERT INTO `serials_doctors` (serial_id,doctor_id) VALUES (60,3);
INSERT INTO `serials_doctors` (serial_id,doctor_id) VALUES (61,3);
INSERT INTO `serials_doctors` (serial_id,doctor_id) VALUES (62,3);
INSERT INTO `serials_doctors` (serial_id,doctor_id) VALUES (63,3);
INSERT INTO `serials_doctors` (serial_id,doctor_id) VALUES (64,3);
INSERT INTO `serials_doctors` (serial_id,doctor_id) VALUES (65,1);
INSERT INTO `serials_doctors` (serial_id,doctor_id) VALUES (65,2);
INSERT INTO `serials_doctors` (serial_id,doctor_id) VALUES (65,3);
INSERT INTO `serials_doctors` (serial_id,doctor_id) VALUES (66,3);
INSERT INTO `serials_doctors` (serial_id,doctor_id) VALUES (67,3);
INSERT INTO `serials_doctors` (serial_id,doctor_id) VALUES (68,3);
INSERT INTO `serials_doctors` (serial_id,doctor_id) VALUES (69,3);
INSERT INTO `serials_doctors` (serial_id,doctor_id) VALUES (70,3);
INSERT INTO `serials_doctors` (serial_id,doctor_id) VALUES (71,3);
INSERT INTO `serials_doctors` (serial_id,doctor_id) VALUES (72,3);
INSERT INTO `serials_doctors` (serial_id,doctor_id) VALUES (73,3);
INSERT INTO `serials_doctors` (serial_id,doctor_id) VALUES (74,3);
INSERT INTO `serials_doctors` (serial_id,doctor_id) VALUES (75,4);
INSERT INTO `serials_doctors` (serial_id,doctor_id) VALUES (76,4);
INSERT INTO `serials_doctors` (serial_id,doctor_id) VALUES (77,4);
INSERT INTO `serials_doctors` (serial_id,doctor_id) VALUES (78,4);
INSERT INTO `serials_doctors` (serial_id,doctor_id) VALUES (79,4);
INSERT INTO `serials_doctors` (serial_id,doctor_id) VALUES (80,4);
INSERT INTO `serials_doctors` (serial_id,doctor_id) VALUES (81,4);
INSERT INTO `serials_doctors` (serial_id,doctor_id) VALUES (82,4);
INSERT INTO `serials_doctors` (serial_id,doctor_id) VALUES (83,4);
INSERT INTO `serials_doctors` (serial_id,doctor_id) VALUES (84,4);
INSERT INTO `serials_doctors` (serial_id,doctor_id) VALUES (85,4);
INSERT INTO `serials_doctors` (serial_id,doctor_id) VALUES (86,4);
INSERT INTO `serials_doctors` (serial_id,doctor_id) VALUES (87,4);
INSERT INTO `serials_doctors` (serial_id,doctor_id) VALUES (88,4);
INSERT INTO `serials_doctors` (serial_id,doctor_id) VALUES (89,4);
INSERT INTO `serials_doctors` (serial_id,doctor_id) VALUES (90,4);
INSERT INTO `serials_doctors` (serial_id,doctor_id) VALUES (91,4);
INSERT INTO `serials_doctors` (serial_id,doctor_id) VALUES (92,4);
INSERT INTO `serials_doctors` (serial_id,doctor_id) VALUES (93,4);
INSERT INTO `serials_doctors` (serial_id,doctor_id) VALUES (94,4);
INSERT INTO `serials_doctors` (serial_id,doctor_id) VALUES (95,4);
INSERT INTO `serials_doctors` (serial_id,doctor_id) VALUES (96,4);
INSERT INTO `serials_doctors` (serial_id,doctor_id) VALUES (97,4);
INSERT INTO `serials_doctors` (serial_id,doctor_id) VALUES (98,4);
INSERT INTO `serials_doctors` (serial_id,doctor_id) VALUES (99,4);
INSERT INTO `serials_doctors` (serial_id,doctor_id) VALUES (100,4);
INSERT INTO `serials_doctors` (serial_id,doctor_id) VALUES (101,4);
INSERT INTO `serials_doctors` (serial_id,doctor_id) VALUES (102,4);
INSERT INTO `serials_doctors` (serial_id,doctor_id) VALUES (103,4);
INSERT INTO `serials_doctors` (serial_id,doctor_id) VALUES (104,4);
INSERT INTO `serials_doctors` (serial_id,doctor_id) VALUES (105,4);
INSERT INTO `serials_doctors` (serial_id,doctor_id) VALUES (106,4);
INSERT INTO `serials_doctors` (serial_id,doctor_id) VALUES (107,4);
INSERT INTO `serials_doctors` (serial_id,doctor_id) VALUES (108,4);
INSERT INTO `serials_doctors` (serial_id,doctor_id) VALUES (109,4);
INSERT INTO `serials_doctors` (serial_id,doctor_id) VALUES (110,4);
INSERT INTO `serials_doctors` (serial_id,doctor_id) VALUES (111,4);
INSERT INTO `serials_doctors` (serial_id,doctor_id) VALUES (112,4);
INSERT INTO `serials_doctors` (serial_id,doctor_id) VALUES (113,4);
INSERT INTO `serials_doctors` (serial_id,doctor_id) VALUES (114,4);
INSERT INTO `serials_doctors` (serial_id,doctor_id) VALUES (115,4);
INSERT INTO `serials_doctors` (serial_id,doctor_id) VALUES (116,4);
INSERT INTO `serials_doctors` (serial_id,doctor_id) VALUES (117,5);
INSERT INTO `serials_doctors` (serial_id,doctor_id) VALUES (118,5);
INSERT INTO `serials_doctors` (serial_id,doctor_id) VALUES (119,5);
INSERT INTO `serials_doctors` (serial_id,doctor_id) VALUES (120,5);
INSERT INTO `serials_doctors` (serial_id,doctor_id) VALUES (121,5);
INSERT INTO `serials_doctors` (serial_id,doctor_id) VALUES (122,5);
INSERT INTO `serials_doctors` (serial_id,doctor_id) VALUES (123,5);
INSERT INTO `serials_doctors` (serial_id,doctor_id) VALUES (124,5);
INSERT INTO `serials_doctors` (serial_id,doctor_id) VALUES (125,5);
INSERT INTO `serials_doctors` (serial_id,doctor_id) VALUES (126,5);
INSERT INTO `serials_doctors` (serial_id,doctor_id) VALUES (127,5);
INSERT INTO `serials_doctors` (serial_id,doctor_id) VALUES (128,5);
INSERT INTO `serials_doctors` (serial_id,doctor_id) VALUES (129,5);
INSERT INTO `serials_doctors` (serial_id,doctor_id) VALUES (130,1);
INSERT INTO `serials_doctors` (serial_id,doctor_id) VALUES (130,2);
INSERT INTO `serials_doctors` (serial_id,doctor_id) VALUES (130,3);
INSERT INTO `serials_doctors` (serial_id,doctor_id) VALUES (130,4);
INSERT INTO `serials_doctors` (serial_id,doctor_id) VALUES (130,5);
INSERT INTO `serials_doctors` (serial_id,doctor_id) VALUES (131,5);
INSERT INTO `serials_doctors` (serial_id,doctor_id) VALUES (132,5);
INSERT INTO `serials_doctors` (serial_id,doctor_id) VALUES (133,5);
INSERT INTO `serials_doctors` (serial_id,doctor_id) VALUES (134,5);
INSERT INTO `serials_doctors` (serial_id,doctor_id) VALUES (135,5);
INSERT INTO `serials_doctors` (serial_id,doctor_id) VALUES (136,5);
INSERT INTO `serials_doctors` (serial_id,doctor_id) VALUES (137,6);
INSERT INTO `serials_doctors` (serial_id,doctor_id) VALUES (138,6);
INSERT INTO `serials_doctors` (serial_id,doctor_id) VALUES (139,6);
INSERT INTO `serials_doctors` (serial_id,doctor_id) VALUES (140,6);
INSERT INTO `serials_doctors` (serial_id,doctor_id) VALUES (141,2);
INSERT INTO `serials_doctors` (serial_id,doctor_id) VALUES (141,6);
INSERT INTO `serials_doctors` (serial_id,doctor_id) VALUES (142,6);
INSERT INTO `serials_doctors` (serial_id,doctor_id) VALUES (143,6);
INSERT INTO `serials_doctors` (serial_id,doctor_id) VALUES (144,6);
INSERT INTO `serials_doctors` (serial_id,doctor_id) VALUES (145,6);
INSERT INTO `serials_doctors` (serial_id,doctor_id) VALUES (146,6);
INSERT INTO `serials_doctors` (serial_id,doctor_id) VALUES (147,6);
INSERT INTO `serials_doctors` (serial_id,doctor_id) VALUES (148,7);
INSERT INTO `serials_doctors` (serial_id,doctor_id) VALUES (149,7);
INSERT INTO `serials_doctors` (serial_id,doctor_id) VALUES (150,7);
INSERT INTO `serials_doctors` (serial_id,doctor_id) VALUES (151,7);
INSERT INTO `serials_doctors` (serial_id,doctor_id) VALUES (152,7);
INSERT INTO `serials_doctors` (serial_id,doctor_id) VALUES (153,7);
INSERT INTO `serials_doctors` (serial_id,doctor_id) VALUES (154,7);
INSERT INTO `serials_doctors` (serial_id,doctor_id) VALUES (155,7);
INSERT INTO `serials_doctors` (serial_id,doctor_id) VALUES (156,7);
INSERT INTO `serials_doctors` (serial_id,doctor_id) VALUES (157,7);
INSERT INTO `serials_doctors` (serial_id,doctor_id) VALUES (158,7);
INSERT INTO `serials_doctors` (serial_id,doctor_id) VALUES (159,7);
INSERT INTO `serials_doctors` (serial_id,doctor_id) VALUES (160,8);
INSERT INTO `serials_doctors` (serial_id,doctor_id) VALUES (161,10);
INSERT INTO `serials_doctors` (serial_id,doctor_id) VALUES (162,10);
INSERT INTO `serials_doctors` (serial_id,doctor_id) VALUES (163,10);
INSERT INTO `serials_doctors` (serial_id,doctor_id) VALUES (164,10);
INSERT INTO `serials_doctors` (serial_id,doctor_id) VALUES (165,10);
INSERT INTO `serials_doctors` (serial_id,doctor_id) VALUES (166,10);
INSERT INTO `serials_doctors` (serial_id,doctor_id) VALUES (167,10);
INSERT INTO `serials_doctors` (serial_id,doctor_id) VALUES (168,10);
INSERT INTO `serials_doctors` (serial_id,doctor_id) VALUES (169,10);
INSERT INTO `serials_doctors` (serial_id,doctor_id) VALUES (170,10);
INSERT INTO `serials_doctors` (serial_id,doctor_id) VALUES (171,10);
INSERT INTO `serials_doctors` (serial_id,doctor_id) VALUES (172,10);
INSERT INTO `serials_doctors` (serial_id,doctor_id) VALUES (173,10);
INSERT INTO `serials_doctors` (serial_id,doctor_id) VALUES (174,11);
INSERT INTO `serials_doctors` (serial_id,doctor_id) VALUES (175,11);
INSERT INTO `serials_doctors` (serial_id,doctor_id) VALUES (176,11);
INSERT INTO `serials_doctors` (serial_id,doctor_id) VALUES (177,11);
INSERT INTO `serials_doctors` (serial_id,doctor_id) VALUES (178,11);
INSERT INTO `serials_doctors` (serial_id,doctor_id) VALUES (179,11);
INSERT INTO `serials_doctors` (serial_id,doctor_id) VALUES (180,11);
INSERT INTO `serials_doctors` (serial_id,doctor_id) VALUES (181,11);
INSERT INTO `serials_doctors` (serial_id,doctor_id) VALUES (182,11);
INSERT INTO `serials_doctors` (serial_id,doctor_id) VALUES (183,11);
INSERT INTO `serials_doctors` (serial_id,doctor_id) VALUES (184,11);
INSERT INTO `serials_doctors` (serial_id,doctor_id) VALUES (185,11);
INSERT INTO `serials_doctors` (serial_id,doctor_id) VALUES (186,11);
INSERT INTO `serials_doctors` (serial_id,doctor_id) VALUES (187,11);
INSERT INTO `serials_doctors` (serial_id,doctor_id) VALUES (188,11);
INSERT INTO `serials_doctors` (serial_id,doctor_id) VALUES (189,11);
INSERT INTO `serials_doctors` (serial_id,doctor_id) VALUES (190,11);
INSERT INTO `serials_doctors` (serial_id,doctor_id) VALUES (191,11);
INSERT INTO `serials_doctors` (serial_id,doctor_id) VALUES (192,11);
INSERT INTO `serials_doctors` (serial_id,doctor_id) VALUES (193,11);
INSERT INTO `serials_doctors` (serial_id,doctor_id) VALUES (194,11);
INSERT INTO `serials_doctors` (serial_id,doctor_id) VALUES (195,11);
INSERT INTO `serials_doctors` (serial_id,doctor_id) VALUES (196,11);
INSERT INTO `serials_doctors` (serial_id,doctor_id) VALUES (197,11);
INSERT INTO `serials_doctors` (serial_id,doctor_id) VALUES (198,11);
INSERT INTO `serials_doctors` (serial_id,doctor_id) VALUES (199,11);
INSERT INTO `serials_doctors` (serial_id,doctor_id) VALUES (200,11);
INSERT INTO `serials_doctors` (serial_id,doctor_id) VALUES (201,11);
INSERT INTO `serials_doctors` (serial_id,doctor_id) VALUES (202,11);
INSERT INTO `serials_doctors` (serial_id,doctor_id) VALUES (203,11);
INSERT INTO `serials_doctors` (serial_id,doctor_id) VALUES (204,11);
INSERT INTO `serials_doctors` (serial_id,doctor_id) VALUES (205,11);
INSERT INTO `serials_doctors` (serial_id,doctor_id) VALUES (206,11);
INSERT INTO `serials_doctors` (serial_id,doctor_id) VALUES (207,11);
INSERT INTO `serials_doctors` (serial_id,doctor_id) VALUES (208,11);
INSERT INTO `serials_doctors` (serial_id,doctor_id) VALUES (209,11);
INSERT INTO `serials_doctors` (serial_id,doctor_id) VALUES (210,11);
INSERT INTO `serials_doctors` (serial_id,doctor_id) VALUES (211,11);
INSERT INTO `serials_doctors` (serial_id,doctor_id) VALUES (212,11);
INSERT INTO `serials_doctors` (serial_id,doctor_id) VALUES (213,11);
INSERT INTO `serials_doctors` (serial_id,doctor_id) VALUES (214,11);
INSERT INTO `serials_doctors` (serial_id,doctor_id) VALUES (215,11);
INSERT INTO `serials_doctors` (serial_id,doctor_id) VALUES (216,11);
INSERT INTO `serials_doctors` (serial_id,doctor_id) VALUES (217,11);
INSERT INTO `serials_doctors` (serial_id,doctor_id) VALUES (218,11);
INSERT INTO `serials_doctors` (serial_id,doctor_id) VALUES (219,11);
INSERT INTO `serials_doctors` (serial_id,doctor_id) VALUES (220,11);
INSERT INTO `serials_doctors` (serial_id,doctor_id) VALUES (221,12);
INSERT INTO `serials_doctors` (serial_id,doctor_id) VALUES (222,12);
INSERT INTO `serials_doctors` (serial_id,doctor_id) VALUES (223,12);
INSERT INTO `serials_doctors` (serial_id,doctor_id) VALUES (224,12);
INSERT INTO `serials_doctors` (serial_id,doctor_id) VALUES (225,12);
INSERT INTO `serials_doctors` (serial_id,doctor_id) VALUES (226,12);
INSERT INTO `serials_doctors` (serial_id,doctor_id) VALUES (227,12);
INSERT INTO `serials_doctors` (serial_id,doctor_id) VALUES (228,12);
INSERT INTO `serials_doctors` (serial_id,doctor_id) VALUES (229,12);
INSERT INTO `serials_doctors` (serial_id,doctor_id) VALUES (230,12);
INSERT INTO `serials_doctors` (serial_id,doctor_id) VALUES (231,12);
INSERT INTO `serials_doctors` (serial_id,doctor_id) VALUES (232,12);
INSERT INTO `serials_doctors` (serial_id,doctor_id) VALUES (233,12);
INSERT INTO `serials_doctors` (serial_id,doctor_id) VALUES (234,12);
INSERT INTO `serials_doctors` (serial_id,doctor_id) VALUES (235,12);
INSERT INTO `serials_doctors` (serial_id,doctor_id) VALUES (236,12);
INSERT INTO `serials_doctors` (serial_id,doctor_id) VALUES (237,12);
INSERT INTO `serials_doctors` (serial_id,doctor_id) VALUES (238,12);
INSERT INTO `serials_doctors` (serial_id,doctor_id) VALUES (239,12);
INSERT INTO `serials_doctors` (serial_id,doctor_id) VALUES (240,12);
INSERT INTO `serials_doctors` (serial_id,doctor_id) VALUES (241,12);
INSERT INTO `serials_doctors` (serial_id,doctor_id) VALUES (242,12);
INSERT INTO `serials_doctors` (serial_id,doctor_id) VALUES (243,12);
INSERT INTO `serials_doctors` (serial_id,doctor_id) VALUES (244,12);
INSERT INTO `serials_doctors` (serial_id,doctor_id) VALUES (245,12);
INSERT INTO `serials_doctors` (serial_id,doctor_id) VALUES (246,12);
INSERT INTO `serials_doctors` (serial_id,doctor_id) VALUES (247,12);
INSERT INTO `serials_doctors` (serial_id,doctor_id) VALUES (248,12);
INSERT INTO `serials_doctors` (serial_id,doctor_id) VALUES (249,12);
INSERT INTO `serials_doctors` (serial_id,doctor_id) VALUES (250,12);
INSERT INTO `serials_doctors` (serial_id,doctor_id) VALUES (251,12);
INSERT INTO `serials_doctors` (serial_id,doctor_id) VALUES (252,12);
INSERT INTO `serials_doctors` (serial_id,doctor_id) VALUES (253,12);
INSERT INTO `serials_doctors` (serial_id,doctor_id) VALUES (254,12);
INSERT INTO `serials_doctors` (serial_id,doctor_id) VALUES (255,12);
INSERT INTO `serials_doctors` (serial_id,doctor_id) VALUES (256,12);
INSERT INTO `serials_doctors` (serial_id,doctor_id) VALUES (257,12);
INSERT INTO `serials_doctors` (serial_id,doctor_id) VALUES (258,12);
INSERT INTO `serials_doctors` (serial_id,doctor_id) VALUES (259,12);
INSERT INTO `serials_doctors` (serial_id,doctor_id) VALUES (260,12);
INSERT INTO `serials_doctors` (serial_id,doctor_id) VALUES (261,12);
INSERT INTO `serials_doctors` (serial_id,doctor_id) VALUES (262,12);
INSERT INTO `serials_doctors` (serial_id,doctor_id) VALUES (263,9);
INSERT INTO `serials_doctors` (serial_id,doctor_id) VALUES (263,11);
INSERT INTO `serials_doctors` (serial_id,doctor_id) VALUES (263,12);
INSERT INTO `serials_doctors` (serial_id,doctor_id) VALUES (264,12);
INSERT INTO `serials_doctors` (serial_id,doctor_id) VALUES (265,13);
INSERT INTO `serials_doctors` (serial_id,doctor_id) VALUES (266,13);
INSERT INTO `serials_doctors` (serial_id,doctor_id) VALUES (267,13);
INSERT INTO `serials_doctors` (serial_id,doctor_id) VALUES (268,13);
INSERT INTO `serials_doctors` (serial_id,doctor_id) VALUES (269,13);
INSERT INTO `serials_doctors` (serial_id,doctor_id) VALUES (270,13);
INSERT INTO `serials_doctors` (serial_id,doctor_id) VALUES (271,13);
INSERT INTO `serials_doctors` (serial_id,doctor_id) VALUES (272,13);
INSERT INTO `serials_doctors` (serial_id,doctor_id) VALUES (273,13);
INSERT INTO `serials_doctors` (serial_id,doctor_id) VALUES (274,13);
INSERT INTO `serials_doctors` (serial_id,doctor_id) VALUES (275,13);
INSERT INTO `serials_doctors` (serial_id,doctor_id) VALUES (276,13);
INSERT INTO `serials_doctors` (serial_id,doctor_id) VALUES (277,13);
INSERT INTO `serials_doctors` (serial_id,doctor_id) VALUES (278,13);
INSERT INTO `serials_doctors` (serial_id,doctor_id) VALUES (279,13);
INSERT INTO `serials_doctors` (serial_id,doctor_id) VALUES (280,13);
INSERT INTO `serials_doctors` (serial_id,doctor_id) VALUES (281,13);
INSERT INTO `serials_doctors` (serial_id,doctor_id) VALUES (282,13);
INSERT INTO `serials_doctors` (serial_id,doctor_id) VALUES (283,13);
INSERT INTO `serials_doctors` (serial_id,doctor_id) VALUES (284,13);
INSERT INTO `serials_doctors` (serial_id,doctor_id) VALUES (285,13);
INSERT INTO `serials_doctors` (serial_id,doctor_id) VALUES (286,13);
INSERT INTO `serials_doctors` (serial_id,doctor_id) VALUES (287,13);
INSERT INTO `serials_doctors` (serial_id,doctor_id) VALUES (288,13);
INSERT INTO `serials_doctors` (serial_id,doctor_id) VALUES (289,13);
INSERT INTO `serials_doctors` (serial_id,doctor_id) VALUES (290,13);
INSERT INTO `serials_doctors` (serial_id,doctor_id) VALUES (291,13);
INSERT INTO `serials_doctors` (serial_id,doctor_id) VALUES (292,14);
INSERT INTO `serials_doctors` (serial_id,doctor_id) VALUES (293,14);
INSERT INTO `serials_doctors` (serial_id,doctor_id) VALUES (294,13);
INSERT INTO `serials_doctors` (serial_id,doctor_id) VALUES (295,13);
INSERT INTO `serials_doctors` (serial_id,doctor_id) VALUES (296,13);
INSERT INTO `serials_doctors` (serial_id,doctor_id) VALUES (297,13);
INSERT INTO `serials_doctors` (serial_id,doctor_id) VALUES (298,13);
INSERT INTO `serials_doctors` (serial_id,doctor_id) VALUES (299,13);
INSERT INTO `serials_doctors` (serial_id,doctor_id) VALUES (300,13);
INSERT INTO `serials_doctors` (serial_id,doctor_id) VALUES (301,13);
INSERT INTO `serials_doctors` (serial_id,doctor_id) VALUES (302,13);
INSERT INTO `serials_doctors` (serial_id,doctor_id) VALUES (303,13);
INSERT INTO `serials_doctors` (serial_id,doctor_id) VALUES (304,13);
INSERT INTO `serials_doctors` (serial_id,doctor_id) VALUES (305,13);
INSERT INTO `serials_doctors` (serial_id,doctor_id) VALUES (306,1);
INSERT INTO `serials_doctors` (serial_id,doctor_id) VALUES (306,13);
INSERT INTO `serials_doctors` (serial_id,doctor_id) VALUES (307,15);
INSERT INTO `serials_doctors` (serial_id,doctor_id) VALUES (308,15);
INSERT INTO `serials_doctors` (serial_id,doctor_id) VALUES (309,15);
INSERT INTO `serials_doctors` (serial_id,doctor_id) VALUES (310,15);
INSERT INTO `serials_doctors` (serial_id,doctor_id) VALUES (311,15);
INSERT INTO `serials_doctors` (serial_id,doctor_id) VALUES (312,15);
INSERT INTO `serials_doctors` (serial_id,doctor_id) VALUES (313,15);
INSERT INTO `serials_doctors` (serial_id,doctor_id) VALUES (314,15);
INSERT INTO `serials_doctors` (serial_id,doctor_id) VALUES (315,15);
INSERT INTO `serials_doctors` (serial_id,doctor_id) VALUES (316,15);
INSERT INTO `serials_doctors` (serial_id,doctor_id) VALUES (317,15);
CREATE TABLE IF NOT EXISTS `serials_directors` (
	`serial_id`	int ( 11 ) NOT NULL,
	`director_id`	int ( 11 ) NOT NULL,
	PRIMARY KEY(`serial_id`,`director_id`),
	FOREIGN KEY(`serial_id`) REFERENCES `serials`(`id`) ON DELETE RESTRICT ON UPDATE RESTRICT,
	FOREIGN KEY(`director_id`) REFERENCES `directors`(`id`) ON DELETE RESTRICT ON UPDATE RESTRICT
);
INSERT INTO `serials_directors` (serial_id,director_id) VALUES (1,103);
INSERT INTO `serials_directors` (serial_id,director_id) VALUES (2,89);
INSERT INTO `serials_directors` (serial_id,director_id) VALUES (2,16);
INSERT INTO `serials_directors` (serial_id,director_id) VALUES (3,89);
INSERT INTO `serials_directors` (serial_id,director_id) VALUES (3,32);
INSERT INTO `serials_directors` (serial_id,director_id) VALUES (4,103);
INSERT INTO `serials_directors` (serial_id,director_id) VALUES (4,48);
INSERT INTO `serials_directors` (serial_id,director_id) VALUES (5,50);
INSERT INTO `serials_directors` (serial_id,director_id) VALUES (6,48);
INSERT INTO `serials_directors` (serial_id,director_id) VALUES (7,64);
INSERT INTO `serials_directors` (serial_id,director_id) VALUES (7,32);
INSERT INTO `serials_directors` (serial_id,director_id) VALUES (8,39);
INSERT INTO `serials_directors` (serial_id,director_id) VALUES (8,50);
INSERT INTO `serials_directors` (serial_id,director_id) VALUES (9,64);
INSERT INTO `serials_directors` (serial_id,director_id) VALUES (9,26);
INSERT INTO `serials_directors` (serial_id,director_id) VALUES (10,89);
INSERT INTO `serials_directors` (serial_id,director_id) VALUES (11,16);
INSERT INTO `serials_directors` (serial_id,director_id) VALUES (12,16);
INSERT INTO `serials_directors` (serial_id,director_id) VALUES (13,89);
INSERT INTO `serials_directors` (serial_id,director_id) VALUES (14,26);
INSERT INTO `serials_directors` (serial_id,director_id) VALUES (15,64);
INSERT INTO `serials_directors` (serial_id,director_id) VALUES (16,89);
INSERT INTO `serials_directors` (serial_id,director_id) VALUES (16,26);
INSERT INTO `serials_directors` (serial_id,director_id) VALUES (17,26);
INSERT INTO `serials_directors` (serial_id,director_id) VALUES (18,24);
INSERT INTO `serials_directors` (serial_id,director_id) VALUES (18,64);
INSERT INTO `serials_directors` (serial_id,director_id) VALUES (19,24);
INSERT INTO `serials_directors` (serial_id,director_id) VALUES (20,71);
INSERT INTO `serials_directors` (serial_id,director_id) VALUES (21,26);
INSERT INTO `serials_directors` (serial_id,director_id) VALUES (22,77);
INSERT INTO `serials_directors` (serial_id,director_id) VALUES (23,69);
INSERT INTO `serials_directors` (serial_id,director_id) VALUES (24,11);
INSERT INTO `serials_directors` (serial_id,director_id) VALUES (25,87);
INSERT INTO `serials_directors` (serial_id,director_id) VALUES (26,16);
INSERT INTO `serials_directors` (serial_id,director_id) VALUES (27,66);
INSERT INTO `serials_directors` (serial_id,director_id) VALUES (28,52);
INSERT INTO `serials_directors` (serial_id,director_id) VALUES (29,24);
INSERT INTO `serials_directors` (serial_id,director_id) VALUES (30,16);
INSERT INTO `serials_directors` (serial_id,director_id) VALUES (31,41);
INSERT INTO `serials_directors` (serial_id,director_id) VALUES (32,52);
INSERT INTO `serials_directors` (serial_id,director_id) VALUES (33,73);
INSERT INTO `serials_directors` (serial_id,director_id) VALUES (34,49);
INSERT INTO `serials_directors` (serial_id,director_id) VALUES (35,36);
INSERT INTO `serials_directors` (serial_id,director_id) VALUES (36,24);
INSERT INTO `serials_directors` (serial_id,director_id) VALUES (37,73);
INSERT INTO `serials_directors` (serial_id,director_id) VALUES (38,35);
INSERT INTO `serials_directors` (serial_id,director_id) VALUES (39,24);
INSERT INTO `serials_directors` (serial_id,director_id) VALUES (40,9);
INSERT INTO `serials_directors` (serial_id,director_id) VALUES (41,26);
INSERT INTO `serials_directors` (serial_id,director_id) VALUES (42,41);
INSERT INTO `serials_directors` (serial_id,director_id) VALUES (43,102);
INSERT INTO `serials_directors` (serial_id,director_id) VALUES (44,73);
INSERT INTO `serials_directors` (serial_id,director_id) VALUES (45,23);
INSERT INTO `serials_directors` (serial_id,director_id) VALUES (46,26);
INSERT INTO `serials_directors` (serial_id,director_id) VALUES (47,23);
INSERT INTO `serials_directors` (serial_id,director_id) VALUES (48,66);
INSERT INTO `serials_directors` (serial_id,director_id) VALUES (49,67);
INSERT INTO `serials_directors` (serial_id,director_id) VALUES (50,23);
INSERT INTO `serials_directors` (serial_id,director_id) VALUES (51,24);
INSERT INTO `serials_directors` (serial_id,director_id) VALUES (52,99);
INSERT INTO `serials_directors` (serial_id,director_id) VALUES (53,66);
INSERT INTO `serials_directors` (serial_id,director_id) VALUES (54,26);
INSERT INTO `serials_directors` (serial_id,director_id) VALUES (54,9);
INSERT INTO `serials_directors` (serial_id,director_id) VALUES (55,9);
INSERT INTO `serials_directors` (serial_id,director_id) VALUES (56,99);
INSERT INTO `serials_directors` (serial_id,director_id) VALUES (57,66);
INSERT INTO `serials_directors` (serial_id,director_id) VALUES (58,65);
INSERT INTO `serials_directors` (serial_id,director_id) VALUES (59,16);
INSERT INTO `serials_directors` (serial_id,director_id) VALUES (60,78);
INSERT INTO `serials_directors` (serial_id,director_id) VALUES (61,58);
INSERT INTO `serials_directors` (serial_id,director_id) VALUES (62,65);
INSERT INTO `serials_directors` (serial_id,director_id) VALUES (63,16);
INSERT INTO `serials_directors` (serial_id,director_id) VALUES (64,78);
INSERT INTO `serials_directors` (serial_id,director_id) VALUES (65,58);
INSERT INTO `serials_directors` (serial_id,director_id) VALUES (66,9);
INSERT INTO `serials_directors` (serial_id,director_id) VALUES (67,78);
INSERT INTO `serials_directors` (serial_id,director_id) VALUES (68,23);
INSERT INTO `serials_directors` (serial_id,director_id) VALUES (69,65);
INSERT INTO `serials_directors` (serial_id,director_id) VALUES (70,2);
INSERT INTO `serials_directors` (serial_id,director_id) VALUES (71,77);
INSERT INTO `serials_directors` (serial_id,director_id) VALUES (72,65);
INSERT INTO `serials_directors` (serial_id,director_id) VALUES (73,58);
INSERT INTO `serials_directors` (serial_id,director_id) VALUES (74,9);
INSERT INTO `serials_directors` (serial_id,director_id) VALUES (75,16);
INSERT INTO `serials_directors` (serial_id,director_id) VALUES (76,91);
INSERT INTO `serials_directors` (serial_id,director_id) VALUES (77,91);
INSERT INTO `serials_directors` (serial_id,director_id) VALUES (78,23);
INSERT INTO `serials_directors` (serial_id,director_id) VALUES (79,65);
INSERT INTO `serials_directors` (serial_id,director_id) VALUES (80,26);
INSERT INTO `serials_directors` (serial_id,director_id) VALUES (81,23);
INSERT INTO `serials_directors` (serial_id,director_id) VALUES (82,77);
INSERT INTO `serials_directors` (serial_id,director_id) VALUES (83,9);
INSERT INTO `serials_directors` (serial_id,director_id) VALUES (84,16);
INSERT INTO `serials_directors` (serial_id,director_id) VALUES (85,26);
INSERT INTO `serials_directors` (serial_id,director_id) VALUES (86,91);
INSERT INTO `serials_directors` (serial_id,director_id) VALUES (87,58);
INSERT INTO `serials_directors` (serial_id,director_id) VALUES (88,23);
INSERT INTO `serials_directors` (serial_id,director_id) VALUES (89,82);
INSERT INTO `serials_directors` (serial_id,director_id) VALUES (90,65);
INSERT INTO `serials_directors` (serial_id,director_id) VALUES (91,23);
INSERT INTO `serials_directors` (serial_id,director_id) VALUES (92,77);
INSERT INTO `serials_directors` (serial_id,director_id) VALUES (93,25);
INSERT INTO `serials_directors` (serial_id,director_id) VALUES (94,34);
INSERT INTO `serials_directors` (serial_id,director_id) VALUES (95,82);
INSERT INTO `serials_directors` (serial_id,director_id) VALUES (96,76);
INSERT INTO `serials_directors` (serial_id,director_id) VALUES (97,35);
INSERT INTO `serials_directors` (serial_id,director_id) VALUES (98,34);
INSERT INTO `serials_directors` (serial_id,director_id) VALUES (99,82);
INSERT INTO `serials_directors` (serial_id,director_id) VALUES (100,22);
INSERT INTO `serials_directors` (serial_id,director_id) VALUES (101,68);
INSERT INTO `serials_directors` (serial_id,director_id) VALUES (102,76);
INSERT INTO `serials_directors` (serial_id,director_id) VALUES (103,68);
INSERT INTO `serials_directors` (serial_id,director_id) VALUES (104,56);
INSERT INTO `serials_directors` (serial_id,director_id) VALUES (105,68);
INSERT INTO `serials_directors` (serial_id,director_id) VALUES (106,16);
INSERT INTO `serials_directors` (serial_id,director_id) VALUES (107,2);
INSERT INTO `serials_directors` (serial_id,director_id) VALUES (108,57);
INSERT INTO `serials_directors` (serial_id,director_id) VALUES (109,82);
INSERT INTO `serials_directors` (serial_id,director_id) VALUES (110,59);
INSERT INTO `serials_directors` (serial_id,director_id) VALUES (111,98);
INSERT INTO `serials_directors` (serial_id,director_id) VALUES (112,83);
INSERT INTO `serials_directors` (serial_id,director_id) VALUES (113,85);
INSERT INTO `serials_directors` (serial_id,director_id) VALUES (114,79);
INSERT INTO `serials_directors` (serial_id,director_id) VALUES (114,38);
INSERT INTO `serials_directors` (serial_id,director_id) VALUES (115,47);
INSERT INTO `serials_directors` (serial_id,director_id) VALUES (116,83);
INSERT INTO `serials_directors` (serial_id,director_id) VALUES (117,31);
INSERT INTO `serials_directors` (serial_id,director_id) VALUES (118,47);
INSERT INTO `serials_directors` (serial_id,director_id) VALUES (119,83);
INSERT INTO `serials_directors` (serial_id,director_id) VALUES (120,85);
INSERT INTO `serials_directors` (serial_id,director_id) VALUES (121,92);
INSERT INTO `serials_directors` (serial_id,director_id) VALUES (122,83);
INSERT INTO `serials_directors` (serial_id,director_id) VALUES (123,92);
INSERT INTO `serials_directors` (serial_id,director_id) VALUES (124,92);
INSERT INTO `serials_directors` (serial_id,director_id) VALUES (125,31);
INSERT INTO `serials_directors` (serial_id,director_id) VALUES (126,85);
INSERT INTO `serials_directors` (serial_id,director_id) VALUES (127,61);
INSERT INTO `serials_directors` (serial_id,director_id) VALUES (128,31);
INSERT INTO `serials_directors` (serial_id,director_id) VALUES (129,101);
INSERT INTO `serials_directors` (serial_id,director_id) VALUES (130,85);
INSERT INTO `serials_directors` (serial_id,director_id) VALUES (131,82);
INSERT INTO `serials_directors` (serial_id,director_id) VALUES (132,72);
INSERT INTO `serials_directors` (serial_id,director_id) VALUES (133,92);
INSERT INTO `serials_directors` (serial_id,director_id) VALUES (134,63);
INSERT INTO `serials_directors` (serial_id,director_id) VALUES (135,31);
INSERT INTO `serials_directors` (serial_id,director_id) VALUES (136,38);
INSERT INTO `serials_directors` (serial_id,director_id) VALUES (137,85);
INSERT INTO `serials_directors` (serial_id,director_id) VALUES (138,63);
INSERT INTO `serials_directors` (serial_id,director_id) VALUES (139,92);
INSERT INTO `serials_directors` (serial_id,director_id) VALUES (140,93);
INSERT INTO `serials_directors` (serial_id,director_id) VALUES (141,85);
INSERT INTO `serials_directors` (serial_id,director_id) VALUES (142,82);
INSERT INTO `serials_directors` (serial_id,director_id) VALUES (143,38);
INSERT INTO `serials_directors` (serial_id,director_id) VALUES (144,74);
INSERT INTO `serials_directors` (serial_id,director_id) VALUES (145,92);
INSERT INTO `serials_directors` (serial_id,director_id) VALUES (146,15);
INSERT INTO `serials_directors` (serial_id,director_id) VALUES (147,15);
INSERT INTO `serials_directors` (serial_id,director_id) VALUES (148,6);
INSERT INTO `serials_directors` (serial_id,director_id) VALUES (149,74);
INSERT INTO `serials_directors` (serial_id,director_id) VALUES (150,15);
INSERT INTO `serials_directors` (serial_id,director_id) VALUES (151,15);
INSERT INTO `serials_directors` (serial_id,director_id) VALUES (152,6);
INSERT INTO `serials_directors` (serial_id,director_id) VALUES (153,15);
INSERT INTO `serials_directors` (serial_id,director_id) VALUES (154,15);
INSERT INTO `serials_directors` (serial_id,director_id) VALUES (155,3);
INSERT INTO `serials_directors` (serial_id,director_id) VALUES (156,70);
INSERT INTO `serials_directors` (serial_id,director_id) VALUES (157,3);
INSERT INTO `serials_directors` (serial_id,director_id) VALUES (158,74);
INSERT INTO `serials_directors` (serial_id,director_id) VALUES (159,3);
INSERT INTO `serials_directors` (serial_id,director_id) VALUES (160,33);
INSERT INTO `serials_directors` (serial_id,director_id) VALUES (161,55);
INSERT INTO `serials_directors` (serial_id,director_id) VALUES (162,29);
INSERT INTO `serials_directors` (serial_id,director_id) VALUES (163,29);
INSERT INTO `serials_directors` (serial_id,director_id) VALUES (164,55);
INSERT INTO `serials_directors` (serial_id,director_id) VALUES (165,55);
INSERT INTO `serials_directors` (serial_id,director_id) VALUES (166,46);
INSERT INTO `serials_directors` (serial_id,director_id) VALUES (167,12);
INSERT INTO `serials_directors` (serial_id,director_id) VALUES (168,46);
INSERT INTO `serials_directors` (serial_id,director_id) VALUES (169,42);
INSERT INTO `serials_directors` (serial_id,director_id) VALUES (170,42);
INSERT INTO `serials_directors` (serial_id,director_id) VALUES (171,46);
INSERT INTO `serials_directors` (serial_id,director_id) VALUES (172,46);
INSERT INTO `serials_directors` (serial_id,director_id) VALUES (173,46);
INSERT INTO `serials_directors` (serial_id,director_id) VALUES (174,42);
INSERT INTO `serials_directors` (serial_id,director_id) VALUES (175,42);
INSERT INTO `serials_directors` (serial_id,director_id) VALUES (176,29);
INSERT INTO `serials_directors` (serial_id,director_id) VALUES (177,42);
INSERT INTO `serials_directors` (serial_id,director_id) VALUES (178,29);
INSERT INTO `serials_directors` (serial_id,director_id) VALUES (179,38);
INSERT INTO `serials_directors` (serial_id,director_id) VALUES (180,38);
INSERT INTO `serials_directors` (serial_id,director_id) VALUES (181,29);
INSERT INTO `serials_directors` (serial_id,director_id) VALUES (182,43);
INSERT INTO `serials_directors` (serial_id,director_id) VALUES (183,43);
INSERT INTO `serials_directors` (serial_id,director_id) VALUES (184,19);
INSERT INTO `serials_directors` (serial_id,director_id) VALUES (185,29);
INSERT INTO `serials_directors` (serial_id,director_id) VALUES (186,38);
INSERT INTO `serials_directors` (serial_id,director_id) VALUES (187,38);
INSERT INTO `serials_directors` (serial_id,director_id) VALUES (188,29);
INSERT INTO `serials_directors` (serial_id,director_id) VALUES (189,14);
INSERT INTO `serials_directors` (serial_id,director_id) VALUES (190,14);
INSERT INTO `serials_directors` (serial_id,director_id) VALUES (191,88);
INSERT INTO `serials_directors` (serial_id,director_id) VALUES (192,43);
INSERT INTO `serials_directors` (serial_id,director_id) VALUES (193,43);
INSERT INTO `serials_directors` (serial_id,director_id) VALUES (194,88);
INSERT INTO `serials_directors` (serial_id,director_id) VALUES (195,38);
INSERT INTO `serials_directors` (serial_id,director_id) VALUES (196,14);
INSERT INTO `serials_directors` (serial_id,director_id) VALUES (197,14);
INSERT INTO `serials_directors` (serial_id,director_id) VALUES (198,40);
INSERT INTO `serials_directors` (serial_id,director_id) VALUES (199,38);
INSERT INTO `serials_directors` (serial_id,director_id) VALUES (200,17);
INSERT INTO `serials_directors` (serial_id,director_id) VALUES (201,17);
INSERT INTO `serials_directors` (serial_id,director_id) VALUES (202,43);
INSERT INTO `serials_directors` (serial_id,director_id) VALUES (203,43);
INSERT INTO `serials_directors` (serial_id,director_id) VALUES (204,17);
INSERT INTO `serials_directors` (serial_id,director_id) VALUES (205,38);
INSERT INTO `serials_directors` (serial_id,director_id) VALUES (206,27);
INSERT INTO `serials_directors` (serial_id,director_id) VALUES (207,27);
INSERT INTO `serials_directors` (serial_id,director_id) VALUES (208,4);
INSERT INTO `serials_directors` (serial_id,director_id) VALUES (209,38);
INSERT INTO `serials_directors` (serial_id,director_id) VALUES (210,29);
INSERT INTO `serials_directors` (serial_id,director_id) VALUES (211,29);
INSERT INTO `serials_directors` (serial_id,director_id) VALUES (212,4);
INSERT INTO `serials_directors` (serial_id,director_id) VALUES (213,38);
INSERT INTO `serials_directors` (serial_id,director_id) VALUES (214,38);
INSERT INTO `serials_directors` (serial_id,director_id) VALUES (215,38);
INSERT INTO `serials_directors` (serial_id,director_id) VALUES (216,7);
INSERT INTO `serials_directors` (serial_id,director_id) VALUES (217,43);
INSERT INTO `serials_directors` (serial_id,director_id) VALUES (218,38);
INSERT INTO `serials_directors` (serial_id,director_id) VALUES (219,29);
INSERT INTO `serials_directors` (serial_id,director_id) VALUES (220,29);
INSERT INTO `serials_directors` (serial_id,director_id) VALUES (221,1);
INSERT INTO `serials_directors` (serial_id,director_id) VALUES (222,5);
INSERT INTO `serials_directors` (serial_id,director_id) VALUES (223,5);
INSERT INTO `serials_directors` (serial_id,director_id) VALUES (224,1);
INSERT INTO `serials_directors` (serial_id,director_id) VALUES (225,1);
INSERT INTO `serials_directors` (serial_id,director_id) VALUES (226,51);
INSERT INTO `serials_directors` (serial_id,director_id) VALUES (227,13);
INSERT INTO `serials_directors` (serial_id,director_id) VALUES (228,8);
INSERT INTO `serials_directors` (serial_id,director_id) VALUES (229,8);
INSERT INTO `serials_directors` (serial_id,director_id) VALUES (230,51);
INSERT INTO `serials_directors` (serial_id,director_id) VALUES (231,13);
INSERT INTO `serials_directors` (serial_id,director_id) VALUES (232,100);
INSERT INTO `serials_directors` (serial_id,director_id) VALUES (233,100);
INSERT INTO `serials_directors` (serial_id,director_id) VALUES (234,100);
INSERT INTO `serials_directors` (serial_id,director_id) VALUES (235,100);
INSERT INTO `serials_directors` (serial_id,director_id) VALUES (236,100);
INSERT INTO `serials_directors` (serial_id,director_id) VALUES (237,45);
INSERT INTO `serials_directors` (serial_id,director_id) VALUES (238,88);
INSERT INTO `serials_directors` (serial_id,director_id) VALUES (239,53);
INSERT INTO `serials_directors` (serial_id,director_id) VALUES (240,53);
INSERT INTO `serials_directors` (serial_id,director_id) VALUES (241,84);
INSERT INTO `serials_directors` (serial_id,director_id) VALUES (242,90);
INSERT INTO `serials_directors` (serial_id,director_id) VALUES (243,88);
INSERT INTO `serials_directors` (serial_id,director_id) VALUES (244,75);
INSERT INTO `serials_directors` (serial_id,director_id) VALUES (245,75);
INSERT INTO `serials_directors` (serial_id,director_id) VALUES (246,97);
INSERT INTO `serials_directors` (serial_id,director_id) VALUES (247,45);
INSERT INTO `serials_directors` (serial_id,director_id) VALUES (248,30);
INSERT INTO `serials_directors` (serial_id,director_id) VALUES (249,75);
INSERT INTO `serials_directors` (serial_id,director_id) VALUES (250,94);
INSERT INTO `serials_directors` (serial_id,director_id) VALUES (251,94);
INSERT INTO `serials_directors` (serial_id,director_id) VALUES (252,27);
INSERT INTO `serials_directors` (serial_id,director_id) VALUES (253,75);
INSERT INTO `serials_directors` (serial_id,director_id) VALUES (254,94);
INSERT INTO `serials_directors` (serial_id,director_id) VALUES (255,18);
INSERT INTO `serials_directors` (serial_id,director_id) VALUES (256,30);
INSERT INTO `serials_directors` (serial_id,director_id) VALUES (257,27);
INSERT INTO `serials_directors` (serial_id,director_id) VALUES (258,44);
INSERT INTO `serials_directors` (serial_id,director_id) VALUES (259,62);
INSERT INTO `serials_directors` (serial_id,director_id) VALUES (260,94);
INSERT INTO `serials_directors` (serial_id,director_id) VALUES (261,96);
INSERT INTO `serials_directors` (serial_id,director_id) VALUES (262,94);
INSERT INTO `serials_directors` (serial_id,director_id) VALUES (263,75);
INSERT INTO `serials_directors` (serial_id,director_id) VALUES (264,44);
INSERT INTO `serials_directors` (serial_id,director_id) VALUES (265,10);
INSERT INTO `serials_directors` (serial_id,director_id) VALUES (266,10);
INSERT INTO `serials_directors` (serial_id,director_id) VALUES (267,80);
INSERT INTO `serials_directors` (serial_id,director_id) VALUES (268,27);
INSERT INTO `serials_directors` (serial_id,director_id) VALUES (269,27);
INSERT INTO `serials_directors` (serial_id,director_id) VALUES (270,80);
INSERT INTO `serials_directors` (serial_id,director_id) VALUES (271,81);
INSERT INTO `serials_directors` (serial_id,director_id) VALUES (272,81);
INSERT INTO `serials_directors` (serial_id,director_id) VALUES (273,27);
INSERT INTO `serials_directors` (serial_id,director_id) VALUES (274,95);
INSERT INTO `serials_directors` (serial_id,director_id) VALUES (275,86);
INSERT INTO `serials_directors` (serial_id,director_id) VALUES (276,86);
INSERT INTO `serials_directors` (serial_id,director_id) VALUES (277,81);
INSERT INTO `serials_directors` (serial_id,director_id) VALUES (278,40);
INSERT INTO `serials_directors` (serial_id,director_id) VALUES (279,40);
INSERT INTO `serials_directors` (serial_id,director_id) VALUES (280,21);
INSERT INTO `serials_directors` (serial_id,director_id) VALUES (281,21);
INSERT INTO `serials_directors` (serial_id,director_id) VALUES (282,28);
INSERT INTO `serials_directors` (serial_id,director_id) VALUES (283,28);
INSERT INTO `serials_directors` (serial_id,director_id) VALUES (284,20);
INSERT INTO `serials_directors` (serial_id,director_id) VALUES (285,20);
INSERT INTO `serials_directors` (serial_id,director_id) VALUES (286,54);
INSERT INTO `serials_directors` (serial_id,director_id) VALUES (287,54);
INSERT INTO `serials_directors` (serial_id,director_id) VALUES (288,86);
INSERT INTO `serials_directors` (serial_id,director_id) VALUES (289,86);
INSERT INTO `serials_directors` (serial_id,director_id) VALUES (290,27);
INSERT INTO `serials_directors` (serial_id,director_id) VALUES (291,28);
INSERT INTO `serials_directors` (serial_id,director_id) VALUES (292,37);
INSERT INTO `serials_directors` (serial_id,director_id) VALUES (293,37);
INSERT INTO `serials_directors` (serial_id,director_id) VALUES (294,104);
INSERT INTO `serials_directors` (serial_id,director_id) VALUES (295,104);
INSERT INTO `serials_directors` (serial_id,director_id) VALUES (296,105);
INSERT INTO `serials_directors` (serial_id,director_id) VALUES (297,105);
INSERT INTO `serials_directors` (serial_id,director_id) VALUES (298,106);
INSERT INTO `serials_directors` (serial_id,director_id) VALUES (299,20);
INSERT INTO `serials_directors` (serial_id,director_id) VALUES (300,20);
INSERT INTO `serials_directors` (serial_id,director_id) VALUES (301,107);
INSERT INTO `serials_directors` (serial_id,director_id) VALUES (302,107);
INSERT INTO `serials_directors` (serial_id,director_id) VALUES (303,106);
INSERT INTO `serials_directors` (serial_id,director_id) VALUES (304,86);
INSERT INTO `serials_directors` (serial_id,director_id) VALUES (305,86);
INSERT INTO `serials_directors` (serial_id,director_id) VALUES (306,104);
INSERT INTO `serials_directors` (serial_id,director_id) VALUES (307,108);
INSERT INTO `serials_directors` (serial_id,director_id) VALUES (308,109);
INSERT INTO `serials_directors` (serial_id,director_id) VALUES (309,109);
INSERT INTO `serials_directors` (serial_id,director_id) VALUES (310,110);
INSERT INTO `serials_directors` (serial_id,director_id) VALUES (311,111);
INSERT INTO `serials_directors` (serial_id,director_id) VALUES (312,108);
INSERT INTO `serials_directors` (serial_id,director_id) VALUES (313,111);
INSERT INTO `serials_directors` (serial_id,director_id) VALUES (314,110);
INSERT INTO `serials_directors` (serial_id,director_id) VALUES (315,108);
INSERT INTO `serials_directors` (serial_id,director_id) VALUES (316,108);
INSERT INTO `serials_directors` (serial_id,director_id) VALUES (317,107);
CREATE TABLE IF NOT EXISTS `serials_companions` (
	`serial_id`	int ( 11 ) NOT NULL,
	`companion_id`	int ( 11 ) NOT NULL,
	FOREIGN KEY(`companion_id`) REFERENCES `companions`(`id`) ON DELETE RESTRICT ON UPDATE RESTRICT,
	PRIMARY KEY(`serial_id`,`companion_id`),
	FOREIGN KEY(`serial_id`) REFERENCES `serials`(`id`) ON DELETE RESTRICT ON UPDATE RESTRICT
);
INSERT INTO `serials_companions` (serial_id,companion_id) VALUES (1,1);
INSERT INTO `serials_companions` (serial_id,companion_id) VALUES (2,1);
INSERT INTO `serials_companions` (serial_id,companion_id) VALUES (2,3);
INSERT INTO `serials_companions` (serial_id,companion_id) VALUES (2,2);
INSERT INTO `serials_companions` (serial_id,companion_id) VALUES (3,1);
INSERT INTO `serials_companions` (serial_id,companion_id) VALUES (3,3);
INSERT INTO `serials_companions` (serial_id,companion_id) VALUES (3,2);
INSERT INTO `serials_companions` (serial_id,companion_id) VALUES (4,1);
INSERT INTO `serials_companions` (serial_id,companion_id) VALUES (4,3);
INSERT INTO `serials_companions` (serial_id,companion_id) VALUES (4,2);
INSERT INTO `serials_companions` (serial_id,companion_id) VALUES (5,1);
INSERT INTO `serials_companions` (serial_id,companion_id) VALUES (5,3);
INSERT INTO `serials_companions` (serial_id,companion_id) VALUES (5,2);
INSERT INTO `serials_companions` (serial_id,companion_id) VALUES (6,1);
INSERT INTO `serials_companions` (serial_id,companion_id) VALUES (1,2);
INSERT INTO `serials_companions` (serial_id,companion_id) VALUES (7,1);
INSERT INTO `serials_companions` (serial_id,companion_id) VALUES (1,3);
INSERT INTO `serials_companions` (serial_id,companion_id) VALUES (7,2);
INSERT INTO `serials_companions` (serial_id,companion_id) VALUES (8,1);
INSERT INTO `serials_companions` (serial_id,companion_id) VALUES (8,3);
INSERT INTO `serials_companions` (serial_id,companion_id) VALUES (8,2);
INSERT INTO `serials_companions` (serial_id,companion_id) VALUES (9,1);
INSERT INTO `serials_companions` (serial_id,companion_id) VALUES (9,3);
INSERT INTO `serials_companions` (serial_id,companion_id) VALUES (9,2);
INSERT INTO `serials_companions` (serial_id,companion_id) VALUES (10,1);
INSERT INTO `serials_companions` (serial_id,companion_id) VALUES (10,3);
INSERT INTO `serials_companions` (serial_id,companion_id) VALUES (10,2);
INSERT INTO `serials_companions` (serial_id,companion_id) VALUES (11,2);
INSERT INTO `serials_companions` (serial_id,companion_id) VALUES (11,3);
INSERT INTO `serials_companions` (serial_id,companion_id) VALUES (11,4);
INSERT INTO `serials_companions` (serial_id,companion_id) VALUES (12,2);
INSERT INTO `serials_companions` (serial_id,companion_id) VALUES (12,3);
INSERT INTO `serials_companions` (serial_id,companion_id) VALUES (12,4);
INSERT INTO `serials_companions` (serial_id,companion_id) VALUES (13,2);
INSERT INTO `serials_companions` (serial_id,companion_id) VALUES (13,3);
INSERT INTO `serials_companions` (serial_id,companion_id) VALUES (13,4);
INSERT INTO `serials_companions` (serial_id,companion_id) VALUES (14,2);
INSERT INTO `serials_companions` (serial_id,companion_id) VALUES (14,3);
INSERT INTO `serials_companions` (serial_id,companion_id) VALUES (14,4);
INSERT INTO `serials_companions` (serial_id,companion_id) VALUES (15,2);
INSERT INTO `serials_companions` (serial_id,companion_id) VALUES (15,3);
INSERT INTO `serials_companions` (serial_id,companion_id) VALUES (15,4);
INSERT INTO `serials_companions` (serial_id,companion_id) VALUES (16,2);
INSERT INTO `serials_companions` (serial_id,companion_id) VALUES (16,3);
INSERT INTO `serials_companions` (serial_id,companion_id) VALUES (16,4);
INSERT INTO `serials_companions` (serial_id,companion_id) VALUES (17,4);
INSERT INTO `serials_companions` (serial_id,companion_id) VALUES (17,5);
INSERT INTO `serials_companions` (serial_id,companion_id) VALUES (18,4);
INSERT INTO `serials_companions` (serial_id,companion_id) VALUES (6,2);
INSERT INTO `serials_companions` (serial_id,companion_id) VALUES (20,4);
INSERT INTO `serials_companions` (serial_id,companion_id) VALUES (7,3);
INSERT INTO `serials_companions` (serial_id,companion_id) VALUES (21,5);
INSERT INTO `serials_companions` (serial_id,companion_id) VALUES (20,5);
INSERT INTO `serials_companions` (serial_id,companion_id) VALUES (21,6);
INSERT INTO `serials_companions` (serial_id,companion_id) VALUES (22,5);
INSERT INTO `serials_companions` (serial_id,companion_id) VALUES (23,5);
INSERT INTO `serials_companions` (serial_id,companion_id) VALUES (23,8);
INSERT INTO `serials_companions` (serial_id,companion_id) VALUES (24,5);
INSERT INTO `serials_companions` (serial_id,companion_id) VALUES (24,8);
INSERT INTO `serials_companions` (serial_id,companion_id) VALUES (25,5);
INSERT INTO `serials_companions` (serial_id,companion_id) VALUES (18,5);
INSERT INTO `serials_companions` (serial_id,companion_id) VALUES (26,5);
INSERT INTO `serials_companions` (serial_id,companion_id) VALUES (6,3);
INSERT INTO `serials_companions` (serial_id,companion_id) VALUES (27,8);
INSERT INTO `serials_companions` (serial_id,companion_id) VALUES (28,10);
INSERT INTO `serials_companions` (serial_id,companion_id) VALUES (28,9);
INSERT INTO `serials_companions` (serial_id,companion_id) VALUES (29,10);
INSERT INTO `serials_companions` (serial_id,companion_id) VALUES (29,9);
INSERT INTO `serials_companions` (serial_id,companion_id) VALUES (30,10);
INSERT INTO `serials_companions` (serial_id,companion_id) VALUES (30,9);
INSERT INTO `serials_companions` (serial_id,companion_id) VALUES (31,10);
INSERT INTO `serials_companions` (serial_id,companion_id) VALUES (31,9);
INSERT INTO `serials_companions` (serial_id,companion_id) VALUES (31,11);
INSERT INTO `serials_companions` (serial_id,companion_id) VALUES (32,10);
INSERT INTO `serials_companions` (serial_id,companion_id) VALUES (32,9);
INSERT INTO `serials_companions` (serial_id,companion_id) VALUES (32,11);
INSERT INTO `serials_companions` (serial_id,companion_id) VALUES (33,10);
INSERT INTO `serials_companions` (serial_id,companion_id) VALUES (33,9);
INSERT INTO `serials_companions` (serial_id,companion_id) VALUES (33,11);
INSERT INTO `serials_companions` (serial_id,companion_id) VALUES (34,10);
INSERT INTO `serials_companions` (serial_id,companion_id) VALUES (34,9);
INSERT INTO `serials_companions` (serial_id,companion_id) VALUES (34,11);
INSERT INTO `serials_companions` (serial_id,companion_id) VALUES (35,10);
INSERT INTO `serials_companions` (serial_id,companion_id) VALUES (35,9);
INSERT INTO `serials_companions` (serial_id,companion_id) VALUES (35,11);
INSERT INTO `serials_companions` (serial_id,companion_id) VALUES (36,11);
INSERT INTO `serials_companions` (serial_id,companion_id) VALUES (36,12);
INSERT INTO `serials_companions` (serial_id,companion_id) VALUES (37,11);
INSERT INTO `serials_companions` (serial_id,companion_id) VALUES (37,12);
INSERT INTO `serials_companions` (serial_id,companion_id) VALUES (38,11);
INSERT INTO `serials_companions` (serial_id,companion_id) VALUES (38,12);
INSERT INTO `serials_companions` (serial_id,companion_id) VALUES (39,11);
INSERT INTO `serials_companions` (serial_id,companion_id) VALUES (39,12);
INSERT INTO `serials_companions` (serial_id,companion_id) VALUES (40,11);
INSERT INTO `serials_companions` (serial_id,companion_id) VALUES (40,12);
INSERT INTO `serials_companions` (serial_id,companion_id) VALUES (41,11);
INSERT INTO `serials_companions` (serial_id,companion_id) VALUES (41,12);
INSERT INTO `serials_companions` (serial_id,companion_id) VALUES (42,11);
INSERT INTO `serials_companions` (serial_id,companion_id) VALUES (42,12);
INSERT INTO `serials_companions` (serial_id,companion_id) VALUES (43,11);
INSERT INTO `serials_companions` (serial_id,companion_id) VALUES (44,11);
INSERT INTO `serials_companions` (serial_id,companion_id) VALUES (44,13);
INSERT INTO `serials_companions` (serial_id,companion_id) VALUES (45,11);
INSERT INTO `serials_companions` (serial_id,companion_id) VALUES (45,13);
INSERT INTO `serials_companions` (serial_id,companion_id) VALUES (46,11);
INSERT INTO `serials_companions` (serial_id,companion_id) VALUES (46,13);
INSERT INTO `serials_companions` (serial_id,companion_id) VALUES (47,11);
INSERT INTO `serials_companions` (serial_id,companion_id) VALUES (47,13);
INSERT INTO `serials_companions` (serial_id,companion_id) VALUES (48,11);
INSERT INTO `serials_companions` (serial_id,companion_id) VALUES (48,13);
INSERT INTO `serials_companions` (serial_id,companion_id) VALUES (49,11);
INSERT INTO `serials_companions` (serial_id,companion_id) VALUES (49,13);
INSERT INTO `serials_companions` (serial_id,companion_id) VALUES (50,11);
INSERT INTO `serials_companions` (serial_id,companion_id) VALUES (50,13);
INSERT INTO `serials_companions` (serial_id,companion_id) VALUES (51,14);
INSERT INTO `serials_companions` (serial_id,companion_id) VALUES (52,14);
INSERT INTO `serials_companions` (serial_id,companion_id) VALUES (53,14);
INSERT INTO `serials_companions` (serial_id,companion_id) VALUES (54,14);
INSERT INTO `serials_companions` (serial_id,companion_id) VALUES (55,15);
INSERT INTO `serials_companions` (serial_id,companion_id) VALUES (56,15);
INSERT INTO `serials_companions` (serial_id,companion_id) VALUES (57,15);
INSERT INTO `serials_companions` (serial_id,companion_id) VALUES (58,15);
INSERT INTO `serials_companions` (serial_id,companion_id) VALUES (59,15);
INSERT INTO `serials_companions` (serial_id,companion_id) VALUES (60,15);
INSERT INTO `serials_companions` (serial_id,companion_id) VALUES (61,15);
INSERT INTO `serials_companions` (serial_id,companion_id) VALUES (21,7);
INSERT INTO `serials_companions` (serial_id,companion_id) VALUES (63,15);
INSERT INTO `serials_companions` (serial_id,companion_id) VALUES (64,15);
INSERT INTO `serials_companions` (serial_id,companion_id) VALUES (65,15);
INSERT INTO `serials_companions` (serial_id,companion_id) VALUES (66,15);
INSERT INTO `serials_companions` (serial_id,companion_id) VALUES (67,15);
INSERT INTO `serials_companions` (serial_id,companion_id) VALUES (62,15);
INSERT INTO `serials_companions` (serial_id,companion_id) VALUES (69,15);
INSERT INTO `serials_companions` (serial_id,companion_id) VALUES (70,16);
INSERT INTO `serials_companions` (serial_id,companion_id) VALUES (71,16);
INSERT INTO `serials_companions` (serial_id,companion_id) VALUES (72,16);
INSERT INTO `serials_companions` (serial_id,companion_id) VALUES (73,16);
INSERT INTO `serials_companions` (serial_id,companion_id) VALUES (74,16);
INSERT INTO `serials_companions` (serial_id,companion_id) VALUES (75,16);
INSERT INTO `serials_companions` (serial_id,companion_id) VALUES (75,17);
INSERT INTO `serials_companions` (serial_id,companion_id) VALUES (76,16);
INSERT INTO `serials_companions` (serial_id,companion_id) VALUES (76,17);
INSERT INTO `serials_companions` (serial_id,companion_id) VALUES (77,16);
INSERT INTO `serials_companions` (serial_id,companion_id) VALUES (77,17);
INSERT INTO `serials_companions` (serial_id,companion_id) VALUES (68,15);
INSERT INTO `serials_companions` (serial_id,companion_id) VALUES (78,17);
INSERT INTO `serials_companions` (serial_id,companion_id) VALUES (79,16);
INSERT INTO `serials_companions` (serial_id,companion_id) VALUES (79,17);
INSERT INTO `serials_companions` (serial_id,companion_id) VALUES (80,16);
INSERT INTO `serials_companions` (serial_id,companion_id) VALUES (25,8);
INSERT INTO `serials_companions` (serial_id,companion_id) VALUES (78,16);
INSERT INTO `serials_companions` (serial_id,companion_id) VALUES (82,16);
INSERT INTO `serials_companions` (serial_id,companion_id) VALUES (80,17);
INSERT INTO `serials_companions` (serial_id,companion_id) VALUES (84,16);
INSERT INTO `serials_companions` (serial_id,companion_id) VALUES (85,16);
INSERT INTO `serials_companions` (serial_id,companion_id) VALUES (86,16);
INSERT INTO `serials_companions` (serial_id,companion_id) VALUES (87,16);
INSERT INTO `serials_companions` (serial_id,companion_id) VALUES (26,8);
INSERT INTO `serials_companions` (serial_id,companion_id) VALUES (90,18);
INSERT INTO `serials_companions` (serial_id,companion_id) VALUES (91,18);
INSERT INTO `serials_companions` (serial_id,companion_id) VALUES (92,18);
INSERT INTO `serials_companions` (serial_id,companion_id) VALUES (93,18);
INSERT INTO `serials_companions` (serial_id,companion_id) VALUES (93,19);
INSERT INTO `serials_companions` (serial_id,companion_id) VALUES (94,18);
INSERT INTO `serials_companions` (serial_id,companion_id) VALUES (95,18);
INSERT INTO `serials_companions` (serial_id,companion_id) VALUES (95,19);
INSERT INTO `serials_companions` (serial_id,companion_id) VALUES (96,18);
INSERT INTO `serials_companions` (serial_id,companion_id) VALUES (96,19);
INSERT INTO `serials_companions` (serial_id,companion_id) VALUES (97,18);
INSERT INTO `serials_companions` (serial_id,companion_id) VALUES (97,19);
INSERT INTO `serials_companions` (serial_id,companion_id) VALUES (98,20);
INSERT INTO `serials_companions` (serial_id,companion_id) VALUES (98,19);
INSERT INTO `serials_companions` (serial_id,companion_id) VALUES (99,'');
INSERT INTO `serials_companions` (serial_id,companion_id) VALUES (99,19);
INSERT INTO `serials_companions` (serial_id,companion_id) VALUES (100,20);
INSERT INTO `serials_companions` (serial_id,companion_id) VALUES (100,19);
INSERT INTO `serials_companions` (serial_id,companion_id) VALUES (101,20);
INSERT INTO `serials_companions` (serial_id,companion_id) VALUES (101,19);
INSERT INTO `serials_companions` (serial_id,companion_id) VALUES (102,20);
INSERT INTO `serials_companions` (serial_id,companion_id) VALUES (103,20);
INSERT INTO `serials_companions` (serial_id,companion_id) VALUES (103,19);
INSERT INTO `serials_companions` (serial_id,companion_id) VALUES (104,21);
INSERT INTO `serials_companions` (serial_id,companion_id) VALUES (105,21);
INSERT INTO `serials_companions` (serial_id,companion_id) VALUES (106,21);
INSERT INTO `serials_companions` (serial_id,companion_id) VALUES (106,19);
INSERT INTO `serials_companions` (serial_id,companion_id) VALUES (107,21);
INSERT INTO `serials_companions` (serial_id,companion_id) VALUES (107,19);
INSERT INTO `serials_companions` (serial_id,companion_id) VALUES (108,21);
INSERT INTO `serials_companions` (serial_id,companion_id) VALUES (108,19);
INSERT INTO `serials_companions` (serial_id,companion_id) VALUES (109,'');
INSERT INTO `serials_companions` (serial_id,companion_id) VALUES (109,19);
INSERT INTO `serials_companions` (serial_id,companion_id) VALUES (110,21);
INSERT INTO `serials_companions` (serial_id,companion_id) VALUES (110,19);
INSERT INTO `serials_companions` (serial_id,companion_id) VALUES (111,21);
INSERT INTO `serials_companions` (serial_id,companion_id) VALUES (111,19);
INSERT INTO `serials_companions` (serial_id,companion_id) VALUES (112,21);
INSERT INTO `serials_companions` (serial_id,companion_id) VALUES (112,22);
INSERT INTO `serials_companions` (serial_id,companion_id) VALUES (112,19);
INSERT INTO `serials_companions` (serial_id,companion_id) VALUES (113,21);
INSERT INTO `serials_companions` (serial_id,companion_id) VALUES (89,18);
INSERT INTO `serials_companions` (serial_id,companion_id) VALUES (113,19);
INSERT INTO `serials_companions` (serial_id,companion_id) VALUES (114,21);
INSERT INTO `serials_companions` (serial_id,companion_id) VALUES (113,22);
INSERT INTO `serials_companions` (serial_id,companion_id) VALUES (114,19);
INSERT INTO `serials_companions` (serial_id,companion_id) VALUES (115,22);
INSERT INTO `serials_companions` (serial_id,companion_id) VALUES (116,22);
INSERT INTO `serials_companions` (serial_id,companion_id) VALUES (116,24);
INSERT INTO `serials_companions` (serial_id,companion_id) VALUES (116,23);
INSERT INTO `serials_companions` (serial_id,companion_id) VALUES (117,22);
INSERT INTO `serials_companions` (serial_id,companion_id) VALUES (117,24);
INSERT INTO `serials_companions` (serial_id,companion_id) VALUES (117,23);
INSERT INTO `serials_companions` (serial_id,companion_id) VALUES (118,22);
INSERT INTO `serials_companions` (serial_id,companion_id) VALUES (118,24);
INSERT INTO `serials_companions` (serial_id,companion_id) VALUES (118,23);
INSERT INTO `serials_companions` (serial_id,companion_id) VALUES (119,22);
INSERT INTO `serials_companions` (serial_id,companion_id) VALUES (119,23);
INSERT INTO `serials_companions` (serial_id,companion_id) VALUES (120,22);
INSERT INTO `serials_companions` (serial_id,companion_id) VALUES (120,24);
INSERT INTO `serials_companions` (serial_id,companion_id) VALUES (120,23);
INSERT INTO `serials_companions` (serial_id,companion_id) VALUES (121,22);
INSERT INTO `serials_companions` (serial_id,companion_id) VALUES (121,24);
INSERT INTO `serials_companions` (serial_id,companion_id) VALUES (121,23);
INSERT INTO `serials_companions` (serial_id,companion_id) VALUES (122,22);
INSERT INTO `serials_companions` (serial_id,companion_id) VALUES (122,24);
INSERT INTO `serials_companions` (serial_id,companion_id) VALUES (122,23);
INSERT INTO `serials_companions` (serial_id,companion_id) VALUES (123,24);
INSERT INTO `serials_companions` (serial_id,companion_id) VALUES (123,23);
INSERT INTO `serials_companions` (serial_id,companion_id) VALUES (83,16);
INSERT INTO `serials_companions` (serial_id,companion_id) VALUES (126,24);
INSERT INTO `serials_companions` (serial_id,companion_id) VALUES (126,23);
INSERT INTO `serials_companions` (serial_id,companion_id) VALUES (126,25);
INSERT INTO `serials_companions` (serial_id,companion_id) VALUES (127,24);
INSERT INTO `serials_companions` (serial_id,companion_id) VALUES (127,23);
INSERT INTO `serials_companions` (serial_id,companion_id) VALUES (127,25);
INSERT INTO `serials_companions` (serial_id,companion_id) VALUES (128,23);
INSERT INTO `serials_companions` (serial_id,companion_id) VALUES (128,25);
INSERT INTO `serials_companions` (serial_id,companion_id) VALUES (129,23);
INSERT INTO `serials_companions` (serial_id,companion_id) VALUES (129,25);
INSERT INTO `serials_companions` (serial_id,companion_id) VALUES (130,23);
INSERT INTO `serials_companions` (serial_id,companion_id) VALUES (130,25);
INSERT INTO `serials_companions` (serial_id,companion_id) VALUES (131,23);
INSERT INTO `serials_companions` (serial_id,companion_id) VALUES (131,25);
INSERT INTO `serials_companions` (serial_id,companion_id) VALUES (132,23);
INSERT INTO `serials_companions` (serial_id,companion_id) VALUES (132,25);
INSERT INTO `serials_companions` (serial_id,companion_id) VALUES (133,23);
INSERT INTO `serials_companions` (serial_id,companion_id) VALUES (133,25);
INSERT INTO `serials_companions` (serial_id,companion_id) VALUES (134,23);
INSERT INTO `serials_companions` (serial_id,companion_id) VALUES (134,25);
INSERT INTO `serials_companions` (serial_id,companion_id) VALUES (135,25);
INSERT INTO `serials_companions` (serial_id,companion_id) VALUES (135,27);
INSERT INTO `serials_companions` (serial_id,companion_id) VALUES (135,26);
INSERT INTO `serials_companions` (serial_id,companion_id) VALUES (136,27);
INSERT INTO `serials_companions` (serial_id,companion_id) VALUES (137,27);
INSERT INTO `serials_companions` (serial_id,companion_id) VALUES (138,27);
INSERT INTO `serials_companions` (serial_id,companion_id) VALUES (139,27);
INSERT INTO `serials_companions` (serial_id,companion_id) VALUES (140,27);
INSERT INTO `serials_companions` (serial_id,companion_id) VALUES (141,27);
INSERT INTO `serials_companions` (serial_id,companion_id) VALUES (142,27);
INSERT INTO `serials_companions` (serial_id,companion_id) VALUES (143,27);
INSERT INTO `serials_companions` (serial_id,companion_id) VALUES (148,28);
INSERT INTO `serials_companions` (serial_id,companion_id) VALUES (149,28);
INSERT INTO `serials_companions` (serial_id,companion_id) VALUES (150,28);
INSERT INTO `serials_companions` (serial_id,companion_id) VALUES (151,28);
INSERT INTO `serials_companions` (serial_id,companion_id) VALUES (152,29);
INSERT INTO `serials_companions` (serial_id,companion_id) VALUES (153,29);
INSERT INTO `serials_companions` (serial_id,companion_id) VALUES (154,29);
INSERT INTO `serials_companions` (serial_id,companion_id) VALUES (155,29);
INSERT INTO `serials_companions` (serial_id,companion_id) VALUES (156,29);
INSERT INTO `serials_companions` (serial_id,companion_id) VALUES (156,'');
INSERT INTO `serials_companions` (serial_id,companion_id) VALUES (157,29);
INSERT INTO `serials_companions` (serial_id,companion_id) VALUES (158,29);
INSERT INTO `serials_companions` (serial_id,companion_id) VALUES (159,29);
INSERT INTO `serials_companions` (serial_id,companion_id) VALUES (160,30);
INSERT INTO `serials_companions` (serial_id,companion_id) VALUES (161,31);
INSERT INTO `serials_companions` (serial_id,companion_id) VALUES (162,31);
INSERT INTO `serials_companions` (serial_id,companion_id) VALUES (163,31);
INSERT INTO `serials_companions` (serial_id,companion_id) VALUES (164,31);
INSERT INTO `serials_companions` (serial_id,companion_id) VALUES (165,31);
INSERT INTO `serials_companions` (serial_id,companion_id) VALUES (81,16);
INSERT INTO `serials_companions` (serial_id,companion_id) VALUES (167,31);
INSERT INTO `serials_companions` (serial_id,companion_id) VALUES (167,'');
INSERT INTO `serials_companions` (serial_id,companion_id) VALUES (166,31);
INSERT INTO `serials_companions` (serial_id,companion_id) VALUES (169,31);
INSERT INTO `serials_companions` (serial_id,companion_id) VALUES (170,31);
INSERT INTO `serials_companions` (serial_id,companion_id) VALUES (170,33);
INSERT INTO `serials_companions` (serial_id,companion_id) VALUES (171,31);
INSERT INTO `serials_companions` (serial_id,companion_id) VALUES (171,33);
INSERT INTO `serials_companions` (serial_id,companion_id) VALUES (172,31);
INSERT INTO `serials_companions` (serial_id,companion_id) VALUES (172,33);
INSERT INTO `serials_companions` (serial_id,companion_id) VALUES (173,31);
INSERT INTO `serials_companions` (serial_id,companion_id) VALUES (168,31);
INSERT INTO `serials_companions` (serial_id,companion_id) VALUES (174,31);
INSERT INTO `serials_companions` (serial_id,companion_id) VALUES (175,31);
INSERT INTO `serials_companions` (serial_id,companion_id) VALUES (176,31);
INSERT INTO `serials_companions` (serial_id,companion_id) VALUES (177,31);
INSERT INTO `serials_companions` (serial_id,companion_id) VALUES (177,34);
INSERT INTO `serials_companions` (serial_id,companion_id) VALUES (124,24);
INSERT INTO `serials_companions` (serial_id,companion_id) VALUES (179,31);
INSERT INTO `serials_companions` (serial_id,companion_id) VALUES (179,34);
INSERT INTO `serials_companions` (serial_id,companion_id) VALUES (180,31);
INSERT INTO `serials_companions` (serial_id,companion_id) VALUES (180,34);
INSERT INTO `serials_companions` (serial_id,companion_id) VALUES (181,31);
INSERT INTO `serials_companions` (serial_id,companion_id) VALUES (182,31);
INSERT INTO `serials_companions` (serial_id,companion_id) VALUES (183,31);
INSERT INTO `serials_companions` (serial_id,companion_id) VALUES (184,31);
INSERT INTO `serials_companions` (serial_id,companion_id) VALUES (185,31);
INSERT INTO `serials_companions` (serial_id,companion_id) VALUES (186,31);
INSERT INTO `serials_companions` (serial_id,companion_id) VALUES (187,31);
INSERT INTO `serials_companions` (serial_id,companion_id) VALUES (188,35);
INSERT INTO `serials_companions` (serial_id,companion_id) VALUES (189,36);
INSERT INTO `serials_companions` (serial_id,companion_id) VALUES (190,36);
INSERT INTO `serials_companions` (serial_id,companion_id) VALUES (191,36);
INSERT INTO `serials_companions` (serial_id,companion_id) VALUES (192,36);
INSERT INTO `serials_companions` (serial_id,companion_id) VALUES (193,36);
INSERT INTO `serials_companions` (serial_id,companion_id) VALUES (194,36);
INSERT INTO `serials_companions` (serial_id,companion_id) VALUES (195,36);
INSERT INTO `serials_companions` (serial_id,companion_id) VALUES (196,36);
INSERT INTO `serials_companions` (serial_id,companion_id) VALUES (197,36);
INSERT INTO `serials_companions` (serial_id,companion_id) VALUES (125,23);
INSERT INTO `serials_companions` (serial_id,companion_id) VALUES (199,36);
INSERT INTO `serials_companions` (serial_id,companion_id) VALUES (199,33);
INSERT INTO `serials_companions` (serial_id,companion_id) VALUES (200,36);
INSERT INTO `serials_companions` (serial_id,companion_id) VALUES (200,33);
INSERT INTO `serials_companions` (serial_id,companion_id) VALUES (201,36);
INSERT INTO `serials_companions` (serial_id,companion_id) VALUES (201,33);
INSERT INTO `serials_companions` (serial_id,companion_id) VALUES (203,35);
INSERT INTO `serials_companions` (serial_id,companion_id) VALUES (204,35);
INSERT INTO `serials_companions` (serial_id,companion_id) VALUES (173,33);
INSERT INTO `serials_companions` (serial_id,companion_id) VALUES (206,35);
INSERT INTO `serials_companions` (serial_id,companion_id) VALUES (207,35);
INSERT INTO `serials_companions` (serial_id,companion_id) VALUES (207,36);
INSERT INTO `serials_companions` (serial_id,companion_id) VALUES (208,35);
INSERT INTO `serials_companions` (serial_id,companion_id) VALUES (208,36);
INSERT INTO `serials_companions` (serial_id,companion_id) VALUES (125,24);
INSERT INTO `serials_companions` (serial_id,companion_id) VALUES (210,35);
INSERT INTO `serials_companions` (serial_id,companion_id) VALUES (211,35);
INSERT INTO `serials_companions` (serial_id,companion_id) VALUES (214,35);
INSERT INTO `serials_companions` (serial_id,companion_id) VALUES (214,31);
INSERT INTO `serials_companions` (serial_id,companion_id) VALUES (214,33);
INSERT INTO `serials_companions` (serial_id,companion_id) VALUES (214,16);
INSERT INTO `serials_companions` (serial_id,companion_id) VALUES (214,36);
INSERT INTO `serials_companions` (serial_id,companion_id) VALUES (215,35);
INSERT INTO `serials_companions` (serial_id,companion_id) VALUES (215,36);
INSERT INTO `serials_companions` (serial_id,companion_id) VALUES (215,31);
INSERT INTO `serials_companions` (serial_id,companion_id) VALUES (215,33);
INSERT INTO `serials_companions` (serial_id,companion_id) VALUES (215,16);
INSERT INTO `serials_companions` (serial_id,companion_id) VALUES (215,34);
INSERT INTO `serials_companions` (serial_id,companion_id) VALUES (219,37);
INSERT INTO `serials_companions` (serial_id,companion_id) VALUES (220,37);
INSERT INTO `serials_companions` (serial_id,companion_id) VALUES (221,38);
INSERT INTO `serials_companions` (serial_id,companion_id) VALUES (222,38);
INSERT INTO `serials_companions` (serial_id,companion_id) VALUES (223,38);
INSERT INTO `serials_companions` (serial_id,companion_id) VALUES (224,38);
INSERT INTO `serials_companions` (serial_id,companion_id) VALUES (225,38);
INSERT INTO `serials_companions` (serial_id,companion_id) VALUES (225,40);
INSERT INTO `serials_companions` (serial_id,companion_id) VALUES (226,38);
INSERT INTO `serials_companions` (serial_id,companion_id) VALUES (205,35);
INSERT INTO `serials_companions` (serial_id,companion_id) VALUES (227,38);
INSERT INTO `serials_companions` (serial_id,companion_id) VALUES (227,49);
INSERT INTO `serials_companions` (serial_id,companion_id) VALUES (178,34);
INSERT INTO `serials_companions` (serial_id,companion_id) VALUES (228,49);
INSERT INTO `serials_companions` (serial_id,companion_id) VALUES (114,22);
INSERT INTO `serials_companions` (serial_id,companion_id) VALUES (226,49);
INSERT INTO `serials_companions` (serial_id,companion_id) VALUES (230,38);
INSERT INTO `serials_companions` (serial_id,companion_id) VALUES (231,38);
INSERT INTO `serials_companions` (serial_id,companion_id) VALUES (232,38);
INSERT INTO `serials_companions` (serial_id,companion_id) VALUES (178,31);
INSERT INTO `serials_companions` (serial_id,companion_id) VALUES (229,38);
INSERT INTO `serials_companions` (serial_id,companion_id) VALUES (198,36);
INSERT INTO `serials_companions` (serial_id,companion_id) VALUES (233,40);
INSERT INTO `serials_companions` (serial_id,companion_id) VALUES (234,38);
INSERT INTO `serials_companions` (serial_id,companion_id) VALUES (234,49);
INSERT INTO `serials_companions` (serial_id,companion_id) VALUES (235,38);
INSERT INTO `serials_companions` (serial_id,companion_id) VALUES (235,49);
INSERT INTO `serials_companions` (serial_id,companion_id) VALUES (235,40);
INSERT INTO `serials_companions` (serial_id,companion_id) VALUES (236,38);
INSERT INTO `serials_companions` (serial_id,companion_id) VALUES (236,49);
INSERT INTO `serials_companions` (serial_id,companion_id) VALUES (236,40);
INSERT INTO `serials_companions` (serial_id,companion_id) VALUES (237,38);
INSERT INTO `serials_companions` (serial_id,companion_id) VALUES (209,35);
INSERT INTO `serials_companions` (serial_id,companion_id) VALUES (238,38);
INSERT INTO `serials_companions` (serial_id,companion_id) VALUES (238,49);
INSERT INTO `serials_companions` (serial_id,companion_id) VALUES (228,38);
INSERT INTO `serials_companions` (serial_id,companion_id) VALUES (239,49);
INSERT INTO `serials_companions` (serial_id,companion_id) VALUES (240,38);
INSERT INTO `serials_companions` (serial_id,companion_id) VALUES (240,49);
INSERT INTO `serials_companions` (serial_id,companion_id) VALUES (241,38);
INSERT INTO `serials_companions` (serial_id,companion_id) VALUES (237,49);
INSERT INTO `serials_companions` (serial_id,companion_id) VALUES (242,38);
INSERT INTO `serials_companions` (serial_id,companion_id) VALUES (242,49);
INSERT INTO `serials_companions` (serial_id,companion_id) VALUES (239,38);
INSERT INTO `serials_companions` (serial_id,companion_id) VALUES (243,49);
INSERT INTO `serials_companions` (serial_id,companion_id) VALUES (244,38);
INSERT INTO `serials_companions` (serial_id,companion_id) VALUES (244,49);
INSERT INTO `serials_companions` (serial_id,companion_id) VALUES (245,38);
INSERT INTO `serials_companions` (serial_id,companion_id) VALUES (245,49);
INSERT INTO `serials_companions` (serial_id,companion_id) VALUES (247,38);
INSERT INTO `serials_companions` (serial_id,companion_id) VALUES (247,49);
INSERT INTO `serials_companions` (serial_id,companion_id) VALUES (247,40);
INSERT INTO `serials_companions` (serial_id,companion_id) VALUES (249,38);
INSERT INTO `serials_companions` (serial_id,companion_id) VALUES (249,49);
INSERT INTO `serials_companions` (serial_id,companion_id) VALUES (250,38);
INSERT INTO `serials_companions` (serial_id,companion_id) VALUES (250,49);
INSERT INTO `serials_companions` (serial_id,companion_id) VALUES (251,38);
INSERT INTO `serials_companions` (serial_id,companion_id) VALUES (251,49);
INSERT INTO `serials_companions` (serial_id,companion_id) VALUES (252,38);
INSERT INTO `serials_companions` (serial_id,companion_id) VALUES (252,49);
INSERT INTO `serials_companions` (serial_id,companion_id) VALUES (253,38);
INSERT INTO `serials_companions` (serial_id,companion_id) VALUES (253,49);
INSERT INTO `serials_companions` (serial_id,companion_id) VALUES (253,40);
INSERT INTO `serials_companions` (serial_id,companion_id) VALUES (254,41);
INSERT INTO `serials_companions` (serial_id,companion_id) VALUES (255,41);
INSERT INTO `serials_companions` (serial_id,companion_id) VALUES (241,49);
INSERT INTO `serials_companions` (serial_id,companion_id) VALUES (257,41);
INSERT INTO `serials_companions` (serial_id,companion_id) VALUES (258,41);
INSERT INTO `serials_companions` (serial_id,companion_id) VALUES (259,41);
INSERT INTO `serials_companions` (serial_id,companion_id) VALUES (260,41);
INSERT INTO `serials_companions` (serial_id,companion_id) VALUES (261,41);
INSERT INTO `serials_companions` (serial_id,companion_id) VALUES (262,41);
INSERT INTO `serials_companions` (serial_id,companion_id) VALUES (263,41);
INSERT INTO `serials_companions` (serial_id,companion_id) VALUES (264,41);
INSERT INTO `serials_companions` (serial_id,companion_id) VALUES (243,38);
INSERT INTO `serials_companions` (serial_id,companion_id) VALUES (266,41);
INSERT INTO `serials_companions` (serial_id,companion_id) VALUES (267,41);
INSERT INTO `serials_companions` (serial_id,companion_id) VALUES (268,41);
INSERT INTO `serials_companions` (serial_id,companion_id) VALUES (269,41);
INSERT INTO `serials_companions` (serial_id,companion_id) VALUES (270,41);
INSERT INTO `serials_companions` (serial_id,companion_id) VALUES (271,41);
INSERT INTO `serials_companions` (serial_id,companion_id) VALUES (272,41);
INSERT INTO `serials_companions` (serial_id,companion_id) VALUES (273,41);
INSERT INTO `serials_companions` (serial_id,companion_id) VALUES (274,41);
INSERT INTO `serials_companions` (serial_id,companion_id) VALUES (275,41);
INSERT INTO `serials_companions` (serial_id,companion_id) VALUES (276,41);
INSERT INTO `serials_companions` (serial_id,companion_id) VALUES (277,41);
INSERT INTO `serials_companions` (serial_id,companion_id) VALUES (278,41);
INSERT INTO `serials_companions` (serial_id,companion_id) VALUES (279,41);
INSERT INTO `serials_companions` (serial_id,companion_id) VALUES (280,41);
INSERT INTO `serials_companions` (serial_id,companion_id) VALUES (232,40);
INSERT INTO `serials_companions` (serial_id,companion_id) VALUES (233,38);
INSERT INTO `serials_companions` (serial_id,companion_id) VALUES (233,49);
INSERT INTO `serials_companions` (serial_id,companion_id) VALUES (286,41);
INSERT INTO `serials_companions` (serial_id,companion_id) VALUES (287,41);
INSERT INTO `serials_companions` (serial_id,companion_id) VALUES (265,41);
INSERT INTO `serials_companions` (serial_id,companion_id) VALUES (290,40);
INSERT INTO `serials_companions` (serial_id,companion_id) VALUES (256,41);
INSERT INTO `serials_companions` (serial_id,companion_id) VALUES (289,41);
INSERT INTO `serials_companions` (serial_id,companion_id) VALUES (294,43);
INSERT INTO `serials_companions` (serial_id,companion_id) VALUES (295,42);
INSERT INTO `serials_companions` (serial_id,companion_id) VALUES (296,42);
INSERT INTO `serials_companions` (serial_id,companion_id) VALUES (297,42);
INSERT INTO `serials_companions` (serial_id,companion_id) VALUES (298,42);
INSERT INTO `serials_companions` (serial_id,companion_id) VALUES (229,49);
INSERT INTO `serials_companions` (serial_id,companion_id) VALUES (299,42);
INSERT INTO `serials_companions` (serial_id,companion_id) VALUES (299,43);
INSERT INTO `serials_companions` (serial_id,companion_id) VALUES (300,42);
INSERT INTO `serials_companions` (serial_id,companion_id) VALUES (300,43);
INSERT INTO `serials_companions` (serial_id,companion_id) VALUES (301,42);
INSERT INTO `serials_companions` (serial_id,companion_id) VALUES (298,43);
INSERT INTO `serials_companions` (serial_id,companion_id) VALUES (302,42);
INSERT INTO `serials_companions` (serial_id,companion_id) VALUES (303,42);
INSERT INTO `serials_companions` (serial_id,companion_id) VALUES (294,42);
INSERT INTO `serials_companions` (serial_id,companion_id) VALUES (291,43);
INSERT INTO `serials_companions` (serial_id,companion_id) VALUES (303,43);
INSERT INTO `serials_companions` (serial_id,companion_id) VALUES (301,43);
INSERT INTO `serials_companions` (serial_id,companion_id) VALUES (305,43);
INSERT INTO `serials_companions` (serial_id,companion_id) VALUES (304,43);
INSERT INTO `serials_companions` (serial_id,companion_id) VALUES (305,42);
INSERT INTO `serials_companions` (serial_id,companion_id) VALUES (304,42);
INSERT INTO `serials_companions` (serial_id,companion_id) VALUES (282,41);
INSERT INTO `serials_companions` (serial_id,companion_id) VALUES (281,41);
INSERT INTO `serials_companions` (serial_id,companion_id) VALUES (285,41);
CREATE TABLE IF NOT EXISTS `serials` (
	`id`	int ( 11 ) NOT NULL,
	`season_id`	int ( 11 ) NOT NULL,
	`story`	text,
	`serial`	int ( 11 ) DEFAULT NULL,
	`title`	text NOT NULL,
	`production_code`	text,
	PRIMARY KEY(`id`)
);
INSERT INTO `serials` (id,season_id,story,serial,title,production_code) VALUES (1,1,'1',1,'An Unearthly Child','A');
INSERT INTO `serials` (id,season_id,story,serial,title,production_code) VALUES (2,1,'2',2,'The Daleks','B');
INSERT INTO `serials` (id,season_id,story,serial,title,production_code) VALUES (3,1,'3',3,'The Edge of Destruction','C');
INSERT INTO `serials` (id,season_id,story,serial,title,production_code) VALUES (4,1,'4',4,'Marco Polo','D');
INSERT INTO `serials` (id,season_id,story,serial,title,production_code) VALUES (5,1,'5',5,'The Keys of Marinus','E');
INSERT INTO `serials` (id,season_id,story,serial,title,production_code) VALUES (6,1,'6',6,'The Aztecs','F');
INSERT INTO `serials` (id,season_id,story,serial,title,production_code) VALUES (7,1,'7',7,'The Sensorites','G');
INSERT INTO `serials` (id,season_id,story,serial,title,production_code) VALUES (8,1,'8',8,'The Reign of Terror','H');
INSERT INTO `serials` (id,season_id,story,serial,title,production_code) VALUES (9,2,'9',1,'Planet of Giants','J');
INSERT INTO `serials` (id,season_id,story,serial,title,production_code) VALUES (10,2,'10',2,'The Dalek Invasion of Earth','K');
INSERT INTO `serials` (id,season_id,story,serial,title,production_code) VALUES (11,2,'11',3,'The Rescue','L');
INSERT INTO `serials` (id,season_id,story,serial,title,production_code) VALUES (12,2,'12',4,'The Romans','M');
INSERT INTO `serials` (id,season_id,story,serial,title,production_code) VALUES (13,2,'13',5,'The Web Planet','N');
INSERT INTO `serials` (id,season_id,story,serial,title,production_code) VALUES (14,2,'14',6,'The Crusade','P');
INSERT INTO `serials` (id,season_id,story,serial,title,production_code) VALUES (15,2,'15',7,'The Space Museum','Q');
INSERT INTO `serials` (id,season_id,story,serial,title,production_code) VALUES (16,2,'16',8,'The Chase','R');
INSERT INTO `serials` (id,season_id,story,serial,title,production_code) VALUES (17,2,'17',9,'The Time Meddler','S');
INSERT INTO `serials` (id,season_id,story,serial,title,production_code) VALUES (18,3,'18',1,'Galaxy 4','T');
INSERT INTO `serials` (id,season_id,story,serial,title,production_code) VALUES (19,3,'19',2,'Mission to the Unknown','T/A');
INSERT INTO `serials` (id,season_id,story,serial,title,production_code) VALUES (20,3,'20',3,'The Myth Makers','U');
INSERT INTO `serials` (id,season_id,story,serial,title,production_code) VALUES (21,3,'21',4,'The Daleks'' Master Plan','V');
INSERT INTO `serials` (id,season_id,story,serial,title,production_code) VALUES (22,3,'22',5,'The Massacre of St. Bartholomew''s Eve','W');
INSERT INTO `serials` (id,season_id,story,serial,title,production_code) VALUES (23,3,'23',6,'The Ark','X');
INSERT INTO `serials` (id,season_id,story,serial,title,production_code) VALUES (24,3,'24',7,'The Celestial Toymaker','Y');
INSERT INTO `serials` (id,season_id,story,serial,title,production_code) VALUES (25,3,'25',8,'The Gunfighters','Z');
INSERT INTO `serials` (id,season_id,story,serial,title,production_code) VALUES (26,3,'26',9,'The Savages','AA');
INSERT INTO `serials` (id,season_id,story,serial,title,production_code) VALUES (27,3,'27',10,'The War Machines','BB');
INSERT INTO `serials` (id,season_id,story,serial,title,production_code) VALUES (28,4,'28',1,'The Smugglers','CC');
INSERT INTO `serials` (id,season_id,story,serial,title,production_code) VALUES (29,4,'29',2,'The Tenth Planet','DD');
INSERT INTO `serials` (id,season_id,story,serial,title,production_code) VALUES (30,4,'30',3,'The Power of the Daleks','EE');
INSERT INTO `serials` (id,season_id,story,serial,title,production_code) VALUES (31,4,'31',4,'The Highlanders','FF');
INSERT INTO `serials` (id,season_id,story,serial,title,production_code) VALUES (32,4,'32',5,'The Underwater Menace','GG');
INSERT INTO `serials` (id,season_id,story,serial,title,production_code) VALUES (33,4,'33',6,'The Moonbase','HH');
INSERT INTO `serials` (id,season_id,story,serial,title,production_code) VALUES (34,4,'34',7,'The Macra Terror','JJ');
INSERT INTO `serials` (id,season_id,story,serial,title,production_code) VALUES (35,4,'35',8,'The Faceless Ones','KK');
INSERT INTO `serials` (id,season_id,story,serial,title,production_code) VALUES (36,4,'36',9,'The Evil of the Daleks','LL');
INSERT INTO `serials` (id,season_id,story,serial,title,production_code) VALUES (37,5,'37',1,'The Tomb of the Cybermen','MM');
INSERT INTO `serials` (id,season_id,story,serial,title,production_code) VALUES (38,5,'38',2,'The Abominable Snowmen','NN');
INSERT INTO `serials` (id,season_id,story,serial,title,production_code) VALUES (39,5,'39',3,'The Ice Warriors','OO');
INSERT INTO `serials` (id,season_id,story,serial,title,production_code) VALUES (40,5,'40',4,'The Enemy of the World','PP');
INSERT INTO `serials` (id,season_id,story,serial,title,production_code) VALUES (41,5,'41',5,'The Web of Fear','QQ');
INSERT INTO `serials` (id,season_id,story,serial,title,production_code) VALUES (42,5,'42',6,'Fury from the Deep','RR');
INSERT INTO `serials` (id,season_id,story,serial,title,production_code) VALUES (43,5,'43',7,'The Wheel in Space','SS');
INSERT INTO `serials` (id,season_id,story,serial,title,production_code) VALUES (44,6,'44',1,'The Dominators','TT');
INSERT INTO `serials` (id,season_id,story,serial,title,production_code) VALUES (45,6,'45',2,'The Mind Robber','UU');
INSERT INTO `serials` (id,season_id,story,serial,title,production_code) VALUES (46,6,'46',3,'The Invasion','VV');
INSERT INTO `serials` (id,season_id,story,serial,title,production_code) VALUES (47,6,'47',4,'The Krotons','WW');
INSERT INTO `serials` (id,season_id,story,serial,title,production_code) VALUES (48,6,'48',5,'The Seeds of Death','XX');
INSERT INTO `serials` (id,season_id,story,serial,title,production_code) VALUES (49,6,'49',6,'The Space Pirates','YY');
INSERT INTO `serials` (id,season_id,story,serial,title,production_code) VALUES (50,6,'50',7,'The War Games','ZZ');
INSERT INTO `serials` (id,season_id,story,serial,title,production_code) VALUES (51,7,'51',1,'Spearhead from Space','AAA');
INSERT INTO `serials` (id,season_id,story,serial,title,production_code) VALUES (52,7,'52',2,'Doctor Who and the Silurians','BBB');
INSERT INTO `serials` (id,season_id,story,serial,title,production_code) VALUES (53,7,'53',3,'The Ambassadors of Death','CCC');
INSERT INTO `serials` (id,season_id,story,serial,title,production_code) VALUES (54,7,'54',4,'Inferno','DDD');
INSERT INTO `serials` (id,season_id,story,serial,title,production_code) VALUES (55,8,'55',1,'Terror of the Autons','EEE');
INSERT INTO `serials` (id,season_id,story,serial,title,production_code) VALUES (56,8,'56',2,'The Mind of Evil','FFF');
INSERT INTO `serials` (id,season_id,story,serial,title,production_code) VALUES (57,8,'57',3,'The Claws of Axos','GGG');
INSERT INTO `serials` (id,season_id,story,serial,title,production_code) VALUES (58,8,'58',4,'Colony in Space','HHH');
INSERT INTO `serials` (id,season_id,story,serial,title,production_code) VALUES (59,8,'59',5,'The Daemons','JJJ');
INSERT INTO `serials` (id,season_id,story,serial,title,production_code) VALUES (60,9,'60',1,'Day of the Daleks','KKK');
INSERT INTO `serials` (id,season_id,story,serial,title,production_code) VALUES (61,9,'61',2,'The Curse of Peladon','MMM');
INSERT INTO `serials` (id,season_id,story,serial,title,production_code) VALUES (62,9,'62',3,'The Sea Devils','LLL');
INSERT INTO `serials` (id,season_id,story,serial,title,production_code) VALUES (63,9,'63',4,'The Mutants','NNN');
INSERT INTO `serials` (id,season_id,story,serial,title,production_code) VALUES (64,9,'64',5,'The Time Monster','OOO');
INSERT INTO `serials` (id,season_id,story,serial,title,production_code) VALUES (65,10,'65',1,'The Three Doctors','RRR');
INSERT INTO `serials` (id,season_id,story,serial,title,production_code) VALUES (66,10,'66',2,'Carnival of Monsters','PPP');
INSERT INTO `serials` (id,season_id,story,serial,title,production_code) VALUES (67,10,'67',3,'Frontier in Space','QQQ');
INSERT INTO `serials` (id,season_id,story,serial,title,production_code) VALUES (68,10,'68',4,'Planet of the Daleks','SSS');
INSERT INTO `serials` (id,season_id,story,serial,title,production_code) VALUES (69,10,'69',5,'The Green Death','TTT');
INSERT INTO `serials` (id,season_id,story,serial,title,production_code) VALUES (70,11,'70',1,'The Time Warrior','UUU');
INSERT INTO `serials` (id,season_id,story,serial,title,production_code) VALUES (71,11,'71',2,'Invasion of the Dinosaurs','WWW');
INSERT INTO `serials` (id,season_id,story,serial,title,production_code) VALUES (72,11,'72',3,'Death to the Daleks','XXX');
INSERT INTO `serials` (id,season_id,story,serial,title,production_code) VALUES (73,11,'73',4,'The Monster of Peladon','YYY');
INSERT INTO `serials` (id,season_id,story,serial,title,production_code) VALUES (74,11,'74',5,'Planet of the Spiders','ZZZ');
INSERT INTO `serials` (id,season_id,story,serial,title,production_code) VALUES (75,12,'75',1,'Robot','4A');
INSERT INTO `serials` (id,season_id,story,serial,title,production_code) VALUES (76,12,'76',2,'The Ark in Space','4C');
INSERT INTO `serials` (id,season_id,story,serial,title,production_code) VALUES (77,12,'77',3,'The Sontaran Experiment','4B');
INSERT INTO `serials` (id,season_id,story,serial,title,production_code) VALUES (78,12,'78',4,'Genesis of the Daleks','4E');
INSERT INTO `serials` (id,season_id,story,serial,title,production_code) VALUES (79,12,'79',5,'Revenge of the Cybermen','4D');
INSERT INTO `serials` (id,season_id,story,serial,title,production_code) VALUES (80,13,'80',1,'Terror of the Zygons','4F');
INSERT INTO `serials` (id,season_id,story,serial,title,production_code) VALUES (81,13,'81',2,'Planet of Evil','4H');
INSERT INTO `serials` (id,season_id,story,serial,title,production_code) VALUES (82,13,'82',3,'Pyramids of Mars','4G');
INSERT INTO `serials` (id,season_id,story,serial,title,production_code) VALUES (83,13,'83',4,'The Android Invasion','4J');
INSERT INTO `serials` (id,season_id,story,serial,title,production_code) VALUES (84,13,'84',5,'The Brain of Morbius','4K');
INSERT INTO `serials` (id,season_id,story,serial,title,production_code) VALUES (85,13,'85',6,'The Seeds of Doom','4L');
INSERT INTO `serials` (id,season_id,story,serial,title,production_code) VALUES (86,14,'86',1,'The Masque of Mandragora','4M');
INSERT INTO `serials` (id,season_id,story,serial,title,production_code) VALUES (87,14,'87',2,'The Hand of Fear','4N');
INSERT INTO `serials` (id,season_id,story,serial,title,production_code) VALUES (88,14,'88',3,'The Deadly Assassin','4P');
INSERT INTO `serials` (id,season_id,story,serial,title,production_code) VALUES (89,14,'89',4,'The Face of Evil','4Q');
INSERT INTO `serials` (id,season_id,story,serial,title,production_code) VALUES (90,14,'90',5,'The Robots of Death','4R');
INSERT INTO `serials` (id,season_id,story,serial,title,production_code) VALUES (91,14,'91',6,'The Talons of Weng-Chiang','4S');
INSERT INTO `serials` (id,season_id,story,serial,title,production_code) VALUES (92,15,'92',1,'Horror of Fang Rock','4V');
INSERT INTO `serials` (id,season_id,story,serial,title,production_code) VALUES (93,15,'93',2,'The Invisible Enemy','4T');
INSERT INTO `serials` (id,season_id,story,serial,title,production_code) VALUES (94,15,'94',3,'Image of the Fendahl','4X');
INSERT INTO `serials` (id,season_id,story,serial,title,production_code) VALUES (95,15,'95',4,'The Sun Makers','4W');
INSERT INTO `serials` (id,season_id,story,serial,title,production_code) VALUES (96,15,'96',5,'Underworld','4Y');
INSERT INTO `serials` (id,season_id,story,serial,title,production_code) VALUES (97,15,'97',6,'The Invasion of Time','4Z');
INSERT INTO `serials` (id,season_id,story,serial,title,production_code) VALUES (98,16,'98',1,'The Ribos Operation','5A');
INSERT INTO `serials` (id,season_id,story,serial,title,production_code) VALUES (99,16,'99',2,'The Pirate Planet','5B');
INSERT INTO `serials` (id,season_id,story,serial,title,production_code) VALUES (100,16,'100',3,'The Stones of Blood','5C');
INSERT INTO `serials` (id,season_id,story,serial,title,production_code) VALUES (101,16,'101',4,'The Androids of Tara','5D');
INSERT INTO `serials` (id,season_id,story,serial,title,production_code) VALUES (102,16,'102',5,'The Power of Kroll','5E');
INSERT INTO `serials` (id,season_id,story,serial,title,production_code) VALUES (103,16,'103',6,'The Armageddon Factor','5F');
INSERT INTO `serials` (id,season_id,story,serial,title,production_code) VALUES (104,17,'104',1,'Destiny of the Daleks','5J');
INSERT INTO `serials` (id,season_id,story,serial,title,production_code) VALUES (105,17,'105',2,'City of Death','5H');
INSERT INTO `serials` (id,season_id,story,serial,title,production_code) VALUES (106,17,'106',3,'The Creature from the Pit','5G');
INSERT INTO `serials` (id,season_id,story,serial,title,production_code) VALUES (107,17,'107',4,'Nightmare of Eden','5K');
INSERT INTO `serials` (id,season_id,story,serial,title,production_code) VALUES (108,17,'108',5,'The Horns of Nimon','5L');
INSERT INTO `serials` (id,season_id,story,serial,title,production_code) VALUES (109,17,'',6,'Shada','5M');
INSERT INTO `serials` (id,season_id,story,serial,title,production_code) VALUES (110,18,'109',1,'The Leisure Hive','5N');
INSERT INTO `serials` (id,season_id,story,serial,title,production_code) VALUES (111,18,'110',2,'Meglos','5Q');
INSERT INTO `serials` (id,season_id,story,serial,title,production_code) VALUES (112,18,'111',3,'Full Circle','5R');
INSERT INTO `serials` (id,season_id,story,serial,title,production_code) VALUES (113,18,'112',4,'State of Decay','5P');
INSERT INTO `serials` (id,season_id,story,serial,title,production_code) VALUES (114,18,'113',5,'Warriors'' Gate','5S');
INSERT INTO `serials` (id,season_id,story,serial,title,production_code) VALUES (115,18,'114',6,'The Keeper of Traken','5T');
INSERT INTO `serials` (id,season_id,story,serial,title,production_code) VALUES (116,18,'115',7,'Logopolis','5V');
INSERT INTO `serials` (id,season_id,story,serial,title,production_code) VALUES (117,19,'116',1,'Castrovalva','5Z');
INSERT INTO `serials` (id,season_id,story,serial,title,production_code) VALUES (118,19,'117',2,'Four to Doomsday','5W');
INSERT INTO `serials` (id,season_id,story,serial,title,production_code) VALUES (119,19,'118',3,'Kinda','5Y');
INSERT INTO `serials` (id,season_id,story,serial,title,production_code) VALUES (120,19,'119',4,'The Visitation','5X');
INSERT INTO `serials` (id,season_id,story,serial,title,production_code) VALUES (121,19,'120',5,'Black Orchid','6A');
INSERT INTO `serials` (id,season_id,story,serial,title,production_code) VALUES (122,19,'121',6,'Earthshock','6B');
INSERT INTO `serials` (id,season_id,story,serial,title,production_code) VALUES (123,19,'122',7,'Time-Flight','6C');
INSERT INTO `serials` (id,season_id,story,serial,title,production_code) VALUES (124,20,'123',1,'Arc of Infinity','6E');
INSERT INTO `serials` (id,season_id,story,serial,title,production_code) VALUES (125,20,'124',2,'Snakedance','6D');
INSERT INTO `serials` (id,season_id,story,serial,title,production_code) VALUES (126,20,'125',3,'Mawdryn Undead','6F');
INSERT INTO `serials` (id,season_id,story,serial,title,production_code) VALUES (127,20,'126',4,'Terminus','6G');
INSERT INTO `serials` (id,season_id,story,serial,title,production_code) VALUES (128,20,'127',5,'Enlightenment','6H');
INSERT INTO `serials` (id,season_id,story,serial,title,production_code) VALUES (129,20,'128',6,'The King''s Demons','6J');
INSERT INTO `serials` (id,season_id,story,serial,title,production_code) VALUES (130,20,'129',0,'The Five Doctors','6K');
INSERT INTO `serials` (id,season_id,story,serial,title,production_code) VALUES (131,21,'130',1,'Warriors of the Deep','6L');
INSERT INTO `serials` (id,season_id,story,serial,title,production_code) VALUES (132,21,'131',2,'The Awakening','6M');
INSERT INTO `serials` (id,season_id,story,serial,title,production_code) VALUES (133,21,'132',3,'Frontios','6N');
INSERT INTO `serials` (id,season_id,story,serial,title,production_code) VALUES (134,21,'133',4,'Resurrection of the Daleks','6P');
INSERT INTO `serials` (id,season_id,story,serial,title,production_code) VALUES (135,21,'134',5,'Planet of Fire','6Q');
INSERT INTO `serials` (id,season_id,story,serial,title,production_code) VALUES (136,21,'135',6,'The Caves of Androzani','6R');
INSERT INTO `serials` (id,season_id,story,serial,title,production_code) VALUES (137,21,'136',7,'The Twin Dilemma','6S');
INSERT INTO `serials` (id,season_id,story,serial,title,production_code) VALUES (138,22,'137',1,'Attack of the Cybermen','6T');
INSERT INTO `serials` (id,season_id,story,serial,title,production_code) VALUES (139,22,'138',2,'Vengeance on Varos','6V');
INSERT INTO `serials` (id,season_id,story,serial,title,production_code) VALUES (140,22,'139',3,'The Mark of the Rani','6X');
INSERT INTO `serials` (id,season_id,story,serial,title,production_code) VALUES (141,22,'140',4,'The Two Doctors','6W');
INSERT INTO `serials` (id,season_id,story,serial,title,production_code) VALUES (142,22,'141',5,'Timelash','6Y');
INSERT INTO `serials` (id,season_id,story,serial,title,production_code) VALUES (143,22,'142',6,'Revelation of the Daleks','6Z');
INSERT INTO `serials` (id,season_id,story,serial,title,production_code) VALUES (144,23,'143a',1,'The Mysterious Planet','7A');
INSERT INTO `serials` (id,season_id,story,serial,title,production_code) VALUES (145,23,'143b',2,'Mindwarp','7B');
INSERT INTO `serials` (id,season_id,story,serial,title,production_code) VALUES (146,23,'143c',3,'Terror of the Vervoids','7C');
INSERT INTO `serials` (id,season_id,story,serial,title,production_code) VALUES (147,23,'143d',4,'The Ultimate Foe','7C');
INSERT INTO `serials` (id,season_id,story,serial,title,production_code) VALUES (148,24,'144',1,'Time and the Rani','7D');
INSERT INTO `serials` (id,season_id,story,serial,title,production_code) VALUES (149,24,'145',2,'Paradise Towers','7E');
INSERT INTO `serials` (id,season_id,story,serial,title,production_code) VALUES (150,24,'146',3,'Delta and the Bannermen','7F');
INSERT INTO `serials` (id,season_id,story,serial,title,production_code) VALUES (151,24,'147',4,'Dragonfire','7G');
INSERT INTO `serials` (id,season_id,story,serial,title,production_code) VALUES (152,25,'148',1,'Remembrance of the Daleks','7H');
INSERT INTO `serials` (id,season_id,story,serial,title,production_code) VALUES (153,25,'149',2,'The Happiness Patrol','7L');
INSERT INTO `serials` (id,season_id,story,serial,title,production_code) VALUES (154,25,'150',3,'Silver Nemesis','7K');
INSERT INTO `serials` (id,season_id,story,serial,title,production_code) VALUES (155,25,'151',4,'The Greatest Show in the Galaxy','7J');
INSERT INTO `serials` (id,season_id,story,serial,title,production_code) VALUES (156,26,'152',1,'Battlefield','7N');
INSERT INTO `serials` (id,season_id,story,serial,title,production_code) VALUES (157,26,'153',2,'Ghost Light','7Q');
INSERT INTO `serials` (id,season_id,story,serial,title,production_code) VALUES (158,26,'154',3,'The Curse of Fenric','7M');
INSERT INTO `serials` (id,season_id,story,serial,title,production_code) VALUES (159,26,'155',4,'Survival','7P');
INSERT INTO `serials` (id,season_id,story,serial,title,production_code) VALUES (160,27,'156',0,'Doctor Who','TVM');
INSERT INTO `serials` (id,season_id,story,serial,title,production_code) VALUES (161,28,'157',1,'Rose','1.1');
INSERT INTO `serials` (id,season_id,story,serial,title,production_code) VALUES (162,28,'158',2,'The End of the World','1.2');
INSERT INTO `serials` (id,season_id,story,serial,title,production_code) VALUES (163,28,'159',3,'The Unquiet Dead','1.3');
INSERT INTO `serials` (id,season_id,story,serial,title,production_code) VALUES (164,28,'160a',4,'Aliens of London','1.4');
INSERT INTO `serials` (id,season_id,story,serial,title,production_code) VALUES (165,28,'160b',5,'World War Three','1.5');
INSERT INTO `serials` (id,season_id,story,serial,title,production_code) VALUES (166,28,'161',6,'Dalek','1.6');
INSERT INTO `serials` (id,season_id,story,serial,title,production_code) VALUES (167,28,'162',7,'The Long Game','1.7');
INSERT INTO `serials` (id,season_id,story,serial,title,production_code) VALUES (168,28,'163',8,'Father''s Day','1.8');
INSERT INTO `serials` (id,season_id,story,serial,title,production_code) VALUES (169,28,'164a',9,'The Empty Child','1.9');
INSERT INTO `serials` (id,season_id,story,serial,title,production_code) VALUES (170,28,'164b',10,'The Doctor Dances','1.10');
INSERT INTO `serials` (id,season_id,story,serial,title,production_code) VALUES (171,28,'165',11,'Boom Town','1.11');
INSERT INTO `serials` (id,season_id,story,serial,title,production_code) VALUES (172,28,'166a',12,'Bad Wolf','1.12');
INSERT INTO `serials` (id,season_id,story,serial,title,production_code) VALUES (173,28,'166b',13,'The Parting of the Ways','1.13');
INSERT INTO `serials` (id,season_id,story,serial,title,production_code) VALUES (174,29,'167',0,'The Christmas Invasion','2X');
INSERT INTO `serials` (id,season_id,story,serial,title,production_code) VALUES (175,29,'168',1,'New Earth','2.1');
INSERT INTO `serials` (id,season_id,story,serial,title,production_code) VALUES (176,29,'169',2,'Tooth and Claw','2.2');
INSERT INTO `serials` (id,season_id,story,serial,title,production_code) VALUES (177,29,'170',3,'School Reunion','2.3');
INSERT INTO `serials` (id,season_id,story,serial,title,production_code) VALUES (178,29,'171',4,'The Girl in the Fireplace','2.4');
INSERT INTO `serials` (id,season_id,story,serial,title,production_code) VALUES (179,29,'172a',5,'Rise of the Cybermen','2.5');
INSERT INTO `serials` (id,season_id,story,serial,title,production_code) VALUES (180,29,'172b',6,'The Age of Steel','2.6');
INSERT INTO `serials` (id,season_id,story,serial,title,production_code) VALUES (181,29,'173',7,'The Idiot''s Lantern','2.7');
INSERT INTO `serials` (id,season_id,story,serial,title,production_code) VALUES (182,29,'174a',8,'The Impossible Planet','2.8');
INSERT INTO `serials` (id,season_id,story,serial,title,production_code) VALUES (183,29,'174b',9,'The Satan Pit','2.9');
INSERT INTO `serials` (id,season_id,story,serial,title,production_code) VALUES (184,29,'175',10,'Love & Monsters','2.10');
INSERT INTO `serials` (id,season_id,story,serial,title,production_code) VALUES (185,29,'176',11,'Fear Her','2.11');
INSERT INTO `serials` (id,season_id,story,serial,title,production_code) VALUES (186,29,'177a',12,'Army of Ghosts','2.12');
INSERT INTO `serials` (id,season_id,story,serial,title,production_code) VALUES (187,29,'177b',13,'Doomsday','2.13');
INSERT INTO `serials` (id,season_id,story,serial,title,production_code) VALUES (188,30,'178',0,'The Runaway Bride','3X');
INSERT INTO `serials` (id,season_id,story,serial,title,production_code) VALUES (189,30,'179',1,'Smith and Jones','3.1');
INSERT INTO `serials` (id,season_id,story,serial,title,production_code) VALUES (190,30,'180',2,'The Shakespeare Code','3.2');
INSERT INTO `serials` (id,season_id,story,serial,title,production_code) VALUES (191,30,'181',3,'Gridlock','3.3');
INSERT INTO `serials` (id,season_id,story,serial,title,production_code) VALUES (192,30,'182a',4,'Daleks in Manhattan','3.4');
INSERT INTO `serials` (id,season_id,story,serial,title,production_code) VALUES (193,30,'182b',5,'Evolution of the Daleks','3.5');
INSERT INTO `serials` (id,season_id,story,serial,title,production_code) VALUES (194,30,'183',6,'The Lazarus Experiment','3.6');
INSERT INTO `serials` (id,season_id,story,serial,title,production_code) VALUES (195,30,'184',7,'42','3.7');
INSERT INTO `serials` (id,season_id,story,serial,title,production_code) VALUES (196,30,'185a',8,'Human Nature','3.8');
INSERT INTO `serials` (id,season_id,story,serial,title,production_code) VALUES (197,30,'185b',9,'The Family of Blood','3.9');
INSERT INTO `serials` (id,season_id,story,serial,title,production_code) VALUES (198,30,'186',10,'Blink','3.10');
INSERT INTO `serials` (id,season_id,story,serial,title,production_code) VALUES (199,30,'187a',11,'Utopia','3.11');
INSERT INTO `serials` (id,season_id,story,serial,title,production_code) VALUES (200,30,'187b',12,'The Sound of Drums','3.12');
INSERT INTO `serials` (id,season_id,story,serial,title,production_code) VALUES (201,30,'187c',13,'Last of the Time Lords','3.13');
INSERT INTO `serials` (id,season_id,story,serial,title,production_code) VALUES (202,31,'188',0,'Voyage of the Damned','4X');
INSERT INTO `serials` (id,season_id,story,serial,title,production_code) VALUES (203,31,'189',1,'Partners in Crime','4.1');
INSERT INTO `serials` (id,season_id,story,serial,title,production_code) VALUES (204,31,'190',2,'The Fires of Pompeii','4.3');
INSERT INTO `serials` (id,season_id,story,serial,title,production_code) VALUES (205,31,'191',3,'Planet of the Ood','4.2');
INSERT INTO `serials` (id,season_id,story,serial,title,production_code) VALUES (206,31,'192a',4,'The Sontaran Stratagem','4.4');
INSERT INTO `serials` (id,season_id,story,serial,title,production_code) VALUES (207,31,'192b',5,'The Poison Sky','4.5');
INSERT INTO `serials` (id,season_id,story,serial,title,production_code) VALUES (208,31,'193',6,'The Doctor''s Daughter','4.6');
INSERT INTO `serials` (id,season_id,story,serial,title,production_code) VALUES (209,31,'194',7,'The Unicorn and the Wasp','4.7');
INSERT INTO `serials` (id,season_id,story,serial,title,production_code) VALUES (210,31,'195a',8,'Silence in the Library','4.9');
INSERT INTO `serials` (id,season_id,story,serial,title,production_code) VALUES (211,31,'195b',9,'Forest of the Dead','4.10');
INSERT INTO `serials` (id,season_id,story,serial,title,production_code) VALUES (212,31,'196',10,'Midnight','4.8');
INSERT INTO `serials` (id,season_id,story,serial,title,production_code) VALUES (213,31,'197',11,'Turn Left','4.11');
INSERT INTO `serials` (id,season_id,story,serial,title,production_code) VALUES (214,31,'198a',12,'The Stolen Earth','4.12');
INSERT INTO `serials` (id,season_id,story,serial,title,production_code) VALUES (215,31,'198b',13,'Journey''s End','4.13');
INSERT INTO `serials` (id,season_id,story,serial,title,production_code) VALUES (216,32,'199',1,'The Next Doctor','4.14');
INSERT INTO `serials` (id,season_id,story,serial,title,production_code) VALUES (217,32,'200',2,'Planet of the Dead','4.15');
INSERT INTO `serials` (id,season_id,story,serial,title,production_code) VALUES (218,32,'201',3,'The Waters of Mars','4.16');
INSERT INTO `serials` (id,season_id,story,serial,title,production_code) VALUES (219,32,'202',4,'The End of Time part 1','4.17');
INSERT INTO `serials` (id,season_id,story,serial,title,production_code) VALUES (220,32,'202',5,'The End of Time part 2','4.18');
INSERT INTO `serials` (id,season_id,story,serial,title,production_code) VALUES (221,33,'203',1,'The Eleventh Hour','1.1');
INSERT INTO `serials` (id,season_id,story,serial,title,production_code) VALUES (222,33,'204',2,'The Beast Below','1.2');
INSERT INTO `serials` (id,season_id,story,serial,title,production_code) VALUES (223,33,'205',3,'Victory of the Daleks','1.3');
INSERT INTO `serials` (id,season_id,story,serial,title,production_code) VALUES (224,33,'206a',4,'The Time of Angels','1.4');
INSERT INTO `serials` (id,season_id,story,serial,title,production_code) VALUES (225,33,'206b',5,'Flesh and Stone','1.5');
INSERT INTO `serials` (id,season_id,story,serial,title,production_code) VALUES (226,33,'207',6,'The Vampires of Venice','1.6');
INSERT INTO `serials` (id,season_id,story,serial,title,production_code) VALUES (227,33,'208',7,'Amy''s Choice','1.7');
INSERT INTO `serials` (id,season_id,story,serial,title,production_code) VALUES (228,33,'209a',8,'The Hungry Earth','1.8');
INSERT INTO `serials` (id,season_id,story,serial,title,production_code) VALUES (229,33,'209b',9,'Cold Blood','1.9');
INSERT INTO `serials` (id,season_id,story,serial,title,production_code) VALUES (230,33,'210',10,'Vincent and the Doctor','1.10');
INSERT INTO `serials` (id,season_id,story,serial,title,production_code) VALUES (231,33,'211',11,'The Lodger','1.11');
INSERT INTO `serials` (id,season_id,story,serial,title,production_code) VALUES (232,33,'212a',12,'The Pandorica Opens','1.12');
INSERT INTO `serials` (id,season_id,story,serial,title,production_code) VALUES (233,33,'212b',13,'The Big Bang','1.13');
INSERT INTO `serials` (id,season_id,story,serial,title,production_code) VALUES (234,34,'213',0,'A Christmas Carol','2.X');
INSERT INTO `serials` (id,season_id,story,serial,title,production_code) VALUES (235,34,'214a',1,'The Impossible Astronaut','2.1');
INSERT INTO `serials` (id,season_id,story,serial,title,production_code) VALUES (236,34,'214b',2,'Day of the Moon','2.2');
INSERT INTO `serials` (id,season_id,story,serial,title,production_code) VALUES (237,34,'215',3,'The Curse of the Black Spot','2.9');
INSERT INTO `serials` (id,season_id,story,serial,title,production_code) VALUES (238,34,'216',4,'The Doctor''s Wife','2.3');
INSERT INTO `serials` (id,season_id,story,serial,title,production_code) VALUES (239,34,'217a',5,'The Rebel Flesh','2.5');
INSERT INTO `serials` (id,season_id,story,serial,title,production_code) VALUES (240,34,'217b',6,'The Almost People','2.6');
INSERT INTO `serials` (id,season_id,story,serial,title,production_code) VALUES (241,34,'218',7,'A Good Man Goes to War','2.7');
INSERT INTO `serials` (id,season_id,story,serial,title,production_code) VALUES (242,34,'219',8,'Let''s Kill Hitler','2.8');
INSERT INTO `serials` (id,season_id,story,serial,title,production_code) VALUES (243,34,'220',9,'Night Terrors','2.4');
INSERT INTO `serials` (id,season_id,story,serial,title,production_code) VALUES (244,34,'221',10,'The Girl Who Waited','2.10');
INSERT INTO `serials` (id,season_id,story,serial,title,production_code) VALUES (245,34,'222',11,'The God Complex','2.11');
INSERT INTO `serials` (id,season_id,story,serial,title,production_code) VALUES (246,34,'223',12,'Closing Time','2.12');
INSERT INTO `serials` (id,season_id,story,serial,title,production_code) VALUES (247,34,'224',13,'The Wedding of River Song','2.13');
INSERT INTO `serials` (id,season_id,story,serial,title,production_code) VALUES (248,35,'225',0,'The Doctor, the Widow and the Wardrobe','');
INSERT INTO `serials` (id,season_id,story,serial,title,production_code) VALUES (249,35,'226',1,'Asylum of the Daleks','');
INSERT INTO `serials` (id,season_id,story,serial,title,production_code) VALUES (250,35,'227',2,'Dinosaurs on a Spaceship','');
INSERT INTO `serials` (id,season_id,story,serial,title,production_code) VALUES (251,35,'228',3,'A Town Called Mercy','');
INSERT INTO `serials` (id,season_id,story,serial,title,production_code) VALUES (252,35,'229',4,'The Power of Three','');
INSERT INTO `serials` (id,season_id,story,serial,title,production_code) VALUES (253,35,'230',5,'The Angels Take Manhattan','');
INSERT INTO `serials` (id,season_id,story,serial,title,production_code) VALUES (254,35,'231',0,'The Snowmen','');
INSERT INTO `serials` (id,season_id,story,serial,title,production_code) VALUES (255,35,'232',6,'The Bells of Saint John','');
INSERT INTO `serials` (id,season_id,story,serial,title,production_code) VALUES (256,35,'233',7,'The Rings of Akhaten','');
INSERT INTO `serials` (id,season_id,story,serial,title,production_code) VALUES (257,35,'234',8,'Cold War','');
INSERT INTO `serials` (id,season_id,story,serial,title,production_code) VALUES (258,35,'235',9,'Hide','');
INSERT INTO `serials` (id,season_id,story,serial,title,production_code) VALUES (259,35,'236',10,'Journey to the Centre of the TARDIS','');
INSERT INTO `serials` (id,season_id,story,serial,title,production_code) VALUES (260,35,'237',11,'The Crimson Horror','');
INSERT INTO `serials` (id,season_id,story,serial,title,production_code) VALUES (261,35,'238',12,'Nightmare in Silver','');
INSERT INTO `serials` (id,season_id,story,serial,title,production_code) VALUES (262,35,'239',13,'The Name of the Doctor','');
INSERT INTO `serials` (id,season_id,story,serial,title,production_code) VALUES (263,36,'240',1,'The Day of the Doctor','');
INSERT INTO `serials` (id,season_id,story,serial,title,production_code) VALUES (264,36,'241',2,'The Time of the Doctor','');
INSERT INTO `serials` (id,season_id,story,serial,title,production_code) VALUES (265,37,'242',1,'Deep Breath','');
INSERT INTO `serials` (id,season_id,story,serial,title,production_code) VALUES (266,37,'243',2,'Into the Dalek','');
INSERT INTO `serials` (id,season_id,story,serial,title,production_code) VALUES (267,37,'244',3,'Robot of Sherwood','');
INSERT INTO `serials` (id,season_id,story,serial,title,production_code) VALUES (268,37,'245',4,'Listen','');
INSERT INTO `serials` (id,season_id,story,serial,title,production_code) VALUES (269,37,'246',5,'Time Heist','');
INSERT INTO `serials` (id,season_id,story,serial,title,production_code) VALUES (270,37,'247',6,'The Caretaker','');
INSERT INTO `serials` (id,season_id,story,serial,title,production_code) VALUES (271,37,'248',7,'Kill the Moon','');
INSERT INTO `serials` (id,season_id,story,serial,title,production_code) VALUES (272,37,'249',8,'Mummy on the Orient Express','');
INSERT INTO `serials` (id,season_id,story,serial,title,production_code) VALUES (273,37,'250',9,'Flatline','');
INSERT INTO `serials` (id,season_id,story,serial,title,production_code) VALUES (274,37,'251',10,'In the Forest of the Night','');
INSERT INTO `serials` (id,season_id,story,serial,title,production_code) VALUES (275,37,'252a',11,'Dark Water','');
INSERT INTO `serials` (id,season_id,story,serial,title,production_code) VALUES (276,37,'252b',12,'Death in Heaven','');
INSERT INTO `serials` (id,season_id,story,serial,title,production_code) VALUES (277,38,'253',0,'Last Christmas','');
INSERT INTO `serials` (id,season_id,story,serial,title,production_code) VALUES (278,38,'254a',1,'The Magician''s Apprentice','');
INSERT INTO `serials` (id,season_id,story,serial,title,production_code) VALUES (279,38,'254b',2,'The Witch''s Familiar','');
INSERT INTO `serials` (id,season_id,story,serial,title,production_code) VALUES (280,38,'255a',3,'Under the Lake','');
INSERT INTO `serials` (id,season_id,story,serial,title,production_code) VALUES (281,38,'255b',4,'Before the Flood','');
INSERT INTO `serials` (id,season_id,story,serial,title,production_code) VALUES (282,38,'256',5,'The Girl Who Died','');
INSERT INTO `serials` (id,season_id,story,serial,title,production_code) VALUES (283,38,'257',6,'The Woman Who Lived','');
INSERT INTO `serials` (id,season_id,story,serial,title,production_code) VALUES (284,38,'258a',7,'The Zygon Invasion','');
INSERT INTO `serials` (id,season_id,story,serial,title,production_code) VALUES (285,38,'258b',8,'The Zygon Inversion','');
INSERT INTO `serials` (id,season_id,story,serial,title,production_code) VALUES (286,38,'259',9,'Sleep No More','');
INSERT INTO `serials` (id,season_id,story,serial,title,production_code) VALUES (287,38,'260',10,'Face the Raven','');
INSERT INTO `serials` (id,season_id,story,serial,title,production_code) VALUES (288,38,'261',11,'Heaven Sent','');
INSERT INTO `serials` (id,season_id,story,serial,title,production_code) VALUES (289,38,'262',12,'Hell Bent','');
INSERT INTO `serials` (id,season_id,story,serial,title,production_code) VALUES (290,38,'263',0,'The Husbands of River Song','');
INSERT INTO `serials` (id,season_id,story,serial,title,production_code) VALUES (291,39,'264',0,'The Return of Doctor Mysterio','');
INSERT INTO `serials` (id,season_id,story,serial,title,production_code) VALUES (292,40,'',0,'Dr. Who and the Daleks','');
INSERT INTO `serials` (id,season_id,story,serial,title,production_code) VALUES (293,40,'',0,'Daleks -- Invasion Earth: 2150 A.D.','');
INSERT INTO `serials` (id,season_id,story,serial,title,production_code) VALUES (294,39,'265',1,'The Pilot',NULL);
INSERT INTO `serials` (id,season_id,story,serial,title,production_code) VALUES (295,39,'266',2,'Smile',NULL);
INSERT INTO `serials` (id,season_id,story,serial,title,production_code) VALUES (296,39,'267',3,'Thin Ice',NULL);
INSERT INTO `serials` (id,season_id,story,serial,title,production_code) VALUES (297,39,'268',4,'Knock Knock',NULL);
INSERT INTO `serials` (id,season_id,story,serial,title,production_code) VALUES (298,39,'269',5,'Oxygen',NULL);
INSERT INTO `serials` (id,season_id,story,serial,title,production_code) VALUES (299,39,'270',6,'Extremis',NULL);
INSERT INTO `serials` (id,season_id,story,serial,title,production_code) VALUES (300,39,'271',7,'The Pyramid at the End of the World',NULL);
INSERT INTO `serials` (id,season_id,story,serial,title,production_code) VALUES (301,39,'272',8,'The Lie of the Land',NULL);
INSERT INTO `serials` (id,season_id,story,serial,title,production_code) VALUES (302,39,'273',9,'Empress of Mars',NULL);
INSERT INTO `serials` (id,season_id,story,serial,title,production_code) VALUES (303,39,'274',10,'The Eaters of Light',NULL);
INSERT INTO `serials` (id,season_id,story,serial,title,production_code) VALUES (304,39,'275a',11,'World Enough and Time',NULL);
INSERT INTO `serials` (id,season_id,story,serial,title,production_code) VALUES (305,39,'275b',12,'The Doctor Falls',NULL);
INSERT INTO `serials` (id,season_id,story,serial,title,production_code) VALUES (306,39,'276',0,'Twice Upon a Time',NULL);
INSERT INTO `serials` (id,season_id,story,serial,title,production_code) VALUES (307,41,'277',1,'The Woman Who Fell to Earth',NULL);
INSERT INTO `serials` (id,season_id,story,serial,title,production_code) VALUES (308,41,'278',2,'The Ghost Monument',NULL);
INSERT INTO `serials` (id,season_id,story,serial,title,production_code) VALUES (309,41,'279',3,'Rosa',NULL);
INSERT INTO `serials` (id,season_id,story,serial,title,production_code) VALUES (310,41,'280',4,'Arachnids in the UK',NULL);
INSERT INTO `serials` (id,season_id,story,serial,title,production_code) VALUES (311,41,'281',5,'The Tsuranga Conundrum',NULL);
INSERT INTO `serials` (id,season_id,story,serial,title,production_code) VALUES (312,41,'282',6,'Demons of the Punjab',NULL);
INSERT INTO `serials` (id,season_id,story,serial,title,production_code) VALUES (313,41,'283',7,'Kerblam!',NULL);
INSERT INTO `serials` (id,season_id,story,serial,title,production_code) VALUES (314,41,'284',8,'The Witchfinders',NULL);
INSERT INTO `serials` (id,season_id,story,serial,title,production_code) VALUES (315,41,'285',9,'It Takes You Away',NULL);
INSERT INTO `serials` (id,season_id,story,serial,title,production_code) VALUES (316,41,'286',10,'The Battle of Ranskoor Av Kolos',NULL);
INSERT INTO `serials` (id,season_id,story,serial,title,production_code) VALUES (317,41,'287',0,'Resolution',NULL);
CREATE TABLE IF NOT EXISTS `seasons` (
	`id`	int ( 11 ) NOT NULL,
	`name`	text NOT NULL,
	PRIMARY KEY(`id`)
);
INSERT INTO `seasons` (id,name) VALUES (1,'Season 1');
INSERT INTO `seasons` (id,name) VALUES (2,'Season 2');
INSERT INTO `seasons` (id,name) VALUES (3,'Season 3');
INSERT INTO `seasons` (id,name) VALUES (4,'Season 4');
INSERT INTO `seasons` (id,name) VALUES (5,'Season 5');
INSERT INTO `seasons` (id,name) VALUES (6,'Season 6');
INSERT INTO `seasons` (id,name) VALUES (7,'Season 7');
INSERT INTO `seasons` (id,name) VALUES (8,'Season 8');
INSERT INTO `seasons` (id,name) VALUES (9,'Season 9');
INSERT INTO `seasons` (id,name) VALUES (10,'Season 10');
INSERT INTO `seasons` (id,name) VALUES (11,'Season 11');
INSERT INTO `seasons` (id,name) VALUES (12,'Season 12');
INSERT INTO `seasons` (id,name) VALUES (13,'Season 13');
INSERT INTO `seasons` (id,name) VALUES (14,'Season 14');
INSERT INTO `seasons` (id,name) VALUES (15,'Season 15');
INSERT INTO `seasons` (id,name) VALUES (16,'Season 16');
INSERT INTO `seasons` (id,name) VALUES (17,'Season 17');
INSERT INTO `seasons` (id,name) VALUES (18,'Season 18');
INSERT INTO `seasons` (id,name) VALUES (19,'Season 19');
INSERT INTO `seasons` (id,name) VALUES (20,'Season 20');
INSERT INTO `seasons` (id,name) VALUES (21,'Season 21');
INSERT INTO `seasons` (id,name) VALUES (22,'Season 22');
INSERT INTO `seasons` (id,name) VALUES (23,'Season 23');
INSERT INTO `seasons` (id,name) VALUES (24,'Season 24');
INSERT INTO `seasons` (id,name) VALUES (25,'Season 25');
INSERT INTO `seasons` (id,name) VALUES (26,'Season 26');
INSERT INTO `seasons` (id,name) VALUES (27,'TV movie');
INSERT INTO `seasons` (id,name) VALUES (28,'Series 1');
INSERT INTO `seasons` (id,name) VALUES (29,'Series 2');
INSERT INTO `seasons` (id,name) VALUES (30,'Series 3');
INSERT INTO `seasons` (id,name) VALUES (31,'Series 4');
INSERT INTO `seasons` (id,name) VALUES (32,'Specials (20082010)');
INSERT INTO `seasons` (id,name) VALUES (33,'Series 5');
INSERT INTO `seasons` (id,name) VALUES (34,'Series 6');
INSERT INTO `seasons` (id,name) VALUES (35,'Series 7');
INSERT INTO `seasons` (id,name) VALUES (36,'Specials (2013)');
INSERT INTO `seasons` (id,name) VALUES (37,'Series 8');
INSERT INTO `seasons` (id,name) VALUES (38,'Series 9');
INSERT INTO `seasons` (id,name) VALUES (39,'Series 10');
INSERT INTO `seasons` (id,name) VALUES (40,'Films');
INSERT INTO `seasons` (id,name) VALUES (41,'Series 11');
CREATE TABLE IF NOT EXISTS `episodes` (
	`id`	INTEGER NOT NULL PRIMARY KEY AUTOINCREMENT,
	`title`	TEXT NOT NULL,
	`serial_id`	INTEGER NOT NULL,
	`story`	TEXT,
	`episode_order`	TEXT NOT NULL,
	`original_air_date`	TEXT NOT NULL,
	`runtime`	TEXT,
	`uk_viewers_mm`	NUMERIC,
	`appreciation_index`	INTEGER,
	`missing`	INTEGER DEFAULT 0,
	`recreated`	INTEGER DEFAULT 0
);
INSERT INTO `episodes` (id,title,serial_id,story,episode_order,original_air_date,runtime,uk_viewers_mm,appreciation_index,missing,recreated) VALUES (1,'An Unearthly Child',1,'1','1.0','1963-11-23','23:24',4.4,63,0,0);
INSERT INTO `episodes` (id,title,serial_id,story,episode_order,original_air_date,runtime,uk_viewers_mm,appreciation_index,missing,recreated) VALUES (2,'The Cave of Skulls',1,'1','2.0','1963-11-30','24:26',5.9,59,0,0);
INSERT INTO `episodes` (id,title,serial_id,story,episode_order,original_air_date,runtime,uk_viewers_mm,appreciation_index,missing,recreated) VALUES (3,'The Forest of Fear',1,'1','3.0','1963-12-07','23:38',6.9,56,0,0);
INSERT INTO `episodes` (id,title,serial_id,story,episode_order,original_air_date,runtime,uk_viewers_mm,appreciation_index,missing,recreated) VALUES (4,'The Firemaker',1,'1','4.0','1963-12-14','24:22',6.4,55,0,0);
INSERT INTO `episodes` (id,title,serial_id,story,episode_order,original_air_date,runtime,uk_viewers_mm,appreciation_index,missing,recreated) VALUES (5,'The Dead Planet',2,'2','1.0','1963-12-21','24:22',6.9,59,0,0);
INSERT INTO `episodes` (id,title,serial_id,story,episode_order,original_air_date,runtime,uk_viewers_mm,appreciation_index,missing,recreated) VALUES (6,'The Survivors',2,'2','2.0','1963-12-28','24:27',6.4,58,0,0);
INSERT INTO `episodes` (id,title,serial_id,story,episode_order,original_air_date,runtime,uk_viewers_mm,appreciation_index,missing,recreated) VALUES (7,'The Escape',2,'2','3.0','1964-01-04','25:10',8.9,63,0,0);
INSERT INTO `episodes` (id,title,serial_id,story,episode_order,original_air_date,runtime,uk_viewers_mm,appreciation_index,missing,recreated) VALUES (8,'The Ambush',2,'2','4.0','1964-01-11','24:37',9.9,63,0,0);
INSERT INTO `episodes` (id,title,serial_id,story,episode_order,original_air_date,runtime,uk_viewers_mm,appreciation_index,missing,recreated) VALUES (9,'The Expedition',2,'2','5.0','1964-01-18','24:31',9.9,63,0,0);
INSERT INTO `episodes` (id,title,serial_id,story,episode_order,original_air_date,runtime,uk_viewers_mm,appreciation_index,missing,recreated) VALUES (10,'The Ordeal',2,'2','6.0','1964-01-25','26:14',10.4,63,0,0);
INSERT INTO `episodes` (id,title,serial_id,story,episode_order,original_air_date,runtime,uk_viewers_mm,appreciation_index,missing,recreated) VALUES (11,'The Rescue',2,'2','7.0','1964-02-01','22:24',10.4,65,0,0);
INSERT INTO `episodes` (id,title,serial_id,story,episode_order,original_air_date,runtime,uk_viewers_mm,appreciation_index,missing,recreated) VALUES (12,'The Edge of Destruction',3,'3','1.0','1964-02-08','25:04',10.4,61,0,0);
INSERT INTO `episodes` (id,title,serial_id,story,episode_order,original_air_date,runtime,uk_viewers_mm,appreciation_index,missing,recreated) VALUES (13,'The Brink of Disaster',3,'3','2.0','1964-02-15','22:11',9.9,60,0,0);
INSERT INTO `episodes` (id,title,serial_id,story,episode_order,original_air_date,runtime,uk_viewers_mm,appreciation_index,missing,recreated) VALUES (14,'The Roof of the World',4,'4','1.0','1964-02-22','24:12',9.4,63,1,0);
INSERT INTO `episodes` (id,title,serial_id,story,episode_order,original_air_date,runtime,uk_viewers_mm,appreciation_index,missing,recreated) VALUES (15,'The Singing Sands',4,'4','2.0','1964-02-29','26:34',9.4,62,1,0);
INSERT INTO `episodes` (id,title,serial_id,story,episode_order,original_air_date,runtime,uk_viewers_mm,appreciation_index,missing,recreated) VALUES (16,'Five Hundred Eyes',4,'4','3.0','1964-03-07','22:20',9.4,62,1,0);
INSERT INTO `episodes` (id,title,serial_id,story,episode_order,original_air_date,runtime,uk_viewers_mm,appreciation_index,missing,recreated) VALUES (17,'The Wall of Lies',4,'4','4.0','1964-03-14','24:48',9.9,60,1,0);
INSERT INTO `episodes` (id,title,serial_id,story,episode_order,original_air_date,runtime,uk_viewers_mm,appreciation_index,missing,recreated) VALUES (18,'Rider from Shang-Tu',4,'4','5.0','1964-03-21','23:26',9.4,59,1,0);
INSERT INTO `episodes` (id,title,serial_id,story,episode_order,original_air_date,runtime,uk_viewers_mm,appreciation_index,missing,recreated) VALUES (19,'Mighty Kublai Khan',4,'4','6.0','1964-03-28','25:36',8.4,59,1,0);
INSERT INTO `episodes` (id,title,serial_id,story,episode_order,original_air_date,runtime,uk_viewers_mm,appreciation_index,missing,recreated) VALUES (20,'Assassain at Peking',4,'4','7.0','1964-04-04','24:48',10.4,59,1,0);
INSERT INTO `episodes` (id,title,serial_id,story,episode_order,original_air_date,runtime,uk_viewers_mm,appreciation_index,missing,recreated) VALUES (21,'The Sea of Death',5,'5','1.0','1964-04-11','23:20',9.9,62,0,0);
INSERT INTO `episodes` (id,title,serial_id,story,episode_order,original_air_date,runtime,uk_viewers_mm,appreciation_index,missing,recreated) VALUES (22,'The Velvet Web',5,'5','2.0','1964-04-18','25:37',9.4,60,0,0);
INSERT INTO `episodes` (id,title,serial_id,story,episode_order,original_air_date,runtime,uk_viewers_mm,appreciation_index,missing,recreated) VALUES (23,'The Screaming Jungle',5,'5','3.0','1964-04-25','23:45',9.9,61,0,0);
INSERT INTO `episodes` (id,title,serial_id,story,episode_order,original_air_date,runtime,uk_viewers_mm,appreciation_index,missing,recreated) VALUES (24,'The Snows of Terror',5,'5','4.0','1964-05-02','24:54',10.4,60,0,0);
INSERT INTO `episodes` (id,title,serial_id,story,episode_order,original_air_date,runtime,uk_viewers_mm,appreciation_index,missing,recreated) VALUES (25,'Sentence of Death',5,'5','5.0','1964-05-09','25:03',7.9,61,0,0);
INSERT INTO `episodes` (id,title,serial_id,story,episode_order,original_air_date,runtime,uk_viewers_mm,appreciation_index,missing,recreated) VALUES (26,'The Keys of Marinus',5,'5','6.0','1964-05-16','25:11',6.9,63,0,0);
INSERT INTO `episodes` (id,title,serial_id,story,episode_order,original_air_date,runtime,uk_viewers_mm,appreciation_index,missing,recreated) VALUES (27,'The Temple of Evil',6,'6','1.0','1964-05-23','23:56',7.4,62,0,0);
INSERT INTO `episodes` (id,title,serial_id,story,episode_order,original_air_date,runtime,uk_viewers_mm,appreciation_index,missing,recreated) VALUES (28,'The Warriors of Death',6,'6','2.0','1964-05-30','24:11',7.4,62,0,0);
INSERT INTO `episodes` (id,title,serial_id,story,episode_order,original_air_date,runtime,uk_viewers_mm,appreciation_index,missing,recreated) VALUES (29,'The Bride of Sacrifice',6,'6','3.0','1964-06-06','25:27',7.9,57,0,0);
INSERT INTO `episodes` (id,title,serial_id,story,episode_order,original_air_date,runtime,uk_viewers_mm,appreciation_index,missing,recreated) VALUES (30,'The Day of Darkness',6,'6','4.0','1964-06-13','25:30',7.4,58,0,0);
INSERT INTO `episodes` (id,title,serial_id,story,episode_order,original_air_date,runtime,uk_viewers_mm,appreciation_index,missing,recreated) VALUES (31,'Strangers in Space',7,'7','1.0','1964-06-20','24:46',7.9,59,0,0);
INSERT INTO `episodes` (id,title,serial_id,story,episode_order,original_air_date,runtime,uk_viewers_mm,appreciation_index,missing,recreated) VALUES (32,'The Unwilling Warriors',7,'7','2.0','1964-06-27','24:44',6.9,59,0,0);
INSERT INTO `episodes` (id,title,serial_id,story,episode_order,original_air_date,runtime,uk_viewers_mm,appreciation_index,missing,recreated) VALUES (33,'Hidden Danger',7,'7','3.0','1964-07-11','24:53',7.4,56,0,0);
INSERT INTO `episodes` (id,title,serial_id,story,episode_order,original_air_date,runtime,uk_viewers_mm,appreciation_index,missing,recreated) VALUES (34,'A Race Against Death',7,'7','4.0','1964-07-18','24:49',5.5,60,0,0);
INSERT INTO `episodes` (id,title,serial_id,story,episode_order,original_air_date,runtime,uk_viewers_mm,appreciation_index,missing,recreated) VALUES (35,'Kidnap',7,'7','5.0','1964-07-25','25:47',6.9,57,0,0);
INSERT INTO `episodes` (id,title,serial_id,story,episode_order,original_air_date,runtime,uk_viewers_mm,appreciation_index,missing,recreated) VALUES (36,'A Desperate Venture',7,'7','6.0','1964-08-01','24:29',6.9,57,0,0);
INSERT INTO `episodes` (id,title,serial_id,story,episode_order,original_air_date,runtime,uk_viewers_mm,appreciation_index,missing,recreated) VALUES (37,'A Land of Fear',8,'8','1.0','1964-08-08','24:24',6.9,58,0,0);
INSERT INTO `episodes` (id,title,serial_id,story,episode_order,original_air_date,runtime,uk_viewers_mm,appreciation_index,missing,recreated) VALUES (38,'Guests of Madame Guillotine',8,'8','2.0','1964-08-15','24:04',6.9,54,0,0);
INSERT INTO `episodes` (id,title,serial_id,story,episode_order,original_air_date,runtime,uk_viewers_mm,appreciation_index,missing,recreated) VALUES (39,'A Change of Identity',8,'8','3.0','1964-08-22','25:23',6.9,55,0,0);
INSERT INTO `episodes` (id,title,serial_id,story,episode_order,original_air_date,runtime,uk_viewers_mm,appreciation_index,missing,recreated) VALUES (40,'The Tyrant of France',8,'8','4.0','1964-08-29','24:46',6.4,53,1,1);
INSERT INTO `episodes` (id,title,serial_id,story,episode_order,original_air_date,runtime,uk_viewers_mm,appreciation_index,missing,recreated) VALUES (41,'A Bargain of Necessity',8,'8','5.0','1964-09-05','23:51',6.9,53,1,1);
INSERT INTO `episodes` (id,title,serial_id,story,episode_order,original_air_date,runtime,uk_viewers_mm,appreciation_index,missing,recreated) VALUES (42,'Prisoners of Conciergerie',8,'8','6.0','1964-09-12','25:04',6.4,55,0,0);
INSERT INTO `episodes` (id,title,serial_id,story,episode_order,original_air_date,runtime,uk_viewers_mm,appreciation_index,missing,recreated) VALUES (43,'Planet of Giants',9,'9','1.0','1964-10-31','23:15',8.4,57,0,0);
INSERT INTO `episodes` (id,title,serial_id,story,episode_order,original_air_date,runtime,uk_viewers_mm,appreciation_index,missing,recreated) VALUES (44,'Dangerous Journey',9,'9','2.0','1964-11-07','23:40',8.4,58,0,0);
INSERT INTO `episodes` (id,title,serial_id,story,episode_order,original_air_date,runtime,uk_viewers_mm,appreciation_index,missing,recreated) VALUES (45,'Crisis',9,'9','3.0','1964-11-14','26:35',8.9,59,0,0);
INSERT INTO `episodes` (id,title,serial_id,story,episode_order,original_air_date,runtime,uk_viewers_mm,appreciation_index,missing,recreated) VALUES (46,'World''s End',10,'10','1.0','1964-11-21','23:42',11.4,63,0,0);
INSERT INTO `episodes` (id,title,serial_id,story,episode_order,original_air_date,runtime,uk_viewers_mm,appreciation_index,missing,recreated) VALUES (47,'The Daleks',10,'10','2.0','1964-11-28','24:19',12.4,59,0,0);
INSERT INTO `episodes` (id,title,serial_id,story,episode_order,original_air_date,runtime,uk_viewers_mm,appreciation_index,missing,recreated) VALUES (48,'Day of Reckoning',10,'10','3.0','1964-12-05','26:50',11.9,59,0,0);
INSERT INTO `episodes` (id,title,serial_id,story,episode_order,original_air_date,runtime,uk_viewers_mm,appreciation_index,missing,recreated) VALUES (49,'The End of Tomorrow',10,'10','4.0','1964-12-12','23:23',11.9,59,0,0);
INSERT INTO `episodes` (id,title,serial_id,story,episode_order,original_air_date,runtime,uk_viewers_mm,appreciation_index,missing,recreated) VALUES (50,'The Waking Ally',10,'10','5.0','1964-12-19','24:29',11.4,58,0,0);
INSERT INTO `episodes` (id,title,serial_id,story,episode_order,original_air_date,runtime,uk_viewers_mm,appreciation_index,missing,recreated) VALUES (51,'Flashpoint',10,'10','6.0','1964-12-26','25:21',12.4,63,0,0);
INSERT INTO `episodes` (id,title,serial_id,story,episode_order,original_air_date,runtime,uk_viewers_mm,appreciation_index,missing,recreated) VALUES (52,'The Powerful Enemy',11,'11','1.0','1965-01-02','26:15',12,57,0,0);
INSERT INTO `episodes` (id,title,serial_id,story,episode_order,original_air_date,runtime,uk_viewers_mm,appreciation_index,missing,recreated) VALUES (53,'Desperate Measures',11,'11','2.0','1965-01-09','24:36',13,59,0,0);
INSERT INTO `episodes` (id,title,serial_id,story,episode_order,original_air_date,runtime,uk_viewers_mm,appreciation_index,missing,recreated) VALUES (54,'The Slave Traders',12,'12','1.0','1965-01-16','24:14',13,53,0,0);
INSERT INTO `episodes` (id,title,serial_id,story,episode_order,original_air_date,runtime,uk_viewers_mm,appreciation_index,missing,recreated) VALUES (55,'All Roads Lead to Rome',12,'12','2.0','1965-01-23','23:14',11.5,51,0,0);
INSERT INTO `episodes` (id,title,serial_id,story,episode_order,original_air_date,runtime,uk_viewers_mm,appreciation_index,missing,recreated) VALUES (56,'Conspiracy',12,'12','3.0','1965-01-30','26:18',10,50,0,0);
INSERT INTO `episodes` (id,title,serial_id,story,episode_order,original_air_date,runtime,uk_viewers_mm,appreciation_index,missing,recreated) VALUES (57,'Inferno',12,'12','4.0','1965-02-06','23:09',12,50,0,0);
INSERT INTO `episodes` (id,title,serial_id,story,episode_order,original_air_date,runtime,uk_viewers_mm,appreciation_index,missing,recreated) VALUES (58,'The Web Planet',13,'13','1.0','1965-02-13','23:57',13.5,56,0,0);
INSERT INTO `episodes` (id,title,serial_id,story,episode_order,original_air_date,runtime,uk_viewers_mm,appreciation_index,missing,recreated) VALUES (59,'The Zarbi',13,'13','2.0','1965-02-20','23:20',12.5,53,0,0);
INSERT INTO `episodes` (id,title,serial_id,story,episode_order,original_air_date,runtime,uk_viewers_mm,appreciation_index,missing,recreated) VALUES (60,'Escape to Danger',13,'13','3.0','1965-02-27','22:52',12.5,53,0,0);
INSERT INTO `episodes` (id,title,serial_id,story,episode_order,original_air_date,runtime,uk_viewers_mm,appreciation_index,missing,recreated) VALUES (61,'Crater of Needles',13,'13','4.0','1965-03-06','25:50',13,49,0,0);
INSERT INTO `episodes` (id,title,serial_id,story,episode_order,original_air_date,runtime,uk_viewers_mm,appreciation_index,missing,recreated) VALUES (62,'Invasion',13,'13','5.0','1965-03-13','26:04',12,48,0,0);
INSERT INTO `episodes` (id,title,serial_id,story,episode_order,original_air_date,runtime,uk_viewers_mm,appreciation_index,missing,recreated) VALUES (63,'The Centre',13,'13','6.0','1965-03-20','24:32',11.5,42,0,0);
INSERT INTO `episodes` (id,title,serial_id,story,episode_order,original_air_date,runtime,uk_viewers_mm,appreciation_index,missing,recreated) VALUES (64,'The Lion',14,'14','1.0','1965-03-27','24:56',10.5,51,0,0);
INSERT INTO `episodes` (id,title,serial_id,story,episode_order,original_air_date,runtime,uk_viewers_mm,appreciation_index,missing,recreated) VALUES (65,'The Kinght of Jaffa',14,'14','2.0','1965-04-03','23:28',8.5,50,1,0);
INSERT INTO `episodes` (id,title,serial_id,story,episode_order,original_air_date,runtime,uk_viewers_mm,appreciation_index,missing,recreated) VALUES (66,'The Wheel of Fortune',14,'14','3.0','1965-04-10','24:51',9,49,0,0);
INSERT INTO `episodes` (id,title,serial_id,story,episode_order,original_air_date,runtime,uk_viewers_mm,appreciation_index,missing,recreated) VALUES (67,'The Warlords',14,'14','4.0','1965-04-17','23:40',9.5,48,1,0);
INSERT INTO `episodes` (id,title,serial_id,story,episode_order,original_air_date,runtime,uk_viewers_mm,appreciation_index,missing,recreated) VALUES (68,'The Space Museum',15,'15','1.0','1965-04-24','23:38',10.5,61,0,0);
INSERT INTO `episodes` (id,title,serial_id,story,episode_order,original_air_date,runtime,uk_viewers_mm,appreciation_index,missing,recreated) VALUES (69,'The Dimensions of Time',15,'15','2.0','1965-05-01','22:00',9.2,53,0,0);
INSERT INTO `episodes` (id,title,serial_id,story,episode_order,original_air_date,runtime,uk_viewers_mm,appreciation_index,missing,recreated) VALUES (70,'The Search',15,'15','3.0','1965-05-08','23:33',8.5,56,0,0);
INSERT INTO `episodes` (id,title,serial_id,story,episode_order,original_air_date,runtime,uk_viewers_mm,appreciation_index,missing,recreated) VALUES (71,'The Final Phase',15,'15','4.0','1965-05-15','22:15',8.5,49,0,0);
INSERT INTO `episodes` (id,title,serial_id,story,episode_order,original_air_date,runtime,uk_viewers_mm,appreciation_index,missing,recreated) VALUES (72,'The Executioners',16,'16','1.0','1965-05-22','25:25',10,57,0,0);
INSERT INTO `episodes` (id,title,serial_id,story,episode_order,original_air_date,runtime,uk_viewers_mm,appreciation_index,missing,recreated) VALUES (73,'The Death of Time',16,'16','2.0','1965-05-29','23:32',9.5,56,0,0);
INSERT INTO `episodes` (id,title,serial_id,story,episode_order,original_air_date,runtime,uk_viewers_mm,appreciation_index,missing,recreated) VALUES (74,'Flight Through Eternity',16,'16','3.0','1965-06-05','25:23',9,55,0,0);
INSERT INTO `episodes` (id,title,serial_id,story,episode_order,original_air_date,runtime,uk_viewers_mm,appreciation_index,missing,recreated) VALUES (75,'Journey Into Terror',16,'16','4.0','1965-06-12','23:49',9.5,54,0,0);
INSERT INTO `episodes` (id,title,serial_id,story,episode_order,original_air_date,runtime,uk_viewers_mm,appreciation_index,missing,recreated) VALUES (76,'The Death of Doctor Who',16,'16','5.0','1965-06-19','23:27',9,56,0,0);
INSERT INTO `episodes` (id,title,serial_id,story,episode_order,original_air_date,runtime,uk_viewers_mm,appreciation_index,missing,recreated) VALUES (77,'The Planet of Decision',16,'16','6.0','1965-06-26','26:29',9.5,57,0,0);
INSERT INTO `episodes` (id,title,serial_id,story,episode_order,original_air_date,runtime,uk_viewers_mm,appreciation_index,missing,recreated) VALUES (78,'The Watcher',17,'17','1.0','1965-07-03','24:05',8.9,57,0,0);
INSERT INTO `episodes` (id,title,serial_id,story,episode_order,original_air_date,runtime,uk_viewers_mm,appreciation_index,missing,recreated) VALUES (79,'The Meddling Monk',17,'17','2.0','1965-07-10','25:17',8.8,49,0,0);
INSERT INTO `episodes` (id,title,serial_id,story,episode_order,original_air_date,runtime,uk_viewers_mm,appreciation_index,missing,recreated) VALUES (80,'A Battle of Wits',17,'17','3.0','1965-07-17','24:10',7.7,53,0,0);
INSERT INTO `episodes` (id,title,serial_id,story,episode_order,original_air_date,runtime,uk_viewers_mm,appreciation_index,missing,recreated) VALUES (81,'Checkmate',17,'17','4.0','1965-07-24','24:00',8.3,54,0,0);
INSERT INTO `episodes` (id,title,serial_id,story,episode_order,original_air_date,runtime,uk_viewers_mm,appreciation_index,missing,recreated) VALUES (82,'Four Hundred Dawns',18,'18','1.0','1965-09-11','22:21',9,56,1,0);
INSERT INTO `episodes` (id,title,serial_id,story,episode_order,original_air_date,runtime,uk_viewers_mm,appreciation_index,missing,recreated) VALUES (83,'Trap of Steel',18,'18','2.0','1965-09-18','24:51',9.5,55,1,0);
INSERT INTO `episodes` (id,title,serial_id,story,episode_order,original_air_date,runtime,uk_viewers_mm,appreciation_index,missing,recreated) VALUES (84,'Air Lock',18,'18','3.0','1965-09-25','24:19',11.3,54,0,0);
INSERT INTO `episodes` (id,title,serial_id,story,episode_order,original_air_date,runtime,uk_viewers_mm,appreciation_index,missing,recreated) VALUES (85,'The Exploding Planet',18,'18','4.0','1965-10-02','24:47',9.9,53,1,0);
INSERT INTO `episodes` (id,title,serial_id,story,episode_order,original_air_date,runtime,uk_viewers_mm,appreciation_index,missing,recreated) VALUES (86,'Mission to the Unknown',19,'19','1.0','1965-10-09','24:42',8.3,54,0,0);
INSERT INTO `episodes` (id,title,serial_id,story,episode_order,original_air_date,runtime,uk_viewers_mm,appreciation_index,missing,recreated) VALUES (87,'Temple of Secrets',20,'20','1.0','1965-10-16','24:45',8.3,48,1,0);
INSERT INTO `episodes` (id,title,serial_id,story,episode_order,original_air_date,runtime,uk_viewers_mm,appreciation_index,missing,recreated) VALUES (88,'Small Prophet, Quick Return',20,'20','2.0','1965-10-23','24:43',8.1,51,1,0);
INSERT INTO `episodes` (id,title,serial_id,story,episode_order,original_air_date,runtime,uk_viewers_mm,appreciation_index,missing,recreated) VALUES (89,'Death of a Spy',20,'20','3.0','1965-10-30','25:39',8.7,49,1,0);
INSERT INTO `episodes` (id,title,serial_id,story,episode_order,original_air_date,runtime,uk_viewers_mm,appreciation_index,missing,recreated) VALUES (90,'Horse of Destruction',20,'20','4.0','1965-11-06','24:25',8.3,52,1,0);
INSERT INTO `episodes` (id,title,serial_id,story,episode_order,original_air_date,runtime,uk_viewers_mm,appreciation_index,missing,recreated) VALUES (91,'The Nightmare Begins',21,'21','1.0','1965-11-13','22:52',9.1,54,1,0);
INSERT INTO `episodes` (id,title,serial_id,story,episode_order,original_air_date,runtime,uk_viewers_mm,appreciation_index,missing,recreated) VALUES (92,'Day of Armageddon',21,'21','2.0','1965-11-20','24:25',9.8,52,0,0);
INSERT INTO `episodes` (id,title,serial_id,story,episode_order,original_air_date,runtime,uk_viewers_mm,appreciation_index,missing,recreated) VALUES (93,'Devil''s Planet',21,'21','3.0','1965-11-27','24:30',10.3,52,1,0);
INSERT INTO `episodes` (id,title,serial_id,story,episode_order,original_air_date,runtime,uk_viewers_mm,appreciation_index,missing,recreated) VALUES (94,'The Traitors',21,'21','4.0','1965-12-04','24:42',9.5,51,1,0);
INSERT INTO `episodes` (id,title,serial_id,story,episode_order,original_air_date,runtime,uk_viewers_mm,appreciation_index,missing,recreated) VALUES (95,'Counter Plot',21,'21','5.0','1965-12-11','24:03',9.9,53,0,0);
INSERT INTO `episodes` (id,title,serial_id,story,episode_order,original_air_date,runtime,uk_viewers_mm,appreciation_index,missing,recreated) VALUES (96,'Coronas of the Sun',21,'21','6.0','1965-12-18','24:45',9.1,56,1,0);
INSERT INTO `episodes` (id,title,serial_id,story,episode_order,original_air_date,runtime,uk_viewers_mm,appreciation_index,missing,recreated) VALUES (97,'The Feast of Steven',21,'21','7.0','1965-12-25','24:36',7.9,39,1,0);
INSERT INTO `episodes` (id,title,serial_id,story,episode_order,original_air_date,runtime,uk_viewers_mm,appreciation_index,missing,recreated) VALUES (98,'Volcano',21,'21','8.0','1966-01-01','24:42',9.6,49,1,0);
INSERT INTO `episodes` (id,title,serial_id,story,episode_order,original_air_date,runtime,uk_viewers_mm,appreciation_index,missing,recreated) VALUES (99,'Golden Death',21,'21','9.0','1966-01-08','24:38',9.2,52,1,0);
INSERT INTO `episodes` (id,title,serial_id,story,episode_order,original_air_date,runtime,uk_viewers_mm,appreciation_index,missing,recreated) VALUES (100,'Escape Switch',21,'21','10.0','1966-01-15','23:37',9.5,50,0,0);
INSERT INTO `episodes` (id,title,serial_id,story,episode_order,original_air_date,runtime,uk_viewers_mm,appreciation_index,missing,recreated) VALUES (101,'The Abandoned Planet',21,'21','11.0','1966-01-22','24:34',9.8,49,1,0);
INSERT INTO `episodes` (id,title,serial_id,story,episode_order,original_air_date,runtime,uk_viewers_mm,appreciation_index,missing,recreated) VALUES (102,'Destruction of Time',21,'21','12.0','1966-01-29','23:31',8.6,57,1,0);
INSERT INTO `episodes` (id,title,serial_id,story,episode_order,original_air_date,runtime,uk_viewers_mm,appreciation_index,missing,recreated) VALUES (103,'War of God',22,'22','1.0','1966-02-05','24:51',8,52,1,0);
INSERT INTO `episodes` (id,title,serial_id,story,episode_order,original_air_date,runtime,uk_viewers_mm,appreciation_index,missing,recreated) VALUES (104,'The Sea Beggar',22,'22','2.0','1966-02-12','24:43',6,52,1,0);
INSERT INTO `episodes` (id,title,serial_id,story,episode_order,original_air_date,runtime,uk_viewers_mm,appreciation_index,missing,recreated) VALUES (105,'Priest of Death',22,'22','3.0','1966-02-19','24:33',5.9,49,1,0);
INSERT INTO `episodes` (id,title,serial_id,story,episode_order,original_air_date,runtime,uk_viewers_mm,appreciation_index,missing,recreated) VALUES (106,'Bell of Doom',22,'22','4.0','1966-02-26','25:06',5.8,53,1,0);
INSERT INTO `episodes` (id,title,serial_id,story,episode_order,original_air_date,runtime,uk_viewers_mm,appreciation_index,missing,recreated) VALUES (107,'The Steel Sky',23,'23','1.0','1966-03-05','24:00',5.5,55,0,0);
INSERT INTO `episodes` (id,title,serial_id,story,episode_order,original_air_date,runtime,uk_viewers_mm,appreciation_index,missing,recreated) VALUES (108,'The Plague',23,'23','2.0','1966-03-12','25:00',6.9,56,0,0);
INSERT INTO `episodes` (id,title,serial_id,story,episode_order,original_air_date,runtime,uk_viewers_mm,appreciation_index,missing,recreated) VALUES (109,'The Return',23,'23','3.0','1966-03-19','24:19',6.2,51,0,0);
INSERT INTO `episodes` (id,title,serial_id,story,episode_order,original_air_date,runtime,uk_viewers_mm,appreciation_index,missing,recreated) VALUES (110,'The Bomb',23,'23','4.0','1966-03-26','24:37',7.3,50,0,0);
INSERT INTO `episodes` (id,title,serial_id,story,episode_order,original_air_date,runtime,uk_viewers_mm,appreciation_index,missing,recreated) VALUES (111,'The Celestial Toyroom',24,'24','1.0','1966-04-02','24:40',8,48,1,0);
INSERT INTO `episodes` (id,title,serial_id,story,episode_order,original_air_date,runtime,uk_viewers_mm,appreciation_index,missing,recreated) VALUES (112,'The Hall of Dolls',24,'24','2.0','1966-04-09','24:45',8,49,1,0);
INSERT INTO `episodes` (id,title,serial_id,story,episode_order,original_air_date,runtime,uk_viewers_mm,appreciation_index,missing,recreated) VALUES (113,'The Dancing Floor',24,'24','3.0','1966-04-16','24:10',9.4,44,1,0);
INSERT INTO `episodes` (id,title,serial_id,story,episode_order,original_air_date,runtime,uk_viewers_mm,appreciation_index,missing,recreated) VALUES (114,'The Final Test',24,'24','4.0','1966-04-23','23:57',7.8,43,0,0);
INSERT INTO `episodes` (id,title,serial_id,story,episode_order,original_air_date,runtime,uk_viewers_mm,appreciation_index,missing,recreated) VALUES (115,'A Holiday for the Doctor',25,'25','1.0','1966-04-30','23:48',6.5,45,0,0);
INSERT INTO `episodes` (id,title,serial_id,story,episode_order,original_air_date,runtime,uk_viewers_mm,appreciation_index,missing,recreated) VALUES (116,'Don''t Shoot the Pianist',25,'25','2.0','1966-05-07','23:47',6.6,39,0,0);
INSERT INTO `episodes` (id,title,serial_id,story,episode_order,original_air_date,runtime,uk_viewers_mm,appreciation_index,missing,recreated) VALUES (117,'Johnny Ringo',25,'25','3.0','1966-05-14','23:52',6.2,36,0,0);
INSERT INTO `episodes` (id,title,serial_id,story,episode_order,original_air_date,runtime,uk_viewers_mm,appreciation_index,missing,recreated) VALUES (118,'The OK Corral',25,'25','4.0','1966-05-21','23:53',5.7,30,0,0);
INSERT INTO `episodes` (id,title,serial_id,story,episode_order,original_air_date,runtime,uk_viewers_mm,appreciation_index,missing,recreated) VALUES (119,'Episode 1',26,'26','1.0','1966-05-28','23:41',4.8,48,1,0);
INSERT INTO `episodes` (id,title,serial_id,story,episode_order,original_air_date,runtime,uk_viewers_mm,appreciation_index,missing,recreated) VALUES (120,'Episode 2',26,'26','2.0','1966-06-04','23:57',5.6,49,1,0);
INSERT INTO `episodes` (id,title,serial_id,story,episode_order,original_air_date,runtime,uk_viewers_mm,appreciation_index,missing,recreated) VALUES (121,'Episode 3',26,'26','3.0','1966-06-11','24:59',5,48,1,0);
INSERT INTO `episodes` (id,title,serial_id,story,episode_order,original_air_date,runtime,uk_viewers_mm,appreciation_index,missing,recreated) VALUES (122,'Episode 4',26,'26','4.0','1966-06-18','24:41',4.5,48,1,0);
INSERT INTO `episodes` (id,title,serial_id,story,episode_order,original_air_date,runtime,uk_viewers_mm,appreciation_index,missing,recreated) VALUES (123,'Episode 1',27,'27','1.0','1966-06-25','24:01',5.4,49,0,0);
INSERT INTO `episodes` (id,title,serial_id,story,episode_order,original_air_date,runtime,uk_viewers_mm,appreciation_index,missing,recreated) VALUES (124,'Episode 2',27,'27','2.0','1966-07-02','24:00',4.7,45,0,0);
INSERT INTO `episodes` (id,title,serial_id,story,episode_order,original_air_date,runtime,uk_viewers_mm,appreciation_index,missing,recreated) VALUES (125,'Episode 3',27,'27','3.0','1966-07-09','23:58',5.3,44,0,0);
INSERT INTO `episodes` (id,title,serial_id,story,episode_order,original_air_date,runtime,uk_viewers_mm,appreciation_index,missing,recreated) VALUES (126,'Episode 4',27,'27','4.0','1966-07-16','23:11',5.5,39,0,0);
INSERT INTO `episodes` (id,title,serial_id,story,episode_order,original_air_date,runtime,uk_viewers_mm,appreciation_index,missing,recreated) VALUES (127,'Episode 1',28,'28','1.0','1966-09-10','24:36',4.3,47,1,0);
INSERT INTO `episodes` (id,title,serial_id,story,episode_order,original_air_date,runtime,uk_viewers_mm,appreciation_index,missing,recreated) VALUES (128,'Episode 2',28,'28','2.0','1966-09-17','24:27',4.9,45,1,0);
INSERT INTO `episodes` (id,title,serial_id,story,episode_order,original_air_date,runtime,uk_viewers_mm,appreciation_index,missing,recreated) VALUES (129,'Episode 3',28,'28','3.0','1966-09-24','23:55',4.2,43,1,0);
INSERT INTO `episodes` (id,title,serial_id,story,episode_order,original_air_date,runtime,uk_viewers_mm,appreciation_index,missing,recreated) VALUES (130,'Episode 4',28,'28','4.0','1966-10-01','23:37',4.5,43,1,0);
INSERT INTO `episodes` (id,title,serial_id,story,episode_order,original_air_date,runtime,uk_viewers_mm,appreciation_index,missing,recreated) VALUES (131,'Episode 1',29,'29','1.0','1966-10-08','23:08',5.5,50,0,0);
INSERT INTO `episodes` (id,title,serial_id,story,episode_order,original_air_date,runtime,uk_viewers_mm,appreciation_index,missing,recreated) VALUES (132,'Episode 2',29,'29','2.0','1966-10-15','23:15',6.4,48,0,0);
INSERT INTO `episodes` (id,title,serial_id,story,episode_order,original_air_date,runtime,uk_viewers_mm,appreciation_index,missing,recreated) VALUES (133,'Episode 3',29,'29','3.0','1966-10-22','23:31',7.6,48,0,0);
INSERT INTO `episodes` (id,title,serial_id,story,episode_order,original_air_date,runtime,uk_viewers_mm,appreciation_index,missing,recreated) VALUES (134,'Episode 4',29,'29','4.0','1966-10-29','24:02',7.5,47,1,0);
INSERT INTO `episodes` (id,title,serial_id,story,episode_order,original_air_date,runtime,uk_viewers_mm,appreciation_index,missing,recreated) VALUES (135,'Episode 1',30,'30','1.0','1966-11-05','25:43',7.9,43,1,0);
INSERT INTO `episodes` (id,title,serial_id,story,episode_order,original_air_date,runtime,uk_viewers_mm,appreciation_index,missing,recreated) VALUES (136,'Episode 2',30,'30','2.0','1966-11-12','24:29',7.8,45,1,0);
INSERT INTO `episodes` (id,title,serial_id,story,episode_order,original_air_date,runtime,uk_viewers_mm,appreciation_index,missing,recreated) VALUES (137,'Episode 3',30,'30','3.0','1966-11-19','23:31',7.5,44,1,0);
INSERT INTO `episodes` (id,title,serial_id,story,episode_order,original_air_date,runtime,uk_viewers_mm,appreciation_index,missing,recreated) VALUES (138,'Episode 4',30,'30','4.0','1966-11-26','24:23',7.8,47,1,0);
INSERT INTO `episodes` (id,title,serial_id,story,episode_order,original_air_date,runtime,uk_viewers_mm,appreciation_index,missing,recreated) VALUES (139,'Episode 5',30,'30','5.0','1966-12-03','23:38',8,48,1,0);
INSERT INTO `episodes` (id,title,serial_id,story,episode_order,original_air_date,runtime,uk_viewers_mm,appreciation_index,missing,recreated) VALUES (140,'Episode 6',30,'30','6.0','1966-12-10','23:46',7.8,47,1,0);
INSERT INTO `episodes` (id,title,serial_id,story,episode_order,original_air_date,runtime,uk_viewers_mm,appreciation_index,missing,recreated) VALUES (141,'Episode 1',31,'31','1.0','1966-12-17','24:38',6.7,47,1,0);
INSERT INTO `episodes` (id,title,serial_id,story,episode_order,original_air_date,runtime,uk_viewers_mm,appreciation_index,missing,recreated) VALUES (142,'Episode 2',31,'31','2.0','1966-12-24','23:41',6.8,46,1,0);
INSERT INTO `episodes` (id,title,serial_id,story,episode_order,original_air_date,runtime,uk_viewers_mm,appreciation_index,missing,recreated) VALUES (143,'Episode 3',31,'31','3.0','1966-12-31','22:54',7.4,47,1,0);
INSERT INTO `episodes` (id,title,serial_id,story,episode_order,original_air_date,runtime,uk_viewers_mm,appreciation_index,missing,recreated) VALUES (144,'Episode 4',31,'31','4.0','1967-01-07','24:19',7.3,47,1,0);
INSERT INTO `episodes` (id,title,serial_id,story,episode_order,original_air_date,runtime,uk_viewers_mm,appreciation_index,missing,recreated) VALUES (145,'Episode 1',32,'32','1.0','1967-01-14','24:18',8.3,48,1,0);
INSERT INTO `episodes` (id,title,serial_id,story,episode_order,original_air_date,runtime,uk_viewers_mm,appreciation_index,missing,recreated) VALUES (146,'Episode 2',32,'32','2.0','1967-01-21','25:00',7.5,46,0,0);
INSERT INTO `episodes` (id,title,serial_id,story,episode_order,original_air_date,runtime,uk_viewers_mm,appreciation_index,missing,recreated) VALUES (147,'Episode 3',32,'32','3.0','1967-01-28','24:09',7.1,45,0,0);
INSERT INTO `episodes` (id,title,serial_id,story,episode_order,original_air_date,runtime,uk_viewers_mm,appreciation_index,missing,recreated) VALUES (148,'Episode 4',32,'32','4.0','1967-02-04','23:20',7,47,1,0);
INSERT INTO `episodes` (id,title,serial_id,story,episode_order,original_air_date,runtime,uk_viewers_mm,appreciation_index,missing,recreated) VALUES (149,'Episode 1',33,'33','1.0','1967-02-11','24:12',8.1,50,1,0);
INSERT INTO `episodes` (id,title,serial_id,story,episode_order,original_air_date,runtime,uk_viewers_mm,appreciation_index,missing,recreated) VALUES (150,'Episode 2',33,'33','2.0','1967-02-18','24:42',8.9,49,0,0);
INSERT INTO `episodes` (id,title,serial_id,story,episode_order,original_air_date,runtime,uk_viewers_mm,appreciation_index,missing,recreated) VALUES (151,'Episode 3',33,'33','3.0','1967-02-25','26:11',8.2,53,1,0);
INSERT INTO `episodes` (id,title,serial_id,story,episode_order,original_air_date,runtime,uk_viewers_mm,appreciation_index,missing,recreated) VALUES (152,'Episode 4',33,'33','4.0','1967-03-04','23:28',8.1,58,0,0);
INSERT INTO `episodes` (id,title,serial_id,story,episode_order,original_air_date,runtime,uk_viewers_mm,appreciation_index,missing,recreated) VALUES (153,'Episode 1',34,'34','1.0','1967-03-11','22:58',8,50,1,0);
INSERT INTO `episodes` (id,title,serial_id,story,episode_order,original_air_date,runtime,uk_viewers_mm,appreciation_index,missing,recreated) VALUES (154,'Episode 2',34,'34','2.0','1967-03-18','23:21',7.9,48,1,0);
INSERT INTO `episodes` (id,title,serial_id,story,episode_order,original_air_date,runtime,uk_viewers_mm,appreciation_index,missing,recreated) VALUES (155,'Episode 3',34,'34','3.0','1967-03-25','23:24',8.5,52,1,0);
INSERT INTO `episodes` (id,title,serial_id,story,episode_order,original_air_date,runtime,uk_viewers_mm,appreciation_index,missing,recreated) VALUES (156,'Episode 4',34,'34','4.0','1967-04-01','24:41',8.4,49,1,0);
INSERT INTO `episodes` (id,title,serial_id,story,episode_order,original_air_date,runtime,uk_viewers_mm,appreciation_index,missing,recreated) VALUES (157,'Episode 1',35,'35','1.0','1967-04-08','23:47',8,51,0,0);
INSERT INTO `episodes` (id,title,serial_id,story,episode_order,original_air_date,runtime,uk_viewers_mm,appreciation_index,missing,recreated) VALUES (158,'Episode 2',35,'35','2.0','1967-04-15','25:22',6.4,50,1,0);
INSERT INTO `episodes` (id,title,serial_id,story,episode_order,original_air_date,runtime,uk_viewers_mm,appreciation_index,missing,recreated) VALUES (159,'Episode 3',35,'35','3.0','1967-04-22','23:10',7.9,53,0,0);
INSERT INTO `episodes` (id,title,serial_id,story,episode_order,original_air_date,runtime,uk_viewers_mm,appreciation_index,missing,recreated) VALUES (160,'Episode 4',35,'35','4.0','1967-04-29','24:28',6.9,55,1,0);
INSERT INTO `episodes` (id,title,serial_id,story,episode_order,original_air_date,runtime,uk_viewers_mm,appreciation_index,missing,recreated) VALUES (161,'Episode 5',35,'35','5.0','1967-05-06','23:34',7.1,55,1,0);
INSERT INTO `episodes` (id,title,serial_id,story,episode_order,original_air_date,runtime,uk_viewers_mm,appreciation_index,missing,recreated) VALUES (162,'Episode 6',35,'35','6.0','1967-05-13','23:38',8,52,1,0);
INSERT INTO `episodes` (id,title,serial_id,story,episode_order,original_air_date,runtime,uk_viewers_mm,appreciation_index,missing,recreated) VALUES (163,'Episode 1',36,'36','1.0','1967-05-20','24:07',8.1,51,1,0);
INSERT INTO `episodes` (id,title,serial_id,story,episode_order,original_air_date,runtime,uk_viewers_mm,appreciation_index,missing,recreated) VALUES (164,'Episode 2',36,'36','2.0','1967-05-27','25:13',7.5,51,0,0);
INSERT INTO `episodes` (id,title,serial_id,story,episode_order,original_air_date,runtime,uk_viewers_mm,appreciation_index,missing,recreated) VALUES (165,'Episode 3',36,'36','3.0','1967-06-03','24:27',6.1,52,1,0);
INSERT INTO `episodes` (id,title,serial_id,story,episode_order,original_air_date,runtime,uk_viewers_mm,appreciation_index,missing,recreated) VALUES (166,'Episode 4',36,'36','4.0','1967-06-10','24:43',5.3,51,1,0);
INSERT INTO `episodes` (id,title,serial_id,story,episode_order,original_air_date,runtime,uk_viewers_mm,appreciation_index,missing,recreated) VALUES (167,'Episode 5',36,'36','5.0','1967-06-17','25:23',5.1,53,1,0);
INSERT INTO `episodes` (id,title,serial_id,story,episode_order,original_air_date,runtime,uk_viewers_mm,appreciation_index,missing,recreated) VALUES (168,'Episode 6',36,'36','6.0','1967-06-24','24:48',6.8,49,1,0);
INSERT INTO `episodes` (id,title,serial_id,story,episode_order,original_air_date,runtime,uk_viewers_mm,appreciation_index,missing,recreated) VALUES (169,'Episode 7',36,'36','7.0','1967-07-01','24:33',6.1,56,1,0);
INSERT INTO `episodes` (id,title,serial_id,story,episode_order,original_air_date,runtime,uk_viewers_mm,appreciation_index,missing,recreated) VALUES (170,'Episode 1',37,'37','1.0','1967-09-02','23:58',6,53,0,0);
INSERT INTO `episodes` (id,title,serial_id,story,episode_order,original_air_date,runtime,uk_viewers_mm,appreciation_index,missing,recreated) VALUES (171,'Episode 2',37,'37','2.0','1967-09-09','24:44',6.4,52,0,0);
INSERT INTO `episodes` (id,title,serial_id,story,episode_order,original_air_date,runtime,uk_viewers_mm,appreciation_index,missing,recreated) VALUES (172,'Episode 3',37,'37','3.0','1967-09-16','24:14',7.2,49,0,0);
INSERT INTO `episodes` (id,title,serial_id,story,episode_order,original_air_date,runtime,uk_viewers_mm,appreciation_index,missing,recreated) VALUES (173,'Episode 4',37,'37','4.0','1967-09-23','23:22',7.4,50,0,0);
INSERT INTO `episodes` (id,title,serial_id,story,episode_order,original_air_date,runtime,uk_viewers_mm,appreciation_index,missing,recreated) VALUES (174,'Episode 1',38,'38','1.0','1967-09-30','24:15',6.3,50,1,0);
INSERT INTO `episodes` (id,title,serial_id,story,episode_order,original_air_date,runtime,uk_viewers_mm,appreciation_index,missing,recreated) VALUES (175,'Episode 2',38,'38','2.0','1967-10-07','23:15',6,52,0,0);
INSERT INTO `episodes` (id,title,serial_id,story,episode_order,original_air_date,runtime,uk_viewers_mm,appreciation_index,missing,recreated) VALUES (176,'Episode 3',38,'38','3.0','1967-10-14','23:55',7.1,51,1,0);
INSERT INTO `episodes` (id,title,serial_id,story,episode_order,original_air_date,runtime,uk_viewers_mm,appreciation_index,missing,recreated) VALUES (177,'Episode 4',38,'38','4.0','1967-10-21','24:11',7.1,50,1,0);
INSERT INTO `episodes` (id,title,serial_id,story,episode_order,original_air_date,runtime,uk_viewers_mm,appreciation_index,missing,recreated) VALUES (178,'Episode 5',38,'38','5.0','1967-10-28','23:51',7.2,51,1,0);
INSERT INTO `episodes` (id,title,serial_id,story,episode_order,original_air_date,runtime,uk_viewers_mm,appreciation_index,missing,recreated) VALUES (179,'Episode 6',38,'38','6.0','1967-11-04','23:31',7.4,52,1,0);
INSERT INTO `episodes` (id,title,serial_id,story,episode_order,original_air_date,runtime,uk_viewers_mm,appreciation_index,missing,recreated) VALUES (180,'Episode 1',39,'39','1.0','1967-11-11','24:21',6.7,52,0,0);
INSERT INTO `episodes` (id,title,serial_id,story,episode_order,original_air_date,runtime,uk_viewers_mm,appreciation_index,missing,recreated) VALUES (181,'Episode 2',39,'39','2.0','1967-11-18','24:16',7.1,52,1,0);
INSERT INTO `episodes` (id,title,serial_id,story,episode_order,original_air_date,runtime,uk_viewers_mm,appreciation_index,missing,recreated) VALUES (182,'Episode 3',39,'39','3.0','1967-11-25','23:58',7.4,51,1,0);
INSERT INTO `episodes` (id,title,serial_id,story,episode_order,original_air_date,runtime,uk_viewers_mm,appreciation_index,missing,recreated) VALUES (183,'Episode 4',39,'39','4.0','1967-12-02','24:23',7.3,51,0,0);
INSERT INTO `episodes` (id,title,serial_id,story,episode_order,original_air_date,runtime,uk_viewers_mm,appreciation_index,missing,recreated) VALUES (184,'Episode 5',39,'39','5.0','1967-12-09','24:25',8,50,0,0);
INSERT INTO `episodes` (id,title,serial_id,story,episode_order,original_air_date,runtime,uk_viewers_mm,appreciation_index,missing,recreated) VALUES (185,'Episode 6',39,'39','6.0','1967-12-16','23:58',7.5,51,0,0);
INSERT INTO `episodes` (id,title,serial_id,story,episode_order,original_air_date,runtime,uk_viewers_mm,appreciation_index,missing,recreated) VALUES (186,'Episode 1',40,'40','1.0','1967-12-23','23:45',6.8,50,0,0);
INSERT INTO `episodes` (id,title,serial_id,story,episode_order,original_air_date,runtime,uk_viewers_mm,appreciation_index,missing,recreated) VALUES (187,'Episode 2',40,'40','2.0','1967-12-30','23:48',7.6,49,0,0);
INSERT INTO `episodes` (id,title,serial_id,story,episode_order,original_air_date,runtime,uk_viewers_mm,appreciation_index,missing,recreated) VALUES (188,'Episode 3',40,'40','3.0','1968-01-06','23:05',7.1,48,0,0);
INSERT INTO `episodes` (id,title,serial_id,story,episode_order,original_air_date,runtime,uk_viewers_mm,appreciation_index,missing,recreated) VALUES (189,'Episode 4',40,'40','4.0','1968-01-13','23:46',7.8,49,0,0);
INSERT INTO `episodes` (id,title,serial_id,story,episode_order,original_air_date,runtime,uk_viewers_mm,appreciation_index,missing,recreated) VALUES (190,'Episode 5',40,'40','5.0','1968-01-20','24:22',6.9,49,0,0);
INSERT INTO `episodes` (id,title,serial_id,story,episode_order,original_air_date,runtime,uk_viewers_mm,appreciation_index,missing,recreated) VALUES (191,'Episode 6',40,'40','6.0','1968-01-27','21:41',8.3,52,0,0);
INSERT INTO `episodes` (id,title,serial_id,story,episode_order,original_air_date,runtime,uk_viewers_mm,appreciation_index,missing,recreated) VALUES (192,'Episode 1',41,'41','1.0','1968-02-03','24:53',7.2,54,0,0);
INSERT INTO `episodes` (id,title,serial_id,story,episode_order,original_air_date,runtime,uk_viewers_mm,appreciation_index,missing,recreated) VALUES (193,'Episode 2',41,'41','2.0','1968-02-10','24:38',6.8,53,0,0);
INSERT INTO `episodes` (id,title,serial_id,story,episode_order,original_air_date,runtime,uk_viewers_mm,appreciation_index,missing,recreated) VALUES (194,'Episode 3',41,'41','3.0','1968-02-17','24:34',7,51,1,0);
INSERT INTO `episodes` (id,title,serial_id,story,episode_order,original_air_date,runtime,uk_viewers_mm,appreciation_index,missing,recreated) VALUES (195,'Episode 4',41,'41','4.0','1968-02-24','24:50',8.4,53,0,0);
INSERT INTO `episodes` (id,title,serial_id,story,episode_order,original_air_date,runtime,uk_viewers_mm,appreciation_index,missing,recreated) VALUES (196,'Episode 5',41,'41','5.0','1968-03-02','24:19',8,55,0,0);
INSERT INTO `episodes` (id,title,serial_id,story,episode_order,original_air_date,runtime,uk_viewers_mm,appreciation_index,missing,recreated) VALUES (197,'Episode 6',41,'41','6.0','1968-03-09','24:41',8.3,55,0,0);
INSERT INTO `episodes` (id,title,serial_id,story,episode_order,original_air_date,runtime,uk_viewers_mm,appreciation_index,missing,recreated) VALUES (198,'Episode 1',42,'42','1.0','1968-03-16','24:54',8.2,55,1,0);
INSERT INTO `episodes` (id,title,serial_id,story,episode_order,original_air_date,runtime,uk_viewers_mm,appreciation_index,missing,recreated) VALUES (199,'Episode 2',42,'42','2.0','1968-03-23','23:08',7.9,55,1,0);
INSERT INTO `episodes` (id,title,serial_id,story,episode_order,original_air_date,runtime,uk_viewers_mm,appreciation_index,missing,recreated) VALUES (200,'Episode 3',42,'42','3.0','1968-03-30','20:29',7.7,56,1,0);
INSERT INTO `episodes` (id,title,serial_id,story,episode_order,original_air_date,runtime,uk_viewers_mm,appreciation_index,missing,recreated) VALUES (201,'Episode 4',42,'42','4.0','1968-04-06','24:17',6.6,56,1,0);
INSERT INTO `episodes` (id,title,serial_id,story,episode_order,original_air_date,runtime,uk_viewers_mm,appreciation_index,missing,recreated) VALUES (202,'Episode 5',42,'42','5.0','1968-04-13','23:40',5.9,56,1,0);
INSERT INTO `episodes` (id,title,serial_id,story,episode_order,original_air_date,runtime,uk_viewers_mm,appreciation_index,missing,recreated) VALUES (203,'Episode 6',42,'42','6.0','1968-04-20','24:24',6.9,57,1,0);
INSERT INTO `episodes` (id,title,serial_id,story,episode_order,original_air_date,runtime,uk_viewers_mm,appreciation_index,missing,recreated) VALUES (204,'Episode 1',43,'43','1.0','1968-04-27','23:47',7.2,57,1,0);
INSERT INTO `episodes` (id,title,serial_id,story,episode_order,original_air_date,runtime,uk_viewers_mm,appreciation_index,missing,recreated) VALUES (205,'Episode 2',43,'43','2.0','1968-05-04','22:50',6.9,60,1,0);
INSERT INTO `episodes` (id,title,serial_id,story,episode_order,original_air_date,runtime,uk_viewers_mm,appreciation_index,missing,recreated) VALUES (206,'Episode 3',43,'43','3.0','1968-05-11','24:25',7.5,55,0,0);
INSERT INTO `episodes` (id,title,serial_id,story,episode_order,original_air_date,runtime,uk_viewers_mm,appreciation_index,missing,recreated) VALUES (207,'Episode 4',43,'43','4.0','1968-05-18','24:14',8.6,56,1,0);
INSERT INTO `episodes` (id,title,serial_id,story,episode_order,original_air_date,runtime,uk_viewers_mm,appreciation_index,missing,recreated) VALUES (208,'Episode 5',43,'43','5.0','1968-05-25','21:55',6.8,57,1,0);
INSERT INTO `episodes` (id,title,serial_id,story,episode_order,original_air_date,runtime,uk_viewers_mm,appreciation_index,missing,recreated) VALUES (209,'Episode 6',43,'43','6.0','1968-06-01','23:10',6.5,62,0,0);
INSERT INTO `episodes` (id,title,serial_id,story,episode_order,original_air_date,runtime,uk_viewers_mm,appreciation_index,missing,recreated) VALUES (210,'Episode 1',44,'44','1.0','1968-08-10','24:25',6.1,52,0,0);
INSERT INTO `episodes` (id,title,serial_id,story,episode_order,original_air_date,runtime,uk_viewers_mm,appreciation_index,missing,recreated) VALUES (211,'Episode 2',44,'44','2.0','1968-08-17','24:07',5.9,55,0,0);
INSERT INTO `episodes` (id,title,serial_id,story,episode_order,original_air_date,runtime,uk_viewers_mm,appreciation_index,missing,recreated) VALUES (212,'Episode 3',44,'44','3.0','1968-08-24','24:06',5.4,55,0,0);
INSERT INTO `episodes` (id,title,serial_id,story,episode_order,original_air_date,runtime,uk_viewers_mm,appreciation_index,missing,recreated) VALUES (213,'Episode 4',44,'44','4.0','1968-08-31','23:54',7.5,51,0,0);
INSERT INTO `episodes` (id,title,serial_id,story,episode_order,original_air_date,runtime,uk_viewers_mm,appreciation_index,missing,recreated) VALUES (214,'Episode 5',44,'44','5.0','1968-09-07','24:10',5.9,53,0,0);
INSERT INTO `episodes` (id,title,serial_id,story,episode_order,original_air_date,runtime,uk_viewers_mm,appreciation_index,missing,recreated) VALUES (215,'Episode 1',45,'45','1.0','1968-09-14','21:27',6.6,51,0,0);
INSERT INTO `episodes` (id,title,serial_id,story,episode_order,original_air_date,runtime,uk_viewers_mm,appreciation_index,missing,recreated) VALUES (216,'Episode 2',45,'45','2.0','1968-09-21','21:39',6.5,49,0,0);
INSERT INTO `episodes` (id,title,serial_id,story,episode_order,original_air_date,runtime,uk_viewers_mm,appreciation_index,missing,recreated) VALUES (217,'Episode 3',45,'45','3.0','1968-09-28','19:29',7.2,53,0,0);
INSERT INTO `episodes` (id,title,serial_id,story,episode_order,original_air_date,runtime,uk_viewers_mm,appreciation_index,missing,recreated) VALUES (218,'Episode 4',45,'45','4.0','1968-10-05','19:14',7.3,56,0,0);
INSERT INTO `episodes` (id,title,serial_id,story,episode_order,original_air_date,runtime,uk_viewers_mm,appreciation_index,missing,recreated) VALUES (219,'Episode 5',45,'45','5.0','1968-10-12','18:00',6.7,49,0,0);
INSERT INTO `episodes` (id,title,serial_id,story,episode_order,original_air_date,runtime,uk_viewers_mm,appreciation_index,missing,recreated) VALUES (220,'Episode 1',46,'46','1.0','1968-11-02','24:32',7.3,55,1,0);
INSERT INTO `episodes` (id,title,serial_id,story,episode_order,original_air_date,runtime,uk_viewers_mm,appreciation_index,missing,recreated) VALUES (221,'Episode 2',46,'46','2.0','1968-11-09','24:26',7.1,53,0,0);
INSERT INTO `episodes` (id,title,serial_id,story,episode_order,original_air_date,runtime,uk_viewers_mm,appreciation_index,missing,recreated) VALUES (222,'Episode 3',46,'46','3.0','1968-11-16','23:44',7.1,54,0,0);
INSERT INTO `episodes` (id,title,serial_id,story,episode_order,original_air_date,runtime,uk_viewers_mm,appreciation_index,missing,recreated) VALUES (223,'Episode 4',46,'46','4.0','1968-11-23','24:18',6.4,51,1,0);
INSERT INTO `episodes` (id,title,serial_id,story,episode_order,original_air_date,runtime,uk_viewers_mm,appreciation_index,missing,recreated) VALUES (224,'Episode 5',46,'46','5.0','1968-11-30','23:25',6.7,52,0,0);
INSERT INTO `episodes` (id,title,serial_id,story,episode_order,original_air_date,runtime,uk_viewers_mm,appreciation_index,missing,recreated) VALUES (225,'Episode 6',46,'46','6.0','1968-12-07','23:20',6.5,56,0,0);
INSERT INTO `episodes` (id,title,serial_id,story,episode_order,original_air_date,runtime,uk_viewers_mm,appreciation_index,missing,recreated) VALUES (226,'Episode 7',46,'46','7.0','1968-12-14','24:46',7.2,55,0,0);
INSERT INTO `episodes` (id,title,serial_id,story,episode_order,original_air_date,runtime,uk_viewers_mm,appreciation_index,missing,recreated) VALUES (227,'Episode 8',46,'46','8.0','1968-12-21','25:03',7,53,0,0);
INSERT INTO `episodes` (id,title,serial_id,story,episode_order,original_air_date,runtime,uk_viewers_mm,appreciation_index,missing,recreated) VALUES (228,'Episode 1',47,'47','1.0','1968-12-28','23:00',9,59,0,0);
INSERT INTO `episodes` (id,title,serial_id,story,episode_order,original_air_date,runtime,uk_viewers_mm,appreciation_index,missing,recreated) VALUES (229,'Episode 2',47,'47','2.0','1969-01-04','23:03',8.4,57,0,0);
INSERT INTO `episodes` (id,title,serial_id,story,episode_order,original_air_date,runtime,uk_viewers_mm,appreciation_index,missing,recreated) VALUES (230,'Episode 3',47,'47','3.0','1969-01-11','21:47',7.5,56,0,0);
INSERT INTO `episodes` (id,title,serial_id,story,episode_order,original_air_date,runtime,uk_viewers_mm,appreciation_index,missing,recreated) VALUES (231,'Episode 4',47,'47','4.0','1969-01-18','22:39',7.1,55,0,0);
INSERT INTO `episodes` (id,title,serial_id,story,episode_order,original_air_date,runtime,uk_viewers_mm,appreciation_index,missing,recreated) VALUES (232,'Episode 1',48,'48','1.0','1969-01-25','23:11',6.6,57,0,0);
INSERT INTO `episodes` (id,title,serial_id,story,episode_order,original_air_date,runtime,uk_viewers_mm,appreciation_index,missing,recreated) VALUES (233,'Episode 2',48,'48','2.0','1969-02-01','24:26',6.8,59,0,0);
INSERT INTO `episodes` (id,title,serial_id,story,episode_order,original_air_date,runtime,uk_viewers_mm,appreciation_index,missing,recreated) VALUES (234,'Episode 3',48,'48','3.0','1969-02-08','24:10',7.5,55,0,0);
INSERT INTO `episodes` (id,title,serial_id,story,episode_order,original_air_date,runtime,uk_viewers_mm,appreciation_index,missing,recreated) VALUES (235,'Episode 4',48,'48','4.0','1969-02-15','24:57',7.1,55,0,0);
INSERT INTO `episodes` (id,title,serial_id,story,episode_order,original_air_date,runtime,uk_viewers_mm,appreciation_index,missing,recreated) VALUES (236,'Episode 5',48,'48','5.0','1969-02-22','24:56',7.6,57,0,0);
INSERT INTO `episodes` (id,title,serial_id,story,episode_order,original_air_date,runtime,uk_viewers_mm,appreciation_index,missing,recreated) VALUES (237,'Episode 6',48,'48','6.0','1969-03-01','24:31',7.7,59,0,0);
INSERT INTO `episodes` (id,title,serial_id,story,episode_order,original_air_date,runtime,uk_viewers_mm,appreciation_index,missing,recreated) VALUES (238,'Episode 1',49,'49','1.0','1969-03-08','24:11',5.8,57,1,0);
INSERT INTO `episodes` (id,title,serial_id,story,episode_order,original_air_date,runtime,uk_viewers_mm,appreciation_index,missing,recreated) VALUES (239,'Episode 2',49,'49','2.0','1969-03-15','25:02',6.8,52,0,0);
INSERT INTO `episodes` (id,title,serial_id,story,episode_order,original_air_date,runtime,uk_viewers_mm,appreciation_index,missing,recreated) VALUES (240,'Episode 3',49,'49','3.0','1969-03-22','23:50',6.4,55,1,0);
INSERT INTO `episodes` (id,title,serial_id,story,episode_order,original_air_date,runtime,uk_viewers_mm,appreciation_index,missing,recreated) VALUES (241,'Episode 4',49,'49','4.0','1969-03-29','22:25',5.8,53,1,0);
INSERT INTO `episodes` (id,title,serial_id,story,episode_order,original_air_date,runtime,uk_viewers_mm,appreciation_index,missing,recreated) VALUES (242,'Episode 5',49,'49','5.0','1969-04-05','24:44',5.5,56,1,0);
INSERT INTO `episodes` (id,title,serial_id,story,episode_order,original_air_date,runtime,uk_viewers_mm,appreciation_index,missing,recreated) VALUES (243,'Episode 6',49,'49','6.0','1969-04-12','24:26',5.3,52,1,0);
INSERT INTO `episodes` (id,title,serial_id,story,episode_order,original_air_date,runtime,uk_viewers_mm,appreciation_index,missing,recreated) VALUES (244,'Episode 1',50,'50','1.0','1969-04-19','25:00',5.5,55,0,0);
INSERT INTO `episodes` (id,title,serial_id,story,episode_order,original_air_date,runtime,uk_viewers_mm,appreciation_index,missing,recreated) VALUES (245,'Episode 2',50,'50','2.0','1969-04-26','25:00',6.3,54,0,0);
INSERT INTO `episodes` (id,title,serial_id,story,episode_order,original_air_date,runtime,uk_viewers_mm,appreciation_index,missing,recreated) VALUES (246,'Episode 3',50,'50','3.0','1969-05-03','24:30',5.1,53,0,0);
INSERT INTO `episodes` (id,title,serial_id,story,episode_order,original_air_date,runtime,uk_viewers_mm,appreciation_index,missing,recreated) VALUES (247,'Episode 4',50,'50','4.0','1969-05-10','23:30',5.7,50,0,0);
INSERT INTO `episodes` (id,title,serial_id,story,episode_order,original_air_date,runtime,uk_viewers_mm,appreciation_index,missing,recreated) VALUES (248,'Episode 5',50,'50','5.0','1969-05-17','24:30',5.1,53,0,0);
INSERT INTO `episodes` (id,title,serial_id,story,episode_order,original_air_date,runtime,uk_viewers_mm,appreciation_index,missing,recreated) VALUES (249,'Episode 6',50,'50','6.0','1969-05-24','22:53',4.2,53,0,0);
INSERT INTO `episodes` (id,title,serial_id,story,episode_order,original_air_date,runtime,uk_viewers_mm,appreciation_index,missing,recreated) VALUES (250,'Episode 7',50,'50','7.0','1969-05-31','22:28',4.9,53,0,0);
INSERT INTO `episodes` (id,title,serial_id,story,episode_order,original_air_date,runtime,uk_viewers_mm,appreciation_index,missing,recreated) VALUES (251,'Episode 8',50,'50','8.0','1969-06-07','24:37',3.5,53,0,0);
INSERT INTO `episodes` (id,title,serial_id,story,episode_order,original_air_date,runtime,uk_viewers_mm,appreciation_index,missing,recreated) VALUES (252,'Episode 9',50,'50','9.0','1969-06-14','24:34',4.1,57,0,0);
INSERT INTO `episodes` (id,title,serial_id,story,episode_order,original_air_date,runtime,uk_viewers_mm,appreciation_index,missing,recreated) VALUES (253,'Episode 10',50,'50','10.0','1969-06-21','24:23',5,58,0,0);
INSERT INTO `episodes` (id,title,serial_id,story,episode_order,original_air_date,runtime,uk_viewers_mm,appreciation_index,missing,recreated) VALUES (254,'Episode 1',51,'51','1.0','1970-01-03','23:38',8.4,54,0,0);
INSERT INTO `episodes` (id,title,serial_id,story,episode_order,original_air_date,runtime,uk_viewers_mm,appreciation_index,missing,recreated) VALUES (255,'Episode 2',51,'51','2.0','1970-01-10','24:21',8.1,NULL,0,0);
INSERT INTO `episodes` (id,title,serial_id,story,episode_order,original_air_date,runtime,uk_viewers_mm,appreciation_index,missing,recreated) VALUES (256,'Episode 3',51,'51','3.0','1970-01-17','24:16',8.3,NULL,0,0);
INSERT INTO `episodes` (id,title,serial_id,story,episode_order,original_air_date,runtime,uk_viewers_mm,appreciation_index,missing,recreated) VALUES (257,'Episode 4',51,'51','4.0','1970-01-24','24:47',8.1,57,0,0);
INSERT INTO `episodes` (id,title,serial_id,story,episode_order,original_air_date,runtime,uk_viewers_mm,appreciation_index,missing,recreated) VALUES (258,'Episode 1',52,'52','1.0','1970-01-31','24:15',8.8,58,0,0);
INSERT INTO `episodes` (id,title,serial_id,story,episode_order,original_air_date,runtime,uk_viewers_mm,appreciation_index,missing,recreated) VALUES (259,'Episode 2',52,'52','2.0','1970-02-07','23:08',7.3,58,0,0);
INSERT INTO `episodes` (id,title,serial_id,story,episode_order,original_air_date,runtime,uk_viewers_mm,appreciation_index,missing,recreated) VALUES (260,'Episode 3',52,'52','3.0','1970-02-14','23:16',7.5,57,0,0);
INSERT INTO `episodes` (id,title,serial_id,story,episode_order,original_air_date,runtime,uk_viewers_mm,appreciation_index,missing,recreated) VALUES (261,'Episode 4',52,'52','4.0','1970-02-21','25:00',8.2,60,0,0);
INSERT INTO `episodes` (id,title,serial_id,story,episode_order,original_air_date,runtime,uk_viewers_mm,appreciation_index,missing,recreated) VALUES (262,'Episode 5',52,'52','5.0','1970-02-28','23:58',7.5,58,0,0);
INSERT INTO `episodes` (id,title,serial_id,story,episode_order,original_air_date,runtime,uk_viewers_mm,appreciation_index,missing,recreated) VALUES (263,'Episode 6',52,'52','6.0','1970-03-07','24:15',7.2,57,0,0);
INSERT INTO `episodes` (id,title,serial_id,story,episode_order,original_air_date,runtime,uk_viewers_mm,appreciation_index,missing,recreated) VALUES (264,'Episode 7',52,'52','7.0','1970-03-14','22:55',7.5,58,0,0);
INSERT INTO `episodes` (id,title,serial_id,story,episode_order,original_air_date,runtime,uk_viewers_mm,appreciation_index,missing,recreated) VALUES (265,'Episode 1',53,'53','1.0','1970-03-21','24:33',7.1,60,0,0);
INSERT INTO `episodes` (id,title,serial_id,story,episode_order,original_air_date,runtime,uk_viewers_mm,appreciation_index,missing,recreated) VALUES (266,'Episode 2',53,'53','2.0','1970-03-28','24:39',7.6,61,0,0);
INSERT INTO `episodes` (id,title,serial_id,story,episode_order,original_air_date,runtime,uk_viewers_mm,appreciation_index,missing,recreated) VALUES (267,'Episode 3',53,'53','3.0','1970-04-04','24:38',8,59,0,0);
INSERT INTO `episodes` (id,title,serial_id,story,episode_order,original_air_date,runtime,uk_viewers_mm,appreciation_index,missing,recreated) VALUES (268,'Episode 4',53,'53','4.0','1970-04-11','24:37',9.3,58,0,0);
INSERT INTO `episodes` (id,title,serial_id,story,episode_order,original_air_date,runtime,uk_viewers_mm,appreciation_index,missing,recreated) VALUES (269,'Episode 5',53,'53','5.0','1970-04-18','24:17',7.1,NULL,0,0);
INSERT INTO `episodes` (id,title,serial_id,story,episode_order,original_air_date,runtime,uk_viewers_mm,appreciation_index,missing,recreated) VALUES (270,'Episode 6',53,'53','6.0','1970-04-25','24:31',6.9,61,0,0);
INSERT INTO `episodes` (id,title,serial_id,story,episode_order,original_air_date,runtime,uk_viewers_mm,appreciation_index,missing,recreated) VALUES (271,'Episode 7',53,'53','7.0','1970-05-02','24:32',6.4,62,0,0);
INSERT INTO `episodes` (id,title,serial_id,story,episode_order,original_air_date,runtime,uk_viewers_mm,appreciation_index,missing,recreated) VALUES (272,'Episode 1',54,'54','1.0','1970-05-09','23:21',5.7,61,0,0);
INSERT INTO `episodes` (id,title,serial_id,story,episode_order,original_air_date,runtime,uk_viewers_mm,appreciation_index,missing,recreated) VALUES (273,'Episode 2',54,'54','2.0','1970-05-16','22:04',5.9,61,0,0);
INSERT INTO `episodes` (id,title,serial_id,story,episode_order,original_air_date,runtime,uk_viewers_mm,appreciation_index,missing,recreated) VALUES (274,'Episode 3',54,'54','3.0','1970-05-23','24:34',4.8,60,0,0);
INSERT INTO `episodes` (id,title,serial_id,story,episode_order,original_air_date,runtime,uk_viewers_mm,appreciation_index,missing,recreated) VALUES (275,'Episode 4',54,'54','4.0','1970-05-30','24:57',6,60,0,0);
INSERT INTO `episodes` (id,title,serial_id,story,episode_order,original_air_date,runtime,uk_viewers_mm,appreciation_index,missing,recreated) VALUES (276,'Episode 5',54,'54','5.0','1970-06-06','23:42',5.4,NULL,0,0);
INSERT INTO `episodes` (id,title,serial_id,story,episode_order,original_air_date,runtime,uk_viewers_mm,appreciation_index,missing,recreated) VALUES (277,'Episode 6',54,'54','6.0','1970-06-13','23:32',6.7,58,0,0);
INSERT INTO `episodes` (id,title,serial_id,story,episode_order,original_air_date,runtime,uk_viewers_mm,appreciation_index,missing,recreated) VALUES (278,'Episode 7',54,'54','7.0','1970-06-20','24:33',5.5,60,0,0);
INSERT INTO `episodes` (id,title,serial_id,story,episode_order,original_air_date,runtime,uk_viewers_mm,appreciation_index,missing,recreated) VALUES (279,'Episode 1',55,'55','1.0','1971-01-02','24:36',7.3,NULL,0,0);
INSERT INTO `episodes` (id,title,serial_id,story,episode_order,original_air_date,runtime,uk_viewers_mm,appreciation_index,missing,recreated) VALUES (280,'Episode 2',55,'55','2.0','1971-01-09','24:48',8,NULL,0,0);
INSERT INTO `episodes` (id,title,serial_id,story,episode_order,original_air_date,runtime,uk_viewers_mm,appreciation_index,missing,recreated) VALUES (281,'Episode 3',55,'55','3.0','1971-01-16','23:28',8.1,NULL,0,0);
INSERT INTO `episodes` (id,title,serial_id,story,episode_order,original_air_date,runtime,uk_viewers_mm,appreciation_index,missing,recreated) VALUES (282,'Episode 4',55,'55','4.0','1971-01-23','22:10',8.4,NULL,0,0);
INSERT INTO `episodes` (id,title,serial_id,story,episode_order,original_air_date,runtime,uk_viewers_mm,appreciation_index,missing,recreated) VALUES (283,'Episode 1',56,'56','1.0','1971-01-30','24:39',6.1,NULL,0,0);
INSERT INTO `episodes` (id,title,serial_id,story,episode_order,original_air_date,runtime,uk_viewers_mm,appreciation_index,missing,recreated) VALUES (284,'Episode 2',56,'56','2.0','1971-02-06','24:31',8.8,NULL,0,0);
INSERT INTO `episodes` (id,title,serial_id,story,episode_order,original_air_date,runtime,uk_viewers_mm,appreciation_index,missing,recreated) VALUES (285,'Episode 3',56,'56','3.0','1971-02-13','24:30',7.5,NULL,0,0);
INSERT INTO `episodes` (id,title,serial_id,story,episode_order,original_air_date,runtime,uk_viewers_mm,appreciation_index,missing,recreated) VALUES (286,'Episode 4',56,'56','4.0','1971-02-20','24:40',7.4,NULL,0,0);
INSERT INTO `episodes` (id,title,serial_id,story,episode_order,original_air_date,runtime,uk_viewers_mm,appreciation_index,missing,recreated) VALUES (287,'Episode 5',56,'56','5.0','1971-02-27','23:34',7.6,NULL,0,0);
INSERT INTO `episodes` (id,title,serial_id,story,episode_order,original_air_date,runtime,uk_viewers_mm,appreciation_index,missing,recreated) VALUES (288,'Episode 6',56,'56','6.0','1971-03-06','24:48',7.3,NULL,0,0);
INSERT INTO `episodes` (id,title,serial_id,story,episode_order,original_air_date,runtime,uk_viewers_mm,appreciation_index,missing,recreated) VALUES (289,'Episode 1',57,'57','1.0','1971-03-13','23:51',7.3,NULL,0,0);
INSERT INTO `episodes` (id,title,serial_id,story,episode_order,original_air_date,runtime,uk_viewers_mm,appreciation_index,missing,recreated) VALUES (290,'Episode 2',57,'57','2.0','1971-03-20','24:00',8,NULL,0,0);
INSERT INTO `episodes` (id,title,serial_id,story,episode_order,original_air_date,runtime,uk_viewers_mm,appreciation_index,missing,recreated) VALUES (291,'Episode 3',57,'57','3.0','1971-03-27','24:05',6.4,NULL,0,0);
INSERT INTO `episodes` (id,title,serial_id,story,episode_order,original_air_date,runtime,uk_viewers_mm,appreciation_index,missing,recreated) VALUES (292,'Episode 4',57,'57','4.0','1971-04-03','25:16',7.8,NULL,0,0);
INSERT INTO `episodes` (id,title,serial_id,story,episode_order,original_air_date,runtime,uk_viewers_mm,appreciation_index,missing,recreated) VALUES (293,'Episode 1',58,'58','1.0','1971-04-10','24:19',7.6,NULL,0,0);
INSERT INTO `episodes` (id,title,serial_id,story,episode_order,original_air_date,runtime,uk_viewers_mm,appreciation_index,missing,recreated) VALUES (294,'Episode 2',58,'58','2.0','1971-04-17','22:43',8.5,NULL,0,0);
INSERT INTO `episodes` (id,title,serial_id,story,episode_order,original_air_date,runtime,uk_viewers_mm,appreciation_index,missing,recreated) VALUES (295,'Episode 3',58,'58','3.0','1971-04-24','23:47',9.5,NULL,0,0);
INSERT INTO `episodes` (id,title,serial_id,story,episode_order,original_air_date,runtime,uk_viewers_mm,appreciation_index,missing,recreated) VALUES (296,'Episode 4',58,'58','4.0','1971-05-01','24:20',8.1,NULL,0,0);
INSERT INTO `episodes` (id,title,serial_id,story,episode_order,original_air_date,runtime,uk_viewers_mm,appreciation_index,missing,recreated) VALUES (297,'Episode 5',58,'58','5.0','1971-05-08','25:22',8.8,NULL,0,0);
INSERT INTO `episodes` (id,title,serial_id,story,episode_order,original_air_date,runtime,uk_viewers_mm,appreciation_index,missing,recreated) VALUES (298,'Episode 6',58,'58','6.0','1971-05-15','25:22',8.7,NULL,0,0);
INSERT INTO `episodes` (id,title,serial_id,story,episode_order,original_air_date,runtime,uk_viewers_mm,appreciation_index,missing,recreated) VALUES (299,'Episode 1',59,'59','1.0','1971-05-22','25:05',9.2,NULL,0,0);
INSERT INTO `episodes` (id,title,serial_id,story,episode_order,original_air_date,runtime,uk_viewers_mm,appreciation_index,missing,recreated) VALUES (300,'Episode 2',59,'59','2.0','1971-05-29','24:20',8,NULL,0,0);
INSERT INTO `episodes` (id,title,serial_id,story,episode_order,original_air_date,runtime,uk_viewers_mm,appreciation_index,missing,recreated) VALUES (301,'Episode 3',59,'59','3.0','1971-06-05','24:27',8.1,NULL,0,0);
INSERT INTO `episodes` (id,title,serial_id,story,episode_order,original_air_date,runtime,uk_viewers_mm,appreciation_index,missing,recreated) VALUES (302,'Episode 4',59,'59','4.0','1971-06-12','24:25',8.1,NULL,0,0);
INSERT INTO `episodes` (id,title,serial_id,story,episode_order,original_air_date,runtime,uk_viewers_mm,appreciation_index,missing,recreated) VALUES (303,'Episode 5',59,'59','5.0','1971-06-19','24:04',8.3,NULL,0,0);
INSERT INTO `episodes` (id,title,serial_id,story,episode_order,original_air_date,runtime,uk_viewers_mm,appreciation_index,missing,recreated) VALUES (304,'Episode 1',60,'60','1.0','1972-01-01','23:36',9.8,NULL,0,0);
INSERT INTO `episodes` (id,title,serial_id,story,episode_order,original_air_date,runtime,uk_viewers_mm,appreciation_index,missing,recreated) VALUES (305,'Episode 2',60,'60','2.0','1972-01-08','23:52',10.4,NULL,0,0);
INSERT INTO `episodes` (id,title,serial_id,story,episode_order,original_air_date,runtime,uk_viewers_mm,appreciation_index,missing,recreated) VALUES (306,'Episode 3',60,'60','3.0','1972-01-15','24:18',9.1,NULL,0,0);
INSERT INTO `episodes` (id,title,serial_id,story,episode_order,original_air_date,runtime,uk_viewers_mm,appreciation_index,missing,recreated) VALUES (307,'Episode 4',60,'60','4.0','1972-01-22','24:17',9.1,NULL,0,0);
INSERT INTO `episodes` (id,title,serial_id,story,episode_order,original_air_date,runtime,uk_viewers_mm,appreciation_index,missing,recreated) VALUES (308,'Episode 1',61,'61','1.0','1972-01-29','24:32',10.3,NULL,0,0);
INSERT INTO `episodes` (id,title,serial_id,story,episode_order,original_air_date,runtime,uk_viewers_mm,appreciation_index,missing,recreated) VALUES (309,'Episode 2',61,'61','2.0','1972-02-05','24:33',11,NULL,0,0);
INSERT INTO `episodes` (id,title,serial_id,story,episode_order,original_air_date,runtime,uk_viewers_mm,appreciation_index,missing,recreated) VALUES (310,'Episode 3',61,'61','3.0','1972-02-12','24:21',7.8,NULL,0,0);
INSERT INTO `episodes` (id,title,serial_id,story,episode_order,original_air_date,runtime,uk_viewers_mm,appreciation_index,missing,recreated) VALUES (311,'Episode 4',61,'61','4.0','1972-02-19','24:16',8.4,NULL,0,0);
INSERT INTO `episodes` (id,title,serial_id,story,episode_order,original_air_date,runtime,uk_viewers_mm,appreciation_index,missing,recreated) VALUES (312,'Episode 1',62,'62','1.0','1972-02-26','24:40',6.4,NULL,0,0);
INSERT INTO `episodes` (id,title,serial_id,story,episode_order,original_air_date,runtime,uk_viewers_mm,appreciation_index,missing,recreated) VALUES (313,'Episode 2',62,'62','2.0','1972-03-04','24:30',9.7,NULL,0,0);
INSERT INTO `episodes` (id,title,serial_id,story,episode_order,original_air_date,runtime,uk_viewers_mm,appreciation_index,missing,recreated) VALUES (314,'Episode 3',62,'62','3.0','1972-03-11','24:05',8.3,NULL,0,0);
INSERT INTO `episodes` (id,title,serial_id,story,episode_order,original_air_date,runtime,uk_viewers_mm,appreciation_index,missing,recreated) VALUES (315,'Episode 4',62,'62','4.0','1972-03-18','24:21',7.8,NULL,0,0);
INSERT INTO `episodes` (id,title,serial_id,story,episode_order,original_air_date,runtime,uk_viewers_mm,appreciation_index,missing,recreated) VALUES (316,'Episode 5',62,'62','5.0','1972-03-25','24:53',8.3,NULL,0,0);
INSERT INTO `episodes` (id,title,serial_id,story,episode_order,original_air_date,runtime,uk_viewers_mm,appreciation_index,missing,recreated) VALUES (317,'Episode 6',62,'62','6.0','1972-04-01','25:24',8.5,NULL,0,0);
INSERT INTO `episodes` (id,title,serial_id,story,episode_order,original_air_date,runtime,uk_viewers_mm,appreciation_index,missing,recreated) VALUES (318,'Episode 1',63,'63','1.0','1972-04-08','24:25',9.1,NULL,0,0);
INSERT INTO `episodes` (id,title,serial_id,story,episode_order,original_air_date,runtime,uk_viewers_mm,appreciation_index,missing,recreated) VALUES (319,'Episode 2',63,'63','2.0','1972-04-15','24:24',7.8,NULL,0,0);
INSERT INTO `episodes` (id,title,serial_id,story,episode_order,original_air_date,runtime,uk_viewers_mm,appreciation_index,missing,recreated) VALUES (320,'Episode 3',63,'63','3.0','1972-04-22','24:32',7.9,NULL,0,0);
INSERT INTO `episodes` (id,title,serial_id,story,episode_order,original_air_date,runtime,uk_viewers_mm,appreciation_index,missing,recreated) VALUES (321,'Episode 4',63,'63','4.0','1972-04-29','24:00',7.5,NULL,0,0);
INSERT INTO `episodes` (id,title,serial_id,story,episode_order,original_air_date,runtime,uk_viewers_mm,appreciation_index,missing,recreated) VALUES (322,'Episode 5',63,'63','5.0','1972-05-06','24:37',7.9,NULL,0,0);
INSERT INTO `episodes` (id,title,serial_id,story,episode_order,original_air_date,runtime,uk_viewers_mm,appreciation_index,missing,recreated) VALUES (323,'Episode 6',63,'63','6.0','1972-05-13','23:43',6.5,NULL,0,0);
INSERT INTO `episodes` (id,title,serial_id,story,episode_order,original_air_date,runtime,uk_viewers_mm,appreciation_index,missing,recreated) VALUES (324,'Episode 1',64,'64','1.0','1972-05-20','25:04',7.6,NULL,0,0);
INSERT INTO `episodes` (id,title,serial_id,story,episode_order,original_air_date,runtime,uk_viewers_mm,appreciation_index,missing,recreated) VALUES (325,'Episode 2',64,'64','2.0','1972-05-27','25:05',7.4,NULL,0,0);
INSERT INTO `episodes` (id,title,serial_id,story,episode_order,original_air_date,runtime,uk_viewers_mm,appreciation_index,missing,recreated) VALUES (326,'Episode 3',64,'64','3.0','1972-06-03','23:59',8.1,NULL,0,0);
INSERT INTO `episodes` (id,title,serial_id,story,episode_order,original_air_date,runtime,uk_viewers_mm,appreciation_index,missing,recreated) VALUES (327,'Episode 4',64,'64','4.0','1972-06-10','23:55',7.6,NULL,0,0);
INSERT INTO `episodes` (id,title,serial_id,story,episode_order,original_air_date,runtime,uk_viewers_mm,appreciation_index,missing,recreated) VALUES (328,'Episode 5',64,'64','5.0','1972-06-17','24:29',6,NULL,0,0);
INSERT INTO `episodes` (id,title,serial_id,story,episode_order,original_air_date,runtime,uk_viewers_mm,appreciation_index,missing,recreated) VALUES (329,'Episode 6',64,'64','6.0','1972-06-24','24:55',7.6,NULL,0,0);
INSERT INTO `episodes` (id,title,serial_id,story,episode_order,original_air_date,runtime,uk_viewers_mm,appreciation_index,missing,recreated) VALUES (330,'Episode 1',65,'65','1.0','1972-12-30','24:39',9.6,NULL,0,0);
INSERT INTO `episodes` (id,title,serial_id,story,episode_order,original_air_date,runtime,uk_viewers_mm,appreciation_index,missing,recreated) VALUES (331,'Episode 2',65,'65','2.0','1973-01-06','24:18',10.8,NULL,0,0);
INSERT INTO `episodes` (id,title,serial_id,story,episode_order,original_air_date,runtime,uk_viewers_mm,appreciation_index,missing,recreated) VALUES (332,'Episode 3',65,'65','3.0','1973-01-13','24:22',8.8,NULL,0,0);
INSERT INTO `episodes` (id,title,serial_id,story,episode_order,original_air_date,runtime,uk_viewers_mm,appreciation_index,missing,recreated) VALUES (333,'Episode 4',65,'65','4.0','1973-01-20','25:07',11.9,NULL,0,0);
INSERT INTO `episodes` (id,title,serial_id,story,episode_order,original_air_date,runtime,uk_viewers_mm,appreciation_index,missing,recreated) VALUES (334,'Episode 1',66,'66','1.0','1973-01-27','24:46',9.5,NULL,0,0);
INSERT INTO `episodes` (id,title,serial_id,story,episode_order,original_air_date,runtime,uk_viewers_mm,appreciation_index,missing,recreated) VALUES (335,'Episode 2',66,'66','2.0','1973-02-03','24:11',9,NULL,0,0);
INSERT INTO `episodes` (id,title,serial_id,story,episode_order,original_air_date,runtime,uk_viewers_mm,appreciation_index,missing,recreated) VALUES (336,'Episode 3',66,'66','3.0','1973-02-10','24:49',9,NULL,0,0);
INSERT INTO `episodes` (id,title,serial_id,story,episode_order,original_air_date,runtime,uk_viewers_mm,appreciation_index,missing,recreated) VALUES (337,'Episode 4',66,'66','4.0','1973-02-17','24:10',9.2,NULL,0,0);
INSERT INTO `episodes` (id,title,serial_id,story,episode_order,original_air_date,runtime,uk_viewers_mm,appreciation_index,missing,recreated) VALUES (338,'Episode 1',67,'67','1.0','1973-02-24','23:27',9.1,NULL,0,0);
INSERT INTO `episodes` (id,title,serial_id,story,episode_order,original_air_date,runtime,uk_viewers_mm,appreciation_index,missing,recreated) VALUES (339,'Episode 2',67,'67','2.0','1973-03-03','24:10',7.8,NULL,0,0);
INSERT INTO `episodes` (id,title,serial_id,story,episode_order,original_air_date,runtime,uk_viewers_mm,appreciation_index,missing,recreated) VALUES (340,'Episode 3',67,'67','3.0','1973-03-10','24:00',7.5,NULL,0,0);
INSERT INTO `episodes` (id,title,serial_id,story,episode_order,original_air_date,runtime,uk_viewers_mm,appreciation_index,missing,recreated) VALUES (341,'Episode 4',67,'67','4.0','1973-03-17','23:35',7.1,NULL,0,0);
INSERT INTO `episodes` (id,title,serial_id,story,episode_order,original_air_date,runtime,uk_viewers_mm,appreciation_index,missing,recreated) VALUES (342,'Episode 5',67,'67','5.0','1973-03-24','23:57',7.7,NULL,0,0);
INSERT INTO `episodes` (id,title,serial_id,story,episode_order,original_air_date,runtime,uk_viewers_mm,appreciation_index,missing,recreated) VALUES (343,'Episode 6',67,'67','6.0','1973-03-31','24:44',8.9,NULL,0,0);
INSERT INTO `episodes` (id,title,serial_id,story,episode_order,original_air_date,runtime,uk_viewers_mm,appreciation_index,missing,recreated) VALUES (344,'Episode 1',68,'68','1.0','1973-04-07','24:51',11,NULL,0,0);
INSERT INTO `episodes` (id,title,serial_id,story,episode_order,original_air_date,runtime,uk_viewers_mm,appreciation_index,missing,recreated) VALUES (345,'Episode 2',68,'68','2.0','1973-04-14','24:08',10.7,NULL,0,0);
INSERT INTO `episodes` (id,title,serial_id,story,episode_order,original_air_date,runtime,uk_viewers_mm,appreciation_index,missing,recreated) VALUES (346,'Episode 3',68,'68','3.0','1973-04-21','22:34',10.1,NULL,0,0);
INSERT INTO `episodes` (id,title,serial_id,story,episode_order,original_air_date,runtime,uk_viewers_mm,appreciation_index,missing,recreated) VALUES (347,'Episode 4',68,'68','4.0','1973-04-28','23:36',8.3,NULL,0,0);
INSERT INTO `episodes` (id,title,serial_id,story,episode_order,original_air_date,runtime,uk_viewers_mm,appreciation_index,missing,recreated) VALUES (348,'Episode 5',68,'68','5.0','1973-05-05','22:31',9.7,NULL,0,0);
INSERT INTO `episodes` (id,title,serial_id,story,episode_order,original_air_date,runtime,uk_viewers_mm,appreciation_index,missing,recreated) VALUES (349,'Episode 6',68,'68','6.0','1973-05-12','23:02',8.5,NULL,0,0);
INSERT INTO `episodes` (id,title,serial_id,story,episode_order,original_air_date,runtime,uk_viewers_mm,appreciation_index,missing,recreated) VALUES (350,'Episode 1',69,'69','1.0','1973-05-19','25:55',9.2,NULL,0,0);
INSERT INTO `episodes` (id,title,serial_id,story,episode_order,original_air_date,runtime,uk_viewers_mm,appreciation_index,missing,recreated) VALUES (351,'Episode 2',69,'69','2.0','1973-05-26','25:56',7.2,NULL,0,0);
INSERT INTO `episodes` (id,title,serial_id,story,episode_order,original_air_date,runtime,uk_viewers_mm,appreciation_index,missing,recreated) VALUES (352,'Episode 3',69,'69','3.0','1973-06-02','25:12',7.8,NULL,0,0);
INSERT INTO `episodes` (id,title,serial_id,story,episode_order,original_air_date,runtime,uk_viewers_mm,appreciation_index,missing,recreated) VALUES (353,'Episode 4',69,'69','4.0','1973-06-09','25:47',6.8,NULL,0,0);
INSERT INTO `episodes` (id,title,serial_id,story,episode_order,original_air_date,runtime,uk_viewers_mm,appreciation_index,missing,recreated) VALUES (354,'Episode 5',69,'69','5.0','1973-06-16','25:20',8.3,NULL,0,0);
INSERT INTO `episodes` (id,title,serial_id,story,episode_order,original_air_date,runtime,uk_viewers_mm,appreciation_index,missing,recreated) VALUES (355,'Episode 6',69,'69','6.0','1973-06-23','26:06',7,NULL,0,0);
INSERT INTO `episodes` (id,title,serial_id,story,episode_order,original_air_date,runtime,uk_viewers_mm,appreciation_index,missing,recreated) VALUES (356,'Part One',70,'70','1.0','1973-12-15','24:15',8.7,59,0,0);
INSERT INTO `episodes` (id,title,serial_id,story,episode_order,original_air_date,runtime,uk_viewers_mm,appreciation_index,missing,recreated) VALUES (357,'Part Two',70,'70','2.0','1973-12-22','24:10',7,NULL,0,0);
INSERT INTO `episodes` (id,title,serial_id,story,episode_order,original_air_date,runtime,uk_viewers_mm,appreciation_index,missing,recreated) VALUES (358,'Part Three',70,'70','3.0','1973-12-29','23:30',6.6,NULL,0,0);
INSERT INTO `episodes` (id,title,serial_id,story,episode_order,original_air_date,runtime,uk_viewers_mm,appreciation_index,missing,recreated) VALUES (359,'Part Four',70,'70','4.0','1974-01-05','24:57',10.6,60,0,0);
INSERT INTO `episodes` (id,title,serial_id,story,episode_order,original_air_date,runtime,uk_viewers_mm,appreciation_index,missing,recreated) VALUES (360,'Part One',71,'71','1.0','1974-01-12','25:29',11,62,0,0);
INSERT INTO `episodes` (id,title,serial_id,story,episode_order,original_air_date,runtime,uk_viewers_mm,appreciation_index,missing,recreated) VALUES (361,'Part Two',71,'71','2.0','1974-01-19','24:43',10.1,NULL,0,0);
INSERT INTO `episodes` (id,title,serial_id,story,episode_order,original_air_date,runtime,uk_viewers_mm,appreciation_index,missing,recreated) VALUES (362,'Part Three',71,'71','3.0','1974-01-26','23:26',11,63,0,0);
INSERT INTO `episodes` (id,title,serial_id,story,episode_order,original_air_date,runtime,uk_viewers_mm,appreciation_index,missing,recreated) VALUES (363,'Part Four',71,'71','4.0','1974-02-02','23:33',9,NULL,0,0);
INSERT INTO `episodes` (id,title,serial_id,story,episode_order,original_air_date,runtime,uk_viewers_mm,appreciation_index,missing,recreated) VALUES (364,'Part Five',71,'71','5.0','1974-02-09','24:30',9,NULL,0,0);
INSERT INTO `episodes` (id,title,serial_id,story,episode_order,original_air_date,runtime,uk_viewers_mm,appreciation_index,missing,recreated) VALUES (365,'Part Six',71,'71','6.0','1974-02-16','25:34',7.5,62,0,0);
INSERT INTO `episodes` (id,title,serial_id,story,episode_order,original_air_date,runtime,uk_viewers_mm,appreciation_index,missing,recreated) VALUES (366,'Part One',72,'72','1.0','1974-02-23','24:32',8.1,61,0,0);
INSERT INTO `episodes` (id,title,serial_id,story,episode_order,original_air_date,runtime,uk_viewers_mm,appreciation_index,missing,recreated) VALUES (367,'Part Two',72,'72','2.0','1974-03-02','24:25',9.5,NULL,0,0);
INSERT INTO `episodes` (id,title,serial_id,story,episode_order,original_air_date,runtime,uk_viewers_mm,appreciation_index,missing,recreated) VALUES (368,'Part Three',72,'72','3.0','1974-03-09','24:24',10.5,61,0,0);
INSERT INTO `episodes` (id,title,serial_id,story,episode_order,original_air_date,runtime,uk_viewers_mm,appreciation_index,missing,recreated) VALUES (369,'Part Four',72,'72','4.0','1974-03-16','24:35',9.5,62,0,0);
INSERT INTO `episodes` (id,title,serial_id,story,episode_order,original_air_date,runtime,uk_viewers_mm,appreciation_index,missing,recreated) VALUES (370,'Part One',73,'73','1.0','1974-03-23','24:59',9.2,NULL,0,0);
INSERT INTO `episodes` (id,title,serial_id,story,episode_order,original_air_date,runtime,uk_viewers_mm,appreciation_index,missing,recreated) VALUES (371,'Part Two',73,'73','2.0','1974-03-30','23:26',6.8,NULL,0,0);
INSERT INTO `episodes` (id,title,serial_id,story,episode_order,original_air_date,runtime,uk_viewers_mm,appreciation_index,missing,recreated) VALUES (372,'Part Three',73,'73','3.0','1974-04-06','24:47',7.4,NULL,0,0);
INSERT INTO `episodes` (id,title,serial_id,story,episode_order,original_air_date,runtime,uk_viewers_mm,appreciation_index,missing,recreated) VALUES (373,'Part Four',73,'73','4.0','1974-04-13','24:50',7.2,NULL,0,0);
INSERT INTO `episodes` (id,title,serial_id,story,episode_order,original_air_date,runtime,uk_viewers_mm,appreciation_index,missing,recreated) VALUES (374,'Part Five',73,'73','5.0','1974-04-20','23:56',7.5,NULL,0,0);
INSERT INTO `episodes` (id,title,serial_id,story,episode_order,original_air_date,runtime,uk_viewers_mm,appreciation_index,missing,recreated) VALUES (375,'Part Six',73,'73','6.0','1974-04-27','23:48',8.1,NULL,0,0);
INSERT INTO `episodes` (id,title,serial_id,story,episode_order,original_air_date,runtime,uk_viewers_mm,appreciation_index,missing,recreated) VALUES (376,'Part One',74,'74','1.0','1974-05-04','24:40',10.1,NULL,0,0);
INSERT INTO `episodes` (id,title,serial_id,story,episode_order,original_air_date,runtime,uk_viewers_mm,appreciation_index,missing,recreated) VALUES (377,'Part Two',74,'74','2.0','1974-05-11','25:02',8.9,NULL,0,0);
INSERT INTO `episodes` (id,title,serial_id,story,episode_order,original_air_date,runtime,uk_viewers_mm,appreciation_index,missing,recreated) VALUES (378,'Part Three',74,'74','3.0','1974-05-18','24:58',8.8,NULL,0,0);
INSERT INTO `episodes` (id,title,serial_id,story,episode_order,original_air_date,runtime,uk_viewers_mm,appreciation_index,missing,recreated) VALUES (379,'Part Four',74,'74','4.0','1974-05-25','23:53',8.2,NULL,0,0);
INSERT INTO `episodes` (id,title,serial_id,story,episode_order,original_air_date,runtime,uk_viewers_mm,appreciation_index,missing,recreated) VALUES (380,'Part Five',74,'74','5.0','1974-06-01','24:01',9.2,NULL,0,0);
INSERT INTO `episodes` (id,title,serial_id,story,episode_order,original_air_date,runtime,uk_viewers_mm,appreciation_index,missing,recreated) VALUES (381,'Part Six',74,'74','6.0','1974-06-08','24:43',8.9,NULL,0,0);
INSERT INTO `episodes` (id,title,serial_id,story,episode_order,original_air_date,runtime,uk_viewers_mm,appreciation_index,missing,recreated) VALUES (382,'Part One',75,'75','1.0','1974-12-28','24:11',10.8,53,0,0);
INSERT INTO `episodes` (id,title,serial_id,story,episode_order,original_air_date,runtime,uk_viewers_mm,appreciation_index,missing,recreated) VALUES (383,'Part Two',75,'75','2.0','1975-01-04','25:00',10.7,53,0,0);
INSERT INTO `episodes` (id,title,serial_id,story,episode_order,original_air_date,runtime,uk_viewers_mm,appreciation_index,missing,recreated) VALUES (384,'Part Three',75,'75','3.0','1975-01-11','24:29',10.1,NULL,0,0);
INSERT INTO `episodes` (id,title,serial_id,story,episode_order,original_air_date,runtime,uk_viewers_mm,appreciation_index,missing,recreated) VALUES (385,'Part Four',75,'75','4.0','1975-01-18','24:29',9,51,0,0);
INSERT INTO `episodes` (id,title,serial_id,story,episode_order,original_air_date,runtime,uk_viewers_mm,appreciation_index,missing,recreated) VALUES (386,'Part One',76,'76','1.0','1975-01-25','24:58',9.4,NULL,0,0);
INSERT INTO `episodes` (id,title,serial_id,story,episode_order,original_air_date,runtime,uk_viewers_mm,appreciation_index,missing,recreated) VALUES (387,'Part Two',76,'76','2.0','1975-02-01','24:49',13.6,NULL,0,0);
INSERT INTO `episodes` (id,title,serial_id,story,episode_order,original_air_date,runtime,uk_viewers_mm,appreciation_index,missing,recreated) VALUES (388,'Part Three',76,'76','3.0','1975-02-08','24:05',11.2,NULL,0,0);
INSERT INTO `episodes` (id,title,serial_id,story,episode_order,original_air_date,runtime,uk_viewers_mm,appreciation_index,missing,recreated) VALUES (389,'Part Four',76,'76','4.0','1975-02-15','24:37',10.2,NULL,0,0);
INSERT INTO `episodes` (id,title,serial_id,story,episode_order,original_air_date,runtime,uk_viewers_mm,appreciation_index,missing,recreated) VALUES (390,'Part One',77,'77','1.0','1975-02-22','24:27',11,NULL,0,0);
INSERT INTO `episodes` (id,title,serial_id,story,episode_order,original_air_date,runtime,uk_viewers_mm,appreciation_index,missing,recreated) VALUES (391,'Part Two',77,'77','2.0','1975-03-01','25:00',10.5,55,0,0);
INSERT INTO `episodes` (id,title,serial_id,story,episode_order,original_air_date,runtime,uk_viewers_mm,appreciation_index,missing,recreated) VALUES (392,'Part One',78,'78','1.0','1975-03-08','24:30',10.7,NULL,0,0);
INSERT INTO `episodes` (id,title,serial_id,story,episode_order,original_air_date,runtime,uk_viewers_mm,appreciation_index,missing,recreated) VALUES (393,'Part Two',78,'78','2.0','1975-03-15','24:51',10.5,57,0,0);
INSERT INTO `episodes` (id,title,serial_id,story,episode_order,original_air_date,runtime,uk_viewers_mm,appreciation_index,missing,recreated) VALUES (394,'Part Three',78,'78','3.0','1975-03-22','22:38',8.5,NULL,0,0);
INSERT INTO `episodes` (id,title,serial_id,story,episode_order,original_air_date,runtime,uk_viewers_mm,appreciation_index,missing,recreated) VALUES (395,'Part Four',78,'78','4.0','1975-03-29','23:38',8.8,58,0,0);
INSERT INTO `episodes` (id,title,serial_id,story,episode_order,original_air_date,runtime,uk_viewers_mm,appreciation_index,missing,recreated) VALUES (396,'Part Five',78,'78','5.0','1975-04-05','23:27',9.8,57,0,0);
INSERT INTO `episodes` (id,title,serial_id,story,episode_order,original_air_date,runtime,uk_viewers_mm,appreciation_index,missing,recreated) VALUES (397,'Part Six',78,'78','6.0','1975-04-12','23:30',9.1,56,0,0);
INSERT INTO `episodes` (id,title,serial_id,story,episode_order,original_air_date,runtime,uk_viewers_mm,appreciation_index,missing,recreated) VALUES (398,'Part One',79,'79','1.0','1975-04-19','24:19',9.5,57,0,0);
INSERT INTO `episodes` (id,title,serial_id,story,episode_order,original_air_date,runtime,uk_viewers_mm,appreciation_index,missing,recreated) VALUES (399,'Part Two',79,'79','2.0','1975-04-26','24:24',8.3,NULL,0,0);
INSERT INTO `episodes` (id,title,serial_id,story,episode_order,original_air_date,runtime,uk_viewers_mm,appreciation_index,missing,recreated) VALUES (400,'Part Three',79,'79','3.0','1975-05-03','24:32',8.9,NULL,0,0);
INSERT INTO `episodes` (id,title,serial_id,story,episode_order,original_air_date,runtime,uk_viewers_mm,appreciation_index,missing,recreated) VALUES (401,'Part Four',79,'79','4.0','1975-05-10','23:21',9.4,58,0,0);
INSERT INTO `episodes` (id,title,serial_id,story,episode_order,original_air_date,runtime,uk_viewers_mm,appreciation_index,missing,recreated) VALUES (402,'Part One',80,'80','1.0','1975-08-30','21:41',8.4,59,0,0);
INSERT INTO `episodes` (id,title,serial_id,story,episode_order,original_air_date,runtime,uk_viewers_mm,appreciation_index,missing,recreated) VALUES (403,'Part Two',80,'80','2.0','1975-09-06','25:08',6.1,NULL,0,0);
INSERT INTO `episodes` (id,title,serial_id,story,episode_order,original_air_date,runtime,uk_viewers_mm,appreciation_index,missing,recreated) VALUES (404,'Part Three',80,'80','3.0','1975-09-13','24:09',8.2,54,0,0);
INSERT INTO `episodes` (id,title,serial_id,story,episode_order,original_air_date,runtime,uk_viewers_mm,appreciation_index,missing,recreated) VALUES (405,'Part Four',80,'80','4.0','1975-09-20','25:22',7.2,NULL,0,0);
INSERT INTO `episodes` (id,title,serial_id,story,episode_order,original_air_date,runtime,uk_viewers_mm,appreciation_index,missing,recreated) VALUES (406,'Part One',81,'81','1.0','1975-09-27','24:02',10.4,NULL,0,0);
INSERT INTO `episodes` (id,title,serial_id,story,episode_order,original_air_date,runtime,uk_viewers_mm,appreciation_index,missing,recreated) VALUES (407,'Part Two',81,'81','2.0','1975-10-04','22:30',9.9,56,0,0);
INSERT INTO `episodes` (id,title,serial_id,story,episode_order,original_air_date,runtime,uk_viewers_mm,appreciation_index,missing,recreated) VALUES (408,'Part Three',81,'81','3.0','1975-10-11','23:50',9.1,57,0,0);
INSERT INTO `episodes` (id,title,serial_id,story,episode_order,original_air_date,runtime,uk_viewers_mm,appreciation_index,missing,recreated) VALUES (409,'Part Four',81,'81','4.0','1975-10-18','23:43',10.1,54,0,0);
INSERT INTO `episodes` (id,title,serial_id,story,episode_order,original_air_date,runtime,uk_viewers_mm,appreciation_index,missing,recreated) VALUES (410,'Part One',82,'82','1.0','1975-10-25','25:22',10.5,NULL,0,0);
INSERT INTO `episodes` (id,title,serial_id,story,episode_order,original_air_date,runtime,uk_viewers_mm,appreciation_index,missing,recreated) VALUES (411,'Part Two',82,'82','2.0','1975-11-01','23:53',11.3,NULL,0,0);
INSERT INTO `episodes` (id,title,serial_id,story,episode_order,original_air_date,runtime,uk_viewers_mm,appreciation_index,missing,recreated) VALUES (412,'Part Three',82,'82','3.0','1975-11-08','24:32',9.4,NULL,0,0);
INSERT INTO `episodes` (id,title,serial_id,story,episode_order,original_air_date,runtime,uk_viewers_mm,appreciation_index,missing,recreated) VALUES (413,'Part Four',82,'82','4.0','1975-11-15','24:52',11.7,60,0,0);
INSERT INTO `episodes` (id,title,serial_id,story,episode_order,original_air_date,runtime,uk_viewers_mm,appreciation_index,missing,recreated) VALUES (414,'Part One',83,'83','1.0','1975-11-22','24:21',11.9,58,0,0);
INSERT INTO `episodes` (id,title,serial_id,story,episode_order,original_air_date,runtime,uk_viewers_mm,appreciation_index,missing,recreated) VALUES (415,'Part Two',83,'83','2.0','1975-11-29','24:30',11.3,NULL,0,0);
INSERT INTO `episodes` (id,title,serial_id,story,episode_order,original_air_date,runtime,uk_viewers_mm,appreciation_index,missing,recreated) VALUES (416,'Part Three',83,'83','3.0','1975-12-06','24:50',12.1,NULL,0,0);
INSERT INTO `episodes` (id,title,serial_id,story,episode_order,original_air_date,runtime,uk_viewers_mm,appreciation_index,missing,recreated) VALUES (417,'Part Four',83,'83','4.0','1975-12-13','24:30',11.4,NULL,0,0);
INSERT INTO `episodes` (id,title,serial_id,story,episode_order,original_air_date,runtime,uk_viewers_mm,appreciation_index,missing,recreated) VALUES (418,'Part One',84,'84','1.0','1976-01-03','25:25',9.5,NULL,0,0);
INSERT INTO `episodes` (id,title,serial_id,story,episode_order,original_air_date,runtime,uk_viewers_mm,appreciation_index,missing,recreated) VALUES (419,'Part Two',84,'84','2.0','1976-01-10','24:46',9.3,NULL,0,0);
INSERT INTO `episodes` (id,title,serial_id,story,episode_order,original_air_date,runtime,uk_viewers_mm,appreciation_index,missing,recreated) VALUES (420,'Part Three',84,'84','3.0','1976-01-17','25:07',10.1,NULL,0,0);
INSERT INTO `episodes` (id,title,serial_id,story,episode_order,original_air_date,runtime,uk_viewers_mm,appreciation_index,missing,recreated) VALUES (421,'Part Four',84,'84','4.0','1976-01-24','24:18',10.2,60,0,0);
INSERT INTO `episodes` (id,title,serial_id,story,episode_order,original_air_date,runtime,uk_viewers_mm,appreciation_index,missing,recreated) VALUES (422,'Part One',85,'85','1.0','1976-01-31','24:10',11.4,59,0,0);
INSERT INTO `episodes` (id,title,serial_id,story,episode_order,original_air_date,runtime,uk_viewers_mm,appreciation_index,missing,recreated) VALUES (423,'Part Two',85,'85','2.0','1976-02-07','24:09',11.4,NULL,0,0);
INSERT INTO `episodes` (id,title,serial_id,story,episode_order,original_air_date,runtime,uk_viewers_mm,appreciation_index,missing,recreated) VALUES (424,'Part Three',85,'85','3.0','1976-02-14','24:51',10.3,NULL,0,0);
INSERT INTO `episodes` (id,title,serial_id,story,episode_order,original_air_date,runtime,uk_viewers_mm,appreciation_index,missing,recreated) VALUES (425,'Part Four',85,'85','4.0','1976-02-21','24:26',11.1,NULL,0,0);
INSERT INTO `episodes` (id,title,serial_id,story,episode_order,original_air_date,runtime,uk_viewers_mm,appreciation_index,missing,recreated) VALUES (426,'Part Five',85,'85','5.0','1976-02-28','25:06',9.9,NULL,0,0);
INSERT INTO `episodes` (id,title,serial_id,story,episode_order,original_air_date,runtime,uk_viewers_mm,appreciation_index,missing,recreated) VALUES (427,'Part Six',85,'85','6.0','1976-03-06','21:51',11.5,NULL,0,0);
INSERT INTO `episodes` (id,title,serial_id,story,episode_order,original_air_date,runtime,uk_viewers_mm,appreciation_index,missing,recreated) VALUES (428,'Part One',86,'86','1.0','1976-09-04','24:31',8.3,58,0,0);
INSERT INTO `episodes` (id,title,serial_id,story,episode_order,original_air_date,runtime,uk_viewers_mm,appreciation_index,missing,recreated) VALUES (429,'Part Two',86,'86','2.0','1976-09-11','24:44',9.8,56,0,0);
INSERT INTO `episodes` (id,title,serial_id,story,episode_order,original_air_date,runtime,uk_viewers_mm,appreciation_index,missing,recreated) VALUES (430,'Part Three',86,'86','3.0','1976-09-18','24:34',9.2,NULL,0,0);
INSERT INTO `episodes` (id,title,serial_id,story,episode_order,original_air_date,runtime,uk_viewers_mm,appreciation_index,missing,recreated) VALUES (431,'Part Four',86,'86','4.0','1976-09-25','24:45',10.6,56,0,0);
INSERT INTO `episodes` (id,title,serial_id,story,episode_order,original_air_date,runtime,uk_viewers_mm,appreciation_index,missing,recreated) VALUES (432,'Part One',87,'87','1.0','1976-10-02','24:50',10.5,NULL,0,0);
INSERT INTO `episodes` (id,title,serial_id,story,episode_order,original_air_date,runtime,uk_viewers_mm,appreciation_index,missing,recreated) VALUES (433,'Part Two',87,'87','2.0','1976-10-09','24:48',10.2,NULL,0,0);
INSERT INTO `episodes` (id,title,serial_id,story,episode_order,original_air_date,runtime,uk_viewers_mm,appreciation_index,missing,recreated) VALUES (434,'Part Three',87,'87','3.0','1976-10-16','24:22',11.1,62,0,0);
INSERT INTO `episodes` (id,title,serial_id,story,episode_order,original_air_date,runtime,uk_viewers_mm,appreciation_index,missing,recreated) VALUES (435,'Part Four',87,'87','4.0','1976-10-23','25:00',12,NULL,0,0);
INSERT INTO `episodes` (id,title,serial_id,story,episode_order,original_air_date,runtime,uk_viewers_mm,appreciation_index,missing,recreated) VALUES (436,'Part One',88,'88','1.0','1976-10-30','21:13',11.8,NULL,0,0);
INSERT INTO `episodes` (id,title,serial_id,story,episode_order,original_air_date,runtime,uk_viewers_mm,appreciation_index,missing,recreated) VALUES (437,'Part Two',88,'88','2.0','1976-11-06','24:44',12.1,59,0,0);
INSERT INTO `episodes` (id,title,serial_id,story,episode_order,original_air_date,runtime,uk_viewers_mm,appreciation_index,missing,recreated) VALUES (438,'Part Three',88,'88','3.0','1976-11-13','24:24',13,NULL,0,0);
INSERT INTO `episodes` (id,title,serial_id,story,episode_order,original_air_date,runtime,uk_viewers_mm,appreciation_index,missing,recreated) VALUES (439,'Part Four',88,'88','4.0','1976-11-20','24:23',11.8,61,0,0);
INSERT INTO `episodes` (id,title,serial_id,story,episode_order,original_air_date,runtime,uk_viewers_mm,appreciation_index,missing,recreated) VALUES (440,'Part One',89,'89','1.0','1977-01-01','24:58',10.7,61,0,0);
INSERT INTO `episodes` (id,title,serial_id,story,episode_order,original_air_date,runtime,uk_viewers_mm,appreciation_index,missing,recreated) VALUES (441,'Part Two',89,'89','2.0','1977-01-08','24:58',11.1,NULL,0,0);
INSERT INTO `episodes` (id,title,serial_id,story,episode_order,original_air_date,runtime,uk_viewers_mm,appreciation_index,missing,recreated) VALUES (442,'Part Three',89,'89','3.0','1977-01-15','24:40',11.3,59,0,0);
INSERT INTO `episodes` (id,title,serial_id,story,episode_order,original_air_date,runtime,uk_viewers_mm,appreciation_index,missing,recreated) VALUES (443,'Part Four',89,'89','4.0','1977-01-22','24:46',11.7,60,0,0);
INSERT INTO `episodes` (id,title,serial_id,story,episode_order,original_air_date,runtime,uk_viewers_mm,appreciation_index,missing,recreated) VALUES (444,'Part One',90,'90','1.0','1977-01-29','24:06',12.8,62,0,0);
INSERT INTO `episodes` (id,title,serial_id,story,episode_order,original_air_date,runtime,uk_viewers_mm,appreciation_index,missing,recreated) VALUES (445,'Part Two',90,'90','2.0','1977-02-05','24:15',12.4,NULL,0,0);
INSERT INTO `episodes` (id,title,serial_id,story,episode_order,original_air_date,runtime,uk_viewers_mm,appreciation_index,missing,recreated) VALUES (446,'Part Three',90,'90','3.0','1977-02-12','23:51',13.1,NULL,0,0);
INSERT INTO `episodes` (id,title,serial_id,story,episode_order,original_air_date,runtime,uk_viewers_mm,appreciation_index,missing,recreated) VALUES (447,'Part Four',90,'90','4.0','1977-02-19','23:42',12.6,57,0,0);
INSERT INTO `episodes` (id,title,serial_id,story,episode_order,original_air_date,runtime,uk_viewers_mm,appreciation_index,missing,recreated) VALUES (448,'Part One',91,'91','1.0','1977-02-26','24:44',11.3,NULL,0,0);
INSERT INTO `episodes` (id,title,serial_id,story,episode_order,original_air_date,runtime,uk_viewers_mm,appreciation_index,missing,recreated) VALUES (449,'Part Two',91,'91','2.0','1977-03-05','24:26',9.8,NULL,0,0);
INSERT INTO `episodes` (id,title,serial_id,story,episode_order,original_air_date,runtime,uk_viewers_mm,appreciation_index,missing,recreated) VALUES (450,'Part Three',91,'91','3.0','1977-03-12','21:56',10.2,NULL,0,0);
INSERT INTO `episodes` (id,title,serial_id,story,episode_order,original_air_date,runtime,uk_viewers_mm,appreciation_index,missing,recreated) VALUES (451,'Part Four',91,'91','4.0','1977-03-19','24:30',11.4,60,0,0);
INSERT INTO `episodes` (id,title,serial_id,story,episode_order,original_air_date,runtime,uk_viewers_mm,appreciation_index,missing,recreated) VALUES (452,'Part Five',91,'91','5.0','1977-03-26','24:49',10.1,NULL,0,0);
INSERT INTO `episodes` (id,title,serial_id,story,episode_order,original_air_date,runtime,uk_viewers_mm,appreciation_index,missing,recreated) VALUES (453,'Part Six',91,'91','6.0','1977-04-02','23:26',9.3,58,0,0);
INSERT INTO `episodes` (id,title,serial_id,story,episode_order,original_air_date,runtime,uk_viewers_mm,appreciation_index,missing,recreated) VALUES (454,'Part One',92,'92','1.0','1977-09-03','24:10',6.8,58,0,0);
INSERT INTO `episodes` (id,title,serial_id,story,episode_order,original_air_date,runtime,uk_viewers_mm,appreciation_index,missing,recreated) VALUES (455,'Part Two',92,'92','2.0','1977-09-10','24:10',7.1,NULL,0,0);
INSERT INTO `episodes` (id,title,serial_id,story,episode_order,original_air_date,runtime,uk_viewers_mm,appreciation_index,missing,recreated) VALUES (456,'Part Three',92,'92','3.0','1977-09-17','23:12',9.8,60,0,0);
INSERT INTO `episodes` (id,title,serial_id,story,episode_order,original_air_date,runtime,uk_viewers_mm,appreciation_index,missing,recreated) VALUES (457,'Part Four',92,'92','4.0','1977-09-24','23:49',9.9,57,0,0);
INSERT INTO `episodes` (id,title,serial_id,story,episode_order,original_air_date,runtime,uk_viewers_mm,appreciation_index,missing,recreated) VALUES (458,'Part One',93,'93','1.0','1977-10-01','23:09',8.6,NULL,0,0);
INSERT INTO `episodes` (id,title,serial_id,story,episode_order,original_air_date,runtime,uk_viewers_mm,appreciation_index,missing,recreated) VALUES (459,'Part Two',93,'93','2.0','1977-10-08','25:13',7.3,NULL,0,0);
INSERT INTO `episodes` (id,title,serial_id,story,episode_order,original_air_date,runtime,uk_viewers_mm,appreciation_index,missing,recreated) VALUES (460,'Part Three',93,'93','3.0','1977-10-15','23:28',7.5,NULL,0,0);
INSERT INTO `episodes` (id,title,serial_id,story,episode_order,original_air_date,runtime,uk_viewers_mm,appreciation_index,missing,recreated) VALUES (461,'Part Four',93,'93','4.0','1977-10-22','21:22',8.3,NULL,60,0);
INSERT INTO `episodes` (id,title,serial_id,story,episode_order,original_air_date,runtime,uk_viewers_mm,appreciation_index,missing,recreated) VALUES (462,'Part One',94,'94','1.0','1977-10-29','24:38',6.7,NULL,0,0);
INSERT INTO `episodes` (id,title,serial_id,story,episode_order,original_air_date,runtime,uk_viewers_mm,appreciation_index,missing,recreated) VALUES (463,'Part Two',94,'94','2.0','1977-11-05','24:44',7.5,NULL,0,0);
INSERT INTO `episodes` (id,title,serial_id,story,episode_order,original_air_date,runtime,uk_viewers_mm,appreciation_index,missing,recreated) VALUES (464,'Part Three',94,'94','3.0','1977-11-12','24:22',7.9,NULL,0,0);
INSERT INTO `episodes` (id,title,serial_id,story,episode_order,original_air_date,runtime,uk_viewers_mm,appreciation_index,missing,recreated) VALUES (465,'Part Four',94,'94','4.0','1977-11-19','20:32',9.1,61,0,0);
INSERT INTO `episodes` (id,title,serial_id,story,episode_order,original_air_date,runtime,uk_viewers_mm,appreciation_index,missing,recreated) VALUES (466,'Part One',95,'95','1.0','1977-11-26','24:59',8.5,NULL,0,0);
INSERT INTO `episodes` (id,title,serial_id,story,episode_order,original_air_date,runtime,uk_viewers_mm,appreciation_index,missing,recreated) VALUES (467,'Part Two',95,'95','2.0','1977-12-03','24:57',9.5,NULL,0,0);
INSERT INTO `episodes` (id,title,serial_id,story,episode_order,original_air_date,runtime,uk_viewers_mm,appreciation_index,missing,recreated) VALUES (468,'Part Three',95,'95','3.0','1977-12-10','24:57',8.9,68,0,0);
INSERT INTO `episodes` (id,title,serial_id,story,episode_order,original_air_date,runtime,uk_viewers_mm,appreciation_index,missing,recreated) VALUES (469,'Part Four',95,'95','4.0','1977-12-17','24:57',8.4,59,0,0);
INSERT INTO `episodes` (id,title,serial_id,story,episode_order,original_air_date,runtime,uk_viewers_mm,appreciation_index,missing,recreated) VALUES (470,'Part One',96,'96','1.0','1978-01-07','22:36',8.9,65,0,0);
INSERT INTO `episodes` (id,title,serial_id,story,episode_order,original_air_date,runtime,uk_viewers_mm,appreciation_index,missing,recreated) VALUES (471,'Part Two',96,'96','2.0','1978-01-14','21:27',9.1,NULL,0,0);
INSERT INTO `episodes` (id,title,serial_id,story,episode_order,original_air_date,runtime,uk_viewers_mm,appreciation_index,missing,recreated) VALUES (472,'Part Three',96,'96','3.0','1978-01-21','22:21',8.9,NULL,0,0);
INSERT INTO `episodes` (id,title,serial_id,story,episode_order,original_air_date,runtime,uk_viewers_mm,appreciation_index,missing,recreated) VALUES (473,'Part Four',96,'96','4.0','1978-01-28','22:53',11.7,NULL,0,0);
INSERT INTO `episodes` (id,title,serial_id,story,episode_order,original_air_date,runtime,uk_viewers_mm,appreciation_index,missing,recreated) VALUES (474,'Part One',97,'97','1.0','1978-02-04','25:00',11.2,56,0,0);
INSERT INTO `episodes` (id,title,serial_id,story,episode_order,original_air_date,runtime,uk_viewers_mm,appreciation_index,missing,recreated) VALUES (475,'Part Two',97,'97','2.0','1978-02-11','25:00',11.4,NULL,0,0);
INSERT INTO `episodes` (id,title,serial_id,story,episode_order,original_air_date,runtime,uk_viewers_mm,appreciation_index,missing,recreated) VALUES (476,'Part Three',97,'97','3.0','1978-02-18','25:00',9.5,NULL,0,0);
INSERT INTO `episodes` (id,title,serial_id,story,episode_order,original_air_date,runtime,uk_viewers_mm,appreciation_index,missing,recreated) VALUES (477,'Part Four',97,'97','4.0','1978-02-25','23:31',10.9,NULL,0,0);
INSERT INTO `episodes` (id,title,serial_id,story,episode_order,original_air_date,runtime,uk_viewers_mm,appreciation_index,missing,recreated) VALUES (478,'Part Five',97,'97','5.0','1978-03-04','25:00',10.3,NULL,0,0);
INSERT INTO `episodes` (id,title,serial_id,story,episode_order,original_air_date,runtime,uk_viewers_mm,appreciation_index,missing,recreated) VALUES (479,'Part Six',97,'97','6.0','1978-03-11','25:44',9.8,NULL,0,0);
INSERT INTO `episodes` (id,title,serial_id,story,episode_order,original_air_date,runtime,uk_viewers_mm,appreciation_index,missing,recreated) VALUES (480,'Part One',98,'98','1.0','1978-09-02','25:02',8.3,59,0,0);
INSERT INTO `episodes` (id,title,serial_id,story,episode_order,original_air_date,runtime,uk_viewers_mm,appreciation_index,missing,recreated) VALUES (481,'Part Two',98,'98','2.0','1978-09-09','24:46',8.1,NULL,0,0);
INSERT INTO `episodes` (id,title,serial_id,story,episode_order,original_air_date,runtime,uk_viewers_mm,appreciation_index,missing,recreated) VALUES (482,'Part Three',98,'98','3.0','1978-09-16','24:42',7.9,NULL,0,0);
INSERT INTO `episodes` (id,title,serial_id,story,episode_order,original_air_date,runtime,uk_viewers_mm,appreciation_index,missing,recreated) VALUES (483,'Part Four',98,'98','4.0','1978-09-23','24:50',8.2,67,0,0);
INSERT INTO `episodes` (id,title,serial_id,story,episode_order,original_air_date,runtime,uk_viewers_mm,appreciation_index,missing,recreated) VALUES (484,'Part One',99,'99','1.0','1978-09-30','25:05',9.1,61,0,0);
INSERT INTO `episodes` (id,title,serial_id,story,episode_order,original_air_date,runtime,uk_viewers_mm,appreciation_index,missing,recreated) VALUES (485,'Part Two',99,'99','2.0','1978-10-07','25:30',7.4,NULL,0,0);
INSERT INTO `episodes` (id,title,serial_id,story,episode_order,original_air_date,runtime,uk_viewers_mm,appreciation_index,missing,recreated) VALUES (486,'Part Three',99,'99','3.0','1978-10-14','25:47',8.2,64,0,0);
INSERT INTO `episodes` (id,title,serial_id,story,episode_order,original_air_date,runtime,uk_viewers_mm,appreciation_index,missing,recreated) VALUES (487,'Part Four',99,'99','4.0','1978-10-21','25:16',8.4,64,0,0);
INSERT INTO `episodes` (id,title,serial_id,story,episode_order,original_air_date,runtime,uk_viewers_mm,appreciation_index,missing,recreated) VALUES (488,'Part One',100,'100','1.0','1978-10-28','24:20',8.6,NULL,0,0);
INSERT INTO `episodes` (id,title,serial_id,story,episode_order,original_air_date,runtime,uk_viewers_mm,appreciation_index,missing,recreated) VALUES (489,'Part Two',100,'100','2.0','1978-11-04','23:53',6.6,NULL,0,0);
INSERT INTO `episodes` (id,title,serial_id,story,episode_order,original_air_date,runtime,uk_viewers_mm,appreciation_index,missing,recreated) VALUES (490,'Part Three',100,'100','3.0','1978-11-11','24:27',9.3,NULL,0,0);
INSERT INTO `episodes` (id,title,serial_id,story,episode_order,original_air_date,runtime,uk_viewers_mm,appreciation_index,missing,recreated) VALUES (491,'Part Four',100,'100','4.0','1978-11-18','23:07',7.6,67,0,0);
INSERT INTO `episodes` (id,title,serial_id,story,episode_order,original_air_date,runtime,uk_viewers_mm,appreciation_index,missing,recreated) VALUES (492,'Part One',101,'101','1.0','1978-11-25','24:53',9.5,NULL,0,0);
INSERT INTO `episodes` (id,title,serial_id,story,episode_order,original_air_date,runtime,uk_viewers_mm,appreciation_index,missing,recreated) VALUES (493,'Part Two',101,'101','2.0','1978-12-02','24:27',10.1,65,0,0);
INSERT INTO `episodes` (id,title,serial_id,story,episode_order,original_air_date,runtime,uk_viewers_mm,appreciation_index,missing,recreated) VALUES (494,'Part Three',101,'101','3.0','1978-12-09','23:52',8.9,NULL,0,0);
INSERT INTO `episodes` (id,title,serial_id,story,episode_order,original_air_date,runtime,uk_viewers_mm,appreciation_index,missing,recreated) VALUES (495,'Part Four',101,'101','4.0','1978-12-16','24:49',9,66,0,0);
INSERT INTO `episodes` (id,title,serial_id,story,episode_order,original_air_date,runtime,uk_viewers_mm,appreciation_index,missing,recreated) VALUES (496,'Part One',102,'102','1.0','1978-12-23','23:16',6.5,NULL,0,0);
INSERT INTO `episodes` (id,title,serial_id,story,episode_order,original_air_date,runtime,uk_viewers_mm,appreciation_index,missing,recreated) VALUES (497,'Part Two',102,'102','2.0','1978-12-30','23:57',12.4,NULL,0,0);
INSERT INTO `episodes` (id,title,serial_id,story,episode_order,original_air_date,runtime,uk_viewers_mm,appreciation_index,missing,recreated) VALUES (498,'Part Three',102,'102','3.0','1979-01-06','21:56',8.9,NULL,0,0);
INSERT INTO `episodes` (id,title,serial_id,story,episode_order,original_air_date,runtime,uk_viewers_mm,appreciation_index,missing,recreated) VALUES (499,'Part Four',102,'102','4.0','1979-01-13','21:58',9.9,63,0,0);
INSERT INTO `episodes` (id,title,serial_id,story,episode_order,original_air_date,runtime,uk_viewers_mm,appreciation_index,missing,recreated) VALUES (500,'Part One',103,'103','1.0','1979-01-20','24:39',7.5,65,0,0);
INSERT INTO `episodes` (id,title,serial_id,story,episode_order,original_air_date,runtime,uk_viewers_mm,appreciation_index,missing,recreated) VALUES (501,'Part Two',103,'103','2.0','1979-01-27','23:56',8.8,NULL,0,0);
INSERT INTO `episodes` (id,title,serial_id,story,episode_order,original_air_date,runtime,uk_viewers_mm,appreciation_index,missing,recreated) VALUES (502,'Part Three',103,'103','3.0','1979-02-03','25:03',7.8,NULL,0,0);
INSERT INTO `episodes` (id,title,serial_id,story,episode_order,original_air_date,runtime,uk_viewers_mm,appreciation_index,missing,recreated) VALUES (503,'Part Four',103,'103','4.0','1979-02-10','25:09',8.6,NULL,0,0);
INSERT INTO `episodes` (id,title,serial_id,story,episode_order,original_air_date,runtime,uk_viewers_mm,appreciation_index,missing,recreated) VALUES (504,'Part Five',103,'103','5.0','1979-02-17','24:42',8.6,NULL,0,0);
INSERT INTO `episodes` (id,title,serial_id,story,episode_order,original_air_date,runtime,uk_viewers_mm,appreciation_index,missing,recreated) VALUES (505,'Part Six',103,'103','6.0','1979-02-24','25:09',9.6,66,0,0);
INSERT INTO `episodes` (id,title,serial_id,story,episode_order,original_air_date,runtime,uk_viewers_mm,appreciation_index,missing,recreated) VALUES (506,'Episode One',104,'104','1.0','1979-09-01','24:03',13,67,0,0);
INSERT INTO `episodes` (id,title,serial_id,story,episode_order,original_air_date,runtime,uk_viewers_mm,appreciation_index,missing,recreated) VALUES (507,'Episode Two',104,'104','2.0','1979-09-08','25:14',12.7,NULL,0,0);
INSERT INTO `episodes` (id,title,serial_id,story,episode_order,original_air_date,runtime,uk_viewers_mm,appreciation_index,missing,recreated) VALUES (508,'Episode Three',104,'104','3.0','1979-09-15','24:32',13.8,63,0,0);
INSERT INTO `episodes` (id,title,serial_id,story,episode_order,original_air_date,runtime,uk_viewers_mm,appreciation_index,missing,recreated) VALUES (509,'Episode Four',104,'104','4.0','1979-09-22','26:05',14.4,64,0,0);
INSERT INTO `episodes` (id,title,serial_id,story,episode_order,original_air_date,runtime,uk_viewers_mm,appreciation_index,missing,recreated) VALUES (510,'Part One',105,'105','1.0','1979-09-29','24:25',12.4,NULL,0,0);
INSERT INTO `episodes` (id,title,serial_id,story,episode_order,original_air_date,runtime,uk_viewers_mm,appreciation_index,missing,recreated) VALUES (511,'Part Two',105,'105','2.0','1979-10-06','24:33',14.1,64,0,0);
INSERT INTO `episodes` (id,title,serial_id,story,episode_order,original_air_date,runtime,uk_viewers_mm,appreciation_index,missing,recreated) VALUES (512,'Part Three',105,'105','3.0','1979-10-13','25:25',15.4,NULL,0,0);
INSERT INTO `episodes` (id,title,serial_id,story,episode_order,original_air_date,runtime,uk_viewers_mm,appreciation_index,missing,recreated) VALUES (513,'Part Four',105,'105','4.0','1979-10-20','25:08',16.1,64,0,0);
INSERT INTO `episodes` (id,title,serial_id,story,episode_order,original_air_date,runtime,uk_viewers_mm,appreciation_index,missing,recreated) VALUES (514,'Part One',106,'106','1.0','1979-10-27','23:32',9.3,NULL,0,0);
INSERT INTO `episodes` (id,title,serial_id,story,episode_order,original_air_date,runtime,uk_viewers_mm,appreciation_index,missing,recreated) VALUES (515,'Part Two',106,'106','2.0','1979-11-03','24:03',10.8,67,0,0);
INSERT INTO `episodes` (id,title,serial_id,story,episode_order,original_air_date,runtime,uk_viewers_mm,appreciation_index,missing,recreated) VALUES (516,'Part Three',106,'106','3.0','1979-11-10','23:55',10.2,NULL,0,0);
INSERT INTO `episodes` (id,title,serial_id,story,episode_order,original_air_date,runtime,uk_viewers_mm,appreciation_index,missing,recreated) VALUES (517,'Part Four',106,'106','4.0','1979-11-17','24:07',9.6,NULL,0,0);
INSERT INTO `episodes` (id,title,serial_id,story,episode_order,original_air_date,runtime,uk_viewers_mm,appreciation_index,missing,recreated) VALUES (518,'Part One',107,'107','1.0','1979-11-24','24:17',8.7,NULL,0,0);
INSERT INTO `episodes` (id,title,serial_id,story,episode_order,original_air_date,runtime,uk_viewers_mm,appreciation_index,missing,recreated) VALUES (519,'Part Two',107,'107','2.0','1979-12-01','22:44',9.6,NULL,0,0);
INSERT INTO `episodes` (id,title,serial_id,story,episode_order,original_air_date,runtime,uk_viewers_mm,appreciation_index,missing,recreated) VALUES (520,'Part Three',107,'107','3.0','1979-12-08','24:06',9.6,NULL,0,0);
INSERT INTO `episodes` (id,title,serial_id,story,episode_order,original_air_date,runtime,uk_viewers_mm,appreciation_index,missing,recreated) VALUES (521,'Part Four',107,'107','4.0','1979-12-15','24:31',9.4,65,0,0);
INSERT INTO `episodes` (id,title,serial_id,story,episode_order,original_air_date,runtime,uk_viewers_mm,appreciation_index,missing,recreated) VALUES (522,'Part One',108,'108','1.0','1979-12-22','25:41',6,NULL,0,0);
INSERT INTO `episodes` (id,title,serial_id,story,episode_order,original_air_date,runtime,uk_viewers_mm,appreciation_index,missing,recreated) VALUES (523,'Part Two',108,'108','2.0','1979-12-29','25:00',8.8,NULL,0,0);
INSERT INTO `episodes` (id,title,serial_id,story,episode_order,original_air_date,runtime,uk_viewers_mm,appreciation_index,missing,recreated) VALUES (524,'Part Three',108,'108','3.0','1980-01-05','23:26',9.8,NULL,0,0);
INSERT INTO `episodes` (id,title,serial_id,story,episode_order,original_air_date,runtime,uk_viewers_mm,appreciation_index,missing,recreated) VALUES (525,'Part Four',108,'108','4.0','1980-01-12','26:45',10.4,67,0,0);
INSERT INTO `episodes` (id,title,serial_id,story,episode_order,original_air_date,runtime,uk_viewers_mm,appreciation_index,missing,recreated) VALUES (526,'Part One',109,'','1.0','','24:34',NULL,NULL,0,0);
INSERT INTO `episodes` (id,title,serial_id,story,episode_order,original_air_date,runtime,uk_viewers_mm,appreciation_index,missing,recreated) VALUES (527,'Part Two',109,'','2.0','','17:56',NULL,NULL,0,0);
INSERT INTO `episodes` (id,title,serial_id,story,episode_order,original_air_date,runtime,uk_viewers_mm,appreciation_index,missing,recreated) VALUES (528,'Part Three',109,'','3.0','','17:29',NULL,NULL,0,0);
INSERT INTO `episodes` (id,title,serial_id,story,episode_order,original_air_date,runtime,uk_viewers_mm,appreciation_index,missing,recreated) VALUES (529,'Part Four',109,'','4.0','','17:43',NULL,NULL,0,0);
INSERT INTO `episodes` (id,title,serial_id,story,episode_order,original_air_date,runtime,uk_viewers_mm,appreciation_index,missing,recreated) VALUES (530,'Part Five',109,'','5.0','','14:11',NULL,NULL,0,0);
INSERT INTO `episodes` (id,title,serial_id,story,episode_order,original_air_date,runtime,uk_viewers_mm,appreciation_index,missing,recreated) VALUES (531,'Part Six',109,'','6.0','','17:43',NULL,NULL,0,0);
INSERT INTO `episodes` (id,title,serial_id,story,episode_order,original_air_date,runtime,uk_viewers_mm,appreciation_index,missing,recreated) VALUES (532,'Part One',110,'109','1.0','1980-08-30','23:33',5.9,NULL,0,0);
INSERT INTO `episodes` (id,title,serial_id,story,episode_order,original_air_date,runtime,uk_viewers_mm,appreciation_index,missing,recreated) VALUES (533,'Part Two',110,'109','2.0','1980-09-06','20:45',5,NULL,0,0);
INSERT INTO `episodes` (id,title,serial_id,story,episode_order,original_air_date,runtime,uk_viewers_mm,appreciation_index,missing,recreated) VALUES (534,'Part Three',110,'109','3.0','1980-09-13','21:21',5,NULL,0,0);
INSERT INTO `episodes` (id,title,serial_id,story,episode_order,original_air_date,runtime,uk_viewers_mm,appreciation_index,missing,recreated) VALUES (535,'Part Four',110,'109','4.0','1980-09-20','21:19',4.5,65,0,0);
INSERT INTO `episodes` (id,title,serial_id,story,episode_order,original_air_date,runtime,uk_viewers_mm,appreciation_index,missing,recreated) VALUES (536,'Part One',111,'110','1','1980-09-27','24:43',5,61,0,0);
INSERT INTO `episodes` (id,title,serial_id,story,episode_order,original_air_date,runtime,uk_viewers_mm,appreciation_index,missing,recreated) VALUES (537,'Part Two',111,'110','2','1980-10-04','21:24',4.2,64,0,0);
INSERT INTO `episodes` (id,title,serial_id,story,episode_order,original_air_date,runtime,uk_viewers_mm,appreciation_index,missing,recreated) VALUES (538,'Part Three',111,'110','3','1980-10-11','21:19',4.7,NULL,0,0);
INSERT INTO `episodes` (id,title,serial_id,story,episode_order,original_air_date,runtime,uk_viewers_mm,appreciation_index,missing,recreated) VALUES (539,'Part Four',111,'110','4','1980-10-18','19:30',4.7,63,0,0);
INSERT INTO `episodes` (id,title,serial_id,story,episode_order,original_air_date,runtime,uk_viewers_mm,appreciation_index,missing,recreated) VALUES (540,'Part One',112,'111','1','1980-10-25','24:23',5.9,NULL,0,0);
INSERT INTO `episodes` (id,title,serial_id,story,episode_order,original_air_date,runtime,uk_viewers_mm,appreciation_index,missing,recreated) VALUES (541,'Part Two',112,'111','2','1980-11-01','22:11',3.7,NULL,0,0);
INSERT INTO `episodes` (id,title,serial_id,story,episode_order,original_air_date,runtime,uk_viewers_mm,appreciation_index,missing,recreated) VALUES (542,'Part Three',112,'111','3','1980-11-08','22:00',5.9,NULL,0,0);
INSERT INTO `episodes` (id,title,serial_id,story,episode_order,original_air_date,runtime,uk_viewers_mm,appreciation_index,missing,recreated) VALUES (543,'Part Four',112,'111','4','1980-11-15','24:16',5.4,65,0,0);
INSERT INTO `episodes` (id,title,serial_id,story,episode_order,original_air_date,runtime,uk_viewers_mm,appreciation_index,missing,recreated) VALUES (544,'Part One',113,'112','1','1980-11-22','22:24',5.8,NULL,0,0);
INSERT INTO `episodes` (id,title,serial_id,story,episode_order,original_air_date,runtime,uk_viewers_mm,appreciation_index,missing,recreated) VALUES (545,'Part Two',113,'112','2','1980-11-29','23:16',5.3,NULL,0,0);
INSERT INTO `episodes` (id,title,serial_id,story,episode_order,original_air_date,runtime,uk_viewers_mm,appreciation_index,missing,recreated) VALUES (546,'Part Three',113,'112','3','1980-12-06','24:13',4.4,NULL,0,0);
INSERT INTO `episodes` (id,title,serial_id,story,episode_order,original_air_date,runtime,uk_viewers_mm,appreciation_index,missing,recreated) VALUES (547,'Part Four',113,'112','4','1980-12-13','24:54',5.4,69,0,0);
INSERT INTO `episodes` (id,title,serial_id,story,episode_order,original_air_date,runtime,uk_viewers_mm,appreciation_index,missing,recreated) VALUES (548,'Part One',114,'113','1','1981-01-03','22:54',7.1,59,0,0);
INSERT INTO `episodes` (id,title,serial_id,story,episode_order,original_air_date,runtime,uk_viewers_mm,appreciation_index,missing,recreated) VALUES (549,'Part Two',114,'113','2','1981-01-10','23:47',6.7,NULL,0,0);
INSERT INTO `episodes` (id,title,serial_id,story,episode_order,original_air_date,runtime,uk_viewers_mm,appreciation_index,missing,recreated) VALUES (550,'Part Three',114,'113','3','1981-01-17','22:15',8.3,NULL,0,0);
INSERT INTO `episodes` (id,title,serial_id,story,episode_order,original_air_date,runtime,uk_viewers_mm,appreciation_index,missing,recreated) VALUES (551,'Part Four',114,'113','4','1981-01-24','24:53',7.8,59,0,0);
INSERT INTO `episodes` (id,title,serial_id,story,episode_order,original_air_date,runtime,uk_viewers_mm,appreciation_index,missing,recreated) VALUES (552,'Part One',115,'114','1','1981-01-31','24:05',7.6,NULL,0,0);
INSERT INTO `episodes` (id,title,serial_id,story,episode_order,original_air_date,runtime,uk_viewers_mm,appreciation_index,missing,recreated) VALUES (553,'Part Two',115,'114','2','1981-02-07','24:50',6.1,NULL,0,0);
INSERT INTO `episodes` (id,title,serial_id,story,episode_order,original_air_date,runtime,uk_viewers_mm,appreciation_index,missing,recreated) VALUES (554,'Part Three',115,'114','3','1981-02-14','23:49',5.2,NULL,0,0);
INSERT INTO `episodes` (id,title,serial_id,story,episode_order,original_air_date,runtime,uk_viewers_mm,appreciation_index,missing,recreated) VALUES (555,'Part Four',115,'114','4','1981-02-21','25:11',6.1,63,0,0);
INSERT INTO `episodes` (id,title,serial_id,story,episode_order,original_air_date,runtime,uk_viewers_mm,appreciation_index,missing,recreated) VALUES (556,'Part One',116,'115','1','1981-02-28','24:32',7.7,NULL,0,0);
INSERT INTO `episodes` (id,title,serial_id,story,episode_order,original_air_date,runtime,uk_viewers_mm,appreciation_index,missing,recreated) VALUES (557,'Part Two',116,'115','2','1981-03-07','24:03',7.7,61,0,0);
INSERT INTO `episodes` (id,title,serial_id,story,episode_order,original_air_date,runtime,uk_viewers_mm,appreciation_index,missing,recreated) VALUES (558,'Part Three',116,'115','3','1981-03-14','24:32',5.8,NULL,0,0);
INSERT INTO `episodes` (id,title,serial_id,story,episode_order,original_air_date,runtime,uk_viewers_mm,appreciation_index,missing,recreated) VALUES (559,'Part Four',116,'115','4','1981-03-21','25:10',6.1,65,0,0);
INSERT INTO `episodes` (id,title,serial_id,story,episode_order,original_air_date,runtime,uk_viewers_mm,appreciation_index,missing,recreated) VALUES (560,'Part One',117,'116','1','1982-01-04','24:14',9.1,NULL,0,0);
INSERT INTO `episodes` (id,title,serial_id,story,episode_order,original_air_date,runtime,uk_viewers_mm,appreciation_index,missing,recreated) VALUES (561,'Part Two',117,'116','2','1982-01-05','24:13',8.6,NULL,0,0);
INSERT INTO `episodes` (id,title,serial_id,story,episode_order,original_air_date,runtime,uk_viewers_mm,appreciation_index,missing,recreated) VALUES (562,'Part Three',117,'116','3','1982-01-11','23:35',10.2,NULL,0,0);
INSERT INTO `episodes` (id,title,serial_id,story,episode_order,original_air_date,runtime,uk_viewers_mm,appreciation_index,missing,recreated) VALUES (563,'Part Four',117,'116','4','1982-01-12','24:12',10.4,NULL,0,0);
INSERT INTO `episodes` (id,title,serial_id,story,episode_order,original_air_date,runtime,uk_viewers_mm,appreciation_index,missing,recreated) VALUES (564,'Part One',118,'117','1','1982-01-18','23:36',8.4,NULL,0,0);
INSERT INTO `episodes` (id,title,serial_id,story,episode_order,original_air_date,runtime,uk_viewers_mm,appreciation_index,missing,recreated) VALUES (565,'Part Two',118,'117','2','1982-01-19','24:11',8.8,NULL,0,0);
INSERT INTO `episodes` (id,title,serial_id,story,episode_order,original_air_date,runtime,uk_viewers_mm,appreciation_index,missing,recreated) VALUES (566,'Part Three',118,'117','3','1982-01-25','24:09',8.9,NULL,0,0);
INSERT INTO `episodes` (id,title,serial_id,story,episode_order,original_air_date,runtime,uk_viewers_mm,appreciation_index,missing,recreated) VALUES (567,'Part Four',118,'117','4','1982-01-26','24:53',9.4,NULL,0,0);
INSERT INTO `episodes` (id,title,serial_id,story,episode_order,original_air_date,runtime,uk_viewers_mm,appreciation_index,missing,recreated) VALUES (568,'Part One',119,'118','1','1982-02-01','24:50',8.4,NULL,0,0);
INSERT INTO `episodes` (id,title,serial_id,story,episode_order,original_air_date,runtime,uk_viewers_mm,appreciation_index,missing,recreated) VALUES (569,'Part Two',119,'118','2','1982-02-02','24:58',9.4,NULL,0,0);
INSERT INTO `episodes` (id,title,serial_id,story,episode_order,original_air_date,runtime,uk_viewers_mm,appreciation_index,missing,recreated) VALUES (570,'Part Three',119,'118','3','1982-02-08','24:17',8.5,NULL,0,0);
INSERT INTO `episodes` (id,title,serial_id,story,episode_order,original_air_date,runtime,uk_viewers_mm,appreciation_index,missing,recreated) VALUES (571,'Part Four',119,'118','4','1982-02-09','24:28',8.9,NULL,0,0);
INSERT INTO `episodes` (id,title,serial_id,story,episode_order,original_air_date,runtime,uk_viewers_mm,appreciation_index,missing,recreated) VALUES (572,'Part One',120,'119','1','1982-02-15','24:11',9.1,NULL,0,0);
INSERT INTO `episodes` (id,title,serial_id,story,episode_order,original_air_date,runtime,uk_viewers_mm,appreciation_index,missing,recreated) VALUES (573,'Part Two',120,'119','2','1982-02-16','24:26',9.3,NULL,0,0);
INSERT INTO `episodes` (id,title,serial_id,story,episode_order,original_air_date,runtime,uk_viewers_mm,appreciation_index,missing,recreated) VALUES (574,'Part Three',120,'119','3','1982-02-22','24:24',9.9,NULL,0,0);
INSERT INTO `episodes` (id,title,serial_id,story,episode_order,original_air_date,runtime,uk_viewers_mm,appreciation_index,missing,recreated) VALUES (575,'Part Four',120,'119','4','1982-02-23','23:32',10.1,NULL,0,0);
INSERT INTO `episodes` (id,title,serial_id,story,episode_order,original_air_date,runtime,uk_viewers_mm,appreciation_index,missing,recreated) VALUES (576,'Part One',121,'120','1','1982-03-01','24:56',9.9,NULL,0,0);
INSERT INTO `episodes` (id,title,serial_id,story,episode_order,original_air_date,runtime,uk_viewers_mm,appreciation_index,missing,recreated) VALUES (577,'Part Two',121,'120','2','1982-03-02','24:41',10.1,NULL,0,0);
INSERT INTO `episodes` (id,title,serial_id,story,episode_order,original_air_date,runtime,uk_viewers_mm,appreciation_index,missing,recreated) VALUES (578,'Part One',122,'121','1','1982-03-08','24:22',9.1,NULL,0,0);
INSERT INTO `episodes` (id,title,serial_id,story,episode_order,original_air_date,runtime,uk_viewers_mm,appreciation_index,missing,recreated) VALUES (579,'Part Two',122,'121','2','1982-03-09','24:23',8.8,NULL,0,0);
INSERT INTO `episodes` (id,title,serial_id,story,episode_order,original_air_date,runtime,uk_viewers_mm,appreciation_index,missing,recreated) VALUES (580,'Part Three',122,'121','3','1982-03-15','24:24',9.8,NULL,0,0);
INSERT INTO `episodes` (id,title,serial_id,story,episode_order,original_air_date,runtime,uk_viewers_mm,appreciation_index,missing,recreated) VALUES (581,'Part Four',122,'121','4','1982-03-16','24:28',9.6,NULL,0,0);
INSERT INTO `episodes` (id,title,serial_id,story,episode_order,original_air_date,runtime,uk_viewers_mm,appreciation_index,missing,recreated) VALUES (582,'Part One',123,'122','1','1982-03-22','24:56',10,NULL,0,0);
INSERT INTO `episodes` (id,title,serial_id,story,episode_order,original_air_date,runtime,uk_viewers_mm,appreciation_index,missing,recreated) VALUES (583,'Part Two',123,'122','2','1982-03-23','23:58',8.5,NULL,0,0);
INSERT INTO `episodes` (id,title,serial_id,story,episode_order,original_air_date,runtime,uk_viewers_mm,appreciation_index,missing,recreated) VALUES (584,'Part Three',123,'122','3','1982-03-29','24:29',8.9,NULL,0,0);
INSERT INTO `episodes` (id,title,serial_id,story,episode_order,original_air_date,runtime,uk_viewers_mm,appreciation_index,missing,recreated) VALUES (585,'Part Four',123,'122','4','1982-03-30','24:30',8.1,NULL,0,0);
INSERT INTO `episodes` (id,title,serial_id,story,episode_order,original_air_date,runtime,uk_viewers_mm,appreciation_index,missing,recreated) VALUES (586,'Part One',124,'123','1','1983-01-03','24:37',7.2,69,0,0);
INSERT INTO `episodes` (id,title,serial_id,story,episode_order,original_air_date,runtime,uk_viewers_mm,appreciation_index,missing,recreated) VALUES (587,'Part Two',124,'123','2','1983-01-05','24:42',7.3,70,0,0);
INSERT INTO `episodes` (id,title,serial_id,story,episode_order,original_air_date,runtime,uk_viewers_mm,appreciation_index,missing,recreated) VALUES (588,'Part Three',124,'123','3','1983-01-11','24:37',6.9,67,0,0);
INSERT INTO `episodes` (id,title,serial_id,story,episode_order,original_air_date,runtime,uk_viewers_mm,appreciation_index,missing,recreated) VALUES (589,'Part Four',124,'123','4','1983-01-12','24:28',7.2,66,0,0);
INSERT INTO `episodes` (id,title,serial_id,story,episode_order,original_air_date,runtime,uk_viewers_mm,appreciation_index,missing,recreated) VALUES (590,'Part One',125,'124','1','1983-01-18','24:26',6.7,65,0,0);
INSERT INTO `episodes` (id,title,serial_id,story,episode_order,original_air_date,runtime,uk_viewers_mm,appreciation_index,missing,recreated) VALUES (591,'Part Two',125,'124','2','1983-01-19','24:35',7.7,66,0,0);
INSERT INTO `episodes` (id,title,serial_id,story,episode_order,original_air_date,runtime,uk_viewers_mm,appreciation_index,missing,recreated) VALUES (592,'Part Three',125,'124','3','1983-01-25','24:29',6.6,67,0,0);
INSERT INTO `episodes` (id,title,serial_id,story,episode_order,original_air_date,runtime,uk_viewers_mm,appreciation_index,missing,recreated) VALUES (593,'Part Four',125,'124','4','1983-01-26','24:29',7.4,67,0,0);
INSERT INTO `episodes` (id,title,serial_id,story,episode_order,original_air_date,runtime,uk_viewers_mm,appreciation_index,missing,recreated) VALUES (594,'Part One',126,'125','1','1983-02-01','24:03',6.5,67,0,0);
INSERT INTO `episodes` (id,title,serial_id,story,episode_order,original_air_date,runtime,uk_viewers_mm,appreciation_index,missing,recreated) VALUES (595,'Part Two',126,'125','2','1983-02-02','24:33',7.5,70,0,0);
INSERT INTO `episodes` (id,title,serial_id,story,episode_order,original_air_date,runtime,uk_viewers_mm,appreciation_index,missing,recreated) VALUES (596,'Part Three',126,'125','3','1983-02-08','24:32',7.4,67,0,0);
INSERT INTO `episodes` (id,title,serial_id,story,episode_order,original_air_date,runtime,uk_viewers_mm,appreciation_index,missing,recreated) VALUES (597,'Part Four',126,'125','4','1983-02-09','24:33',7.7,68,0,0);
INSERT INTO `episodes` (id,title,serial_id,story,episode_order,original_air_date,runtime,uk_viewers_mm,appreciation_index,missing,recreated) VALUES (598,'Part One',127,'126','1','1983-02-15','24:58',6.8,65,0,0);
INSERT INTO `episodes` (id,title,serial_id,story,episode_order,original_air_date,runtime,uk_viewers_mm,appreciation_index,missing,recreated) VALUES (599,'Part Two',127,'126','2','1983-02-16','24:40',7.5,67,0,0);
INSERT INTO `episodes` (id,title,serial_id,story,episode_order,original_air_date,runtime,uk_viewers_mm,appreciation_index,missing,recreated) VALUES (600,'Part Three',127,'126','3','1983-02-22','24:39',6.5,64,0,0);
INSERT INTO `episodes` (id,title,serial_id,story,episode_order,original_air_date,runtime,uk_viewers_mm,appreciation_index,missing,recreated) VALUES (601,'Part Four',127,'126','4','1983-02-23','24:49',7.4,67,0,0);
INSERT INTO `episodes` (id,title,serial_id,story,episode_order,original_air_date,runtime,uk_viewers_mm,appreciation_index,missing,recreated) VALUES (602,'Part One',128,'127','1','1983-03-01','24:12',6.6,67,0,0);
INSERT INTO `episodes` (id,title,serial_id,story,episode_order,original_air_date,runtime,uk_viewers_mm,appreciation_index,missing,recreated) VALUES (603,'Part Two',128,'127','2','1983-03-02','24:23',7.2,65,0,0);
INSERT INTO `episodes` (id,title,serial_id,story,episode_order,original_air_date,runtime,uk_viewers_mm,appreciation_index,missing,recreated) VALUES (604,'Part Three',128,'127','3','1983-03-08','24:38',6.2,68,0,0);
INSERT INTO `episodes` (id,title,serial_id,story,episode_order,original_air_date,runtime,uk_viewers_mm,appreciation_index,missing,recreated) VALUES (605,'Part Four',128,'127','4','1983-03-09','24:34',7.3,70,0,0);
INSERT INTO `episodes` (id,title,serial_id,story,episode_order,original_air_date,runtime,uk_viewers_mm,appreciation_index,missing,recreated) VALUES (606,'Part One',129,'128','1','1983-03-15','24:48',5.8,65,0,0);
INSERT INTO `episodes` (id,title,serial_id,story,episode_order,original_air_date,runtime,uk_viewers_mm,appreciation_index,missing,recreated) VALUES (607,'Part Two',129,'128','2','1983-03-16','24:27',7.2,63,0,0);
INSERT INTO `episodes` (id,title,serial_id,story,episode_order,original_air_date,runtime,uk_viewers_mm,appreciation_index,missing,recreated) VALUES (608,'',0,NULL,'','',NULL,NULL,NULL,0,0);
INSERT INTO `episodes` (id,title,serial_id,story,episode_order,original_air_date,runtime,uk_viewers_mm,appreciation_index,missing,recreated) VALUES (609,'The Five Doctors',130,NULL,'1','1983-11-25','90:23',7.7,75,0,0);
INSERT INTO `episodes` (id,title,serial_id,story,episode_order,original_air_date,runtime,uk_viewers_mm,appreciation_index,missing,recreated) VALUES (610,'Part One',131,'130','1','1984-01-05','24:48',7.6,65,0,0);
INSERT INTO `episodes` (id,title,serial_id,story,episode_order,original_air_date,runtime,uk_viewers_mm,appreciation_index,missing,recreated) VALUES (611,'Part Two',131,'130','2','1984-01-06','24:04',7.5,64,0,0);
INSERT INTO `episodes` (id,title,serial_id,story,episode_order,original_air_date,runtime,uk_viewers_mm,appreciation_index,missing,recreated) VALUES (612,'Part Three',131,'130','3','1984-01-12','24:02',7.3,62,0,0);
INSERT INTO `episodes` (id,title,serial_id,story,episode_order,original_air_date,runtime,uk_viewers_mm,appreciation_index,missing,recreated) VALUES (613,'Part Four',131,'130','4','1984-01-13','24:48',6.6,65,0,0);
INSERT INTO `episodes` (id,title,serial_id,story,episode_order,original_air_date,runtime,uk_viewers_mm,appreciation_index,missing,recreated) VALUES (614,'Part One',132,'131','1','1984-01-19','25:18',7.9,65,0,0);
INSERT INTO `episodes` (id,title,serial_id,story,episode_order,original_air_date,runtime,uk_viewers_mm,appreciation_index,missing,recreated) VALUES (615,'Part Two',132,'131','2','1984-01-20','24:47',6.6,63,0,0);
INSERT INTO `episodes` (id,title,serial_id,story,episode_order,original_air_date,runtime,uk_viewers_mm,appreciation_index,missing,recreated) VALUES (616,'Part One',133,'132','1','1984-01-26','24:39',8,66,0,0);
INSERT INTO `episodes` (id,title,serial_id,story,episode_order,original_air_date,runtime,uk_viewers_mm,appreciation_index,missing,recreated) VALUES (617,'Part Two',133,'132','2','1984-01-27','24:35',5.8,69,0,0);
INSERT INTO `episodes` (id,title,serial_id,story,episode_order,original_air_date,runtime,uk_viewers_mm,appreciation_index,missing,recreated) VALUES (618,'Part Three',133,'132','3','1984-02-02','24:30',7.8,65,0,0);
INSERT INTO `episodes` (id,title,serial_id,story,episode_order,original_air_date,runtime,uk_viewers_mm,appreciation_index,missing,recreated) VALUES (619,'Part Four',133,'132','4','1984-02-03','24:26',5.6,65,0,0);
INSERT INTO `episodes` (id,title,serial_id,story,episode_order,original_air_date,runtime,uk_viewers_mm,appreciation_index,missing,recreated) VALUES (620,'Part One',134,'133','1','1984-02-08','46:24',7.3,69,0,0);
INSERT INTO `episodes` (id,title,serial_id,story,episode_order,original_air_date,runtime,uk_viewers_mm,appreciation_index,missing,recreated) VALUES (621,'Part Two',134,'133','2','1984-02-15','46:52',8,65,0,0);
INSERT INTO `episodes` (id,title,serial_id,story,episode_order,original_air_date,runtime,uk_viewers_mm,appreciation_index,missing,recreated) VALUES (622,'Part One',135,'134','1','1984-02-23','24:26',7.4,NULL,0,0);
INSERT INTO `episodes` (id,title,serial_id,story,episode_order,original_air_date,runtime,uk_viewers_mm,appreciation_index,missing,recreated) VALUES (623,'Part Two',135,'134','2','1984-02-24','24:20',6.1,NULL,0,0);
INSERT INTO `episodes` (id,title,serial_id,story,episode_order,original_air_date,runtime,uk_viewers_mm,appreciation_index,missing,recreated) VALUES (624,'Part Three',135,'134','3','1984-03-01','23:57',7.4,NULL,0,0);
INSERT INTO `episodes` (id,title,serial_id,story,episode_order,original_air_date,runtime,uk_viewers_mm,appreciation_index,missing,recreated) VALUES (625,'Part Four',135,'134','4','1984-03-02','24:44',7,NULL,0,0);
INSERT INTO `episodes` (id,title,serial_id,story,episode_order,original_air_date,runtime,uk_viewers_mm,appreciation_index,missing,recreated) VALUES (626,'Part One',136,'135','1','1984-03-08','24:33',6.9,65,0,0);
INSERT INTO `episodes` (id,title,serial_id,story,episode_order,original_air_date,runtime,uk_viewers_mm,appreciation_index,missing,recreated) VALUES (627,'Part Two',136,'135','2','1984-03-09','25:00',6.6,NULL,0,0);
INSERT INTO `episodes` (id,title,serial_id,story,episode_order,original_air_date,runtime,uk_viewers_mm,appreciation_index,missing,recreated) VALUES (628,'Part Three',136,'135','3','1984-03-15','24:36',7.8,65,0,0);
INSERT INTO `episodes` (id,title,serial_id,story,episode_order,original_air_date,runtime,uk_viewers_mm,appreciation_index,missing,recreated) VALUES (629,'Part Four',136,'135','4','1984-03-16','25:37',7.8,68,0,0);
INSERT INTO `episodes` (id,title,serial_id,story,episode_order,original_air_date,runtime,uk_viewers_mm,appreciation_index,missing,recreated) VALUES (630,'Part One',137,'136','1','1984-03-22','24:42',7.6,61,0,0);
INSERT INTO `episodes` (id,title,serial_id,story,episode_order,original_air_date,runtime,uk_viewers_mm,appreciation_index,missing,recreated) VALUES (631,'Part Two',137,'136','2','1984-03-23','25:09',7.4,66,0,0);
INSERT INTO `episodes` (id,title,serial_id,story,episode_order,original_air_date,runtime,uk_viewers_mm,appreciation_index,missing,recreated) VALUES (632,'Part Three',137,'136','3','1984-03-29','24:27',7,59,0,0);
INSERT INTO `episodes` (id,title,serial_id,story,episode_order,original_air_date,runtime,uk_viewers_mm,appreciation_index,missing,recreated) VALUES (633,'Part Four',137,'136','4','1984-03-30','25:04',6.3,67,0,0);
INSERT INTO `episodes` (id,title,serial_id,story,episode_order,original_air_date,runtime,uk_viewers_mm,appreciation_index,missing,recreated) VALUES (634,'Part One',138,'137','1','1985-01-05','44:17',8.9,61,0,0);
INSERT INTO `episodes` (id,title,serial_id,story,episode_order,original_air_date,runtime,uk_viewers_mm,appreciation_index,missing,recreated) VALUES (635,'Part Two',138,'137','2','1985-01-12','44:29',7.2,65,0,0);
INSERT INTO `episodes` (id,title,serial_id,story,episode_order,original_air_date,runtime,uk_viewers_mm,appreciation_index,missing,recreated) VALUES (636,'Part One',139,'138','1','1985-01-19','44:46',7.2,63,0,0);
INSERT INTO `episodes` (id,title,serial_id,story,episode_order,original_air_date,runtime,uk_viewers_mm,appreciation_index,missing,recreated) VALUES (637,'Part Two',139,'138','2','1985-01-26','44:46',7,65,0,0);
INSERT INTO `episodes` (id,title,serial_id,story,episode_order,original_air_date,runtime,uk_viewers_mm,appreciation_index,missing,recreated) VALUES (638,'Part One',140,'139','1','1985-02-02','45:01',6.3,64,0,0);
INSERT INTO `episodes` (id,title,serial_id,story,episode_order,original_air_date,runtime,uk_viewers_mm,appreciation_index,missing,recreated) VALUES (639,'Part Two',140,'139','2','1985-02-09','44:32',7.3,64,0,0);
INSERT INTO `episodes` (id,title,serial_id,story,episode_order,original_air_date,runtime,uk_viewers_mm,appreciation_index,missing,recreated) VALUES (640,'Part One',141,'140','1','1985-02-16','44:22',6.6,65,0,0);
INSERT INTO `episodes` (id,title,serial_id,story,episode_order,original_air_date,runtime,uk_viewers_mm,appreciation_index,missing,recreated) VALUES (641,'Part Two',141,'140','2','1985-02-23','44:49',6,62,0,0);
INSERT INTO `episodes` (id,title,serial_id,story,episode_order,original_air_date,runtime,uk_viewers_mm,appreciation_index,missing,recreated) VALUES (642,'Part Three',141,'140','3','1985-03-02','44:45',6.9,65,0,0);
INSERT INTO `episodes` (id,title,serial_id,story,episode_order,original_air_date,runtime,uk_viewers_mm,appreciation_index,missing,recreated) VALUES (643,'Part One',142,'141','1','1985-03-09','45:00',6.7,66,0,0);
INSERT INTO `episodes` (id,title,serial_id,story,episode_order,original_air_date,runtime,uk_viewers_mm,appreciation_index,missing,recreated) VALUES (644,'Part Two',142,'141','2','1985-03-16','44:36',7.4,64,0,0);
INSERT INTO `episodes` (id,title,serial_id,story,episode_order,original_air_date,runtime,uk_viewers_mm,appreciation_index,missing,recreated) VALUES (645,'Part One',143,'142','1','1985-03-23','44:31',7.4,67,0,0);
INSERT INTO `episodes` (id,title,serial_id,story,episode_order,original_air_date,runtime,uk_viewers_mm,appreciation_index,missing,recreated) VALUES (646,'Part Two',143,'142','2','1985-03-30','45:27',7.7,65,0,0);
INSERT INTO `episodes` (id,title,serial_id,story,episode_order,original_air_date,runtime,uk_viewers_mm,appreciation_index,missing,recreated) VALUES (647,'Part One',144,'143a','1','1986-09-06','24:57',4.9,72,0,0);
INSERT INTO `episodes` (id,title,serial_id,story,episode_order,original_air_date,runtime,uk_viewers_mm,appreciation_index,missing,recreated) VALUES (648,'Part Two',144,'143a','2','1986-09-13','24:44',4.9,69,0,0);
INSERT INTO `episodes` (id,title,serial_id,story,episode_order,original_air_date,runtime,uk_viewers_mm,appreciation_index,missing,recreated) VALUES (649,'Part Three',144,'143a','3','1986-09-20','24:18',3.9,70,0,0);
INSERT INTO `episodes` (id,title,serial_id,story,episode_order,original_air_date,runtime,uk_viewers_mm,appreciation_index,missing,recreated) VALUES (650,'Part Four',144,'143a','4','1986-09-27','24:20',3.7,72,0,0);
INSERT INTO `episodes` (id,title,serial_id,story,episode_order,original_air_date,runtime,uk_viewers_mm,appreciation_index,missing,recreated) VALUES (651,'Part Five',145,'143b','1','1986-10-04','24:42',4.8,71,0,0);
INSERT INTO `episodes` (id,title,serial_id,story,episode_order,original_air_date,runtime,uk_viewers_mm,appreciation_index,missing,recreated) VALUES (652,'Part Six',145,'143b','2','1986-10-11','24:45',4.6,69,0,0);
INSERT INTO `episodes` (id,title,serial_id,story,episode_order,original_air_date,runtime,uk_viewers_mm,appreciation_index,missing,recreated) VALUES (653,'Part Seven',145,'143b','3','1986-10-18','24:33',5.1,66,0,0);
INSERT INTO `episodes` (id,title,serial_id,story,episode_order,original_air_date,runtime,uk_viewers_mm,appreciation_index,missing,recreated) VALUES (654,'Part Eight',145,'143b','4','1986-10-25','24:44',5,72,0,0);
INSERT INTO `episodes` (id,title,serial_id,story,episode_order,original_air_date,runtime,uk_viewers_mm,appreciation_index,missing,recreated) VALUES (655,'Part Nine',146,'143c','1','1986-11-01','24:56',5.2,66,0,0);
INSERT INTO `episodes` (id,title,serial_id,story,episode_order,original_air_date,runtime,uk_viewers_mm,appreciation_index,missing,recreated) VALUES (656,'Part Ten',146,'143c','2','1986-11-08','24:18',4.6,69,0,0);
INSERT INTO `episodes` (id,title,serial_id,story,episode_order,original_air_date,runtime,uk_viewers_mm,appreciation_index,missing,recreated) VALUES (657,'Part Eleven',146,'143c','3','1986-11-15','24:07',5.3,69,0,0);
INSERT INTO `episodes` (id,title,serial_id,story,episode_order,original_air_date,runtime,uk_viewers_mm,appreciation_index,missing,recreated) VALUES (658,'Part Twelve',146,'143c','4','1986-11-22','24:45',5.3,69,0,0);
INSERT INTO `episodes` (id,title,serial_id,story,episode_order,original_air_date,runtime,uk_viewers_mm,appreciation_index,missing,recreated) VALUES (659,'Part Thirteen',147,'143d','1','1986-11-29','24:42',4.4,69,0,0);
INSERT INTO `episodes` (id,title,serial_id,story,episode_order,original_air_date,runtime,uk_viewers_mm,appreciation_index,missing,recreated) VALUES (660,'Part Fourteen',147,'143d','2','1986-12-06','29:30',5.6,69,0,0);
INSERT INTO `episodes` (id,title,serial_id,story,episode_order,original_air_date,runtime,uk_viewers_mm,appreciation_index,missing,recreated) VALUES (661,'Part One',148,'144','1','1987-09-07','24:44',5.1,58,0,0);
INSERT INTO `episodes` (id,title,serial_id,story,episode_order,original_air_date,runtime,uk_viewers_mm,appreciation_index,missing,recreated) VALUES (662,'Part Two',148,'144','2','1987-09-14','24:36',4.2,63,0,0);
INSERT INTO `episodes` (id,title,serial_id,story,episode_order,original_air_date,runtime,uk_viewers_mm,appreciation_index,missing,recreated) VALUES (663,'Part Three',148,'144','3','1987-09-21','24:23',4.3,57,0,0);
INSERT INTO `episodes` (id,title,serial_id,story,episode_order,original_air_date,runtime,uk_viewers_mm,appreciation_index,missing,recreated) VALUES (664,'Part Four',148,'144','4','1987-09-28','24:38',4.9,59,0,0);
INSERT INTO `episodes` (id,title,serial_id,story,episode_order,original_air_date,runtime,uk_viewers_mm,appreciation_index,missing,recreated) VALUES (665,'Part One',149,'145','1','1987-10-05','24:33',4.5,61,0,0);
INSERT INTO `episodes` (id,title,serial_id,story,episode_order,original_air_date,runtime,uk_viewers_mm,appreciation_index,missing,recreated) VALUES (666,'Part Two',149,'145','2','1987-10-12','24:39',5.2,58,0,0);
INSERT INTO `episodes` (id,title,serial_id,story,episode_order,original_air_date,runtime,uk_viewers_mm,appreciation_index,missing,recreated) VALUES (667,'Part Three',149,'145','3','1987-10-19','24:30',5,58,0,0);
INSERT INTO `episodes` (id,title,serial_id,story,episode_order,original_air_date,runtime,uk_viewers_mm,appreciation_index,missing,recreated) VALUES (668,'Part Four',149,'145','4','1987-10-26','24:21',5,57,0,0);
INSERT INTO `episodes` (id,title,serial_id,story,episode_order,original_air_date,runtime,uk_viewers_mm,appreciation_index,missing,recreated) VALUES (669,'Part One',150,'146','1','1987-11-02','24:47',5.3,63,0,0);
INSERT INTO `episodes` (id,title,serial_id,story,episode_order,original_air_date,runtime,uk_viewers_mm,appreciation_index,missing,recreated) VALUES (670,'Part Two',150,'146','2','1987-11-09','24:23',5.1,60,0,0);
INSERT INTO `episodes` (id,title,serial_id,story,episode_order,original_air_date,runtime,uk_viewers_mm,appreciation_index,missing,recreated) VALUES (671,'Part Three',150,'146','3','1987-11-16','24:22',5.4,60,0,0);
INSERT INTO `episodes` (id,title,serial_id,story,episode_order,original_air_date,runtime,uk_viewers_mm,appreciation_index,missing,recreated) VALUES (672,'Part One',151,'147','1','1987-11-23','24:01',5.5,61,0,0);
INSERT INTO `episodes` (id,title,serial_id,story,episode_order,original_air_date,runtime,uk_viewers_mm,appreciation_index,missing,recreated) VALUES (673,'Part Two',151,'147','2','1987-11-30','24:40',5,61,0,0);
INSERT INTO `episodes` (id,title,serial_id,story,episode_order,original_air_date,runtime,uk_viewers_mm,appreciation_index,missing,recreated) VALUES (674,'Part Three',151,'147','3','1987-12-07','24:26',4.7,64,0,0);
INSERT INTO `episodes` (id,title,serial_id,story,episode_order,original_air_date,runtime,uk_viewers_mm,appreciation_index,missing,recreated) VALUES (675,'Part One',152,'148','1','1988-10-05','24:33',5.5,68,0,0);
INSERT INTO `episodes` (id,title,serial_id,story,episode_order,original_air_date,runtime,uk_viewers_mm,appreciation_index,missing,recreated) VALUES (676,'Part Two',152,'148','2','1988-10-12','24:31',5.8,69,0,0);
INSERT INTO `episodes` (id,title,serial_id,story,episode_order,original_air_date,runtime,uk_viewers_mm,appreciation_index,missing,recreated) VALUES (677,'Part Three',152,'148','3','1988-10-19','24:30',5.1,70,0,0);
INSERT INTO `episodes` (id,title,serial_id,story,episode_order,original_air_date,runtime,uk_viewers_mm,appreciation_index,missing,recreated) VALUES (678,'Part Four',152,'148','4','1988-10-26','24:36',5,72,0,0);
INSERT INTO `episodes` (id,title,serial_id,story,episode_order,original_air_date,runtime,uk_viewers_mm,appreciation_index,missing,recreated) VALUES (679,'Part One',153,'149','1','1988-11-02','24:51',5.3,67,0,0);
INSERT INTO `episodes` (id,title,serial_id,story,episode_order,original_air_date,runtime,uk_viewers_mm,appreciation_index,missing,recreated) VALUES (680,'Part Two',153,'149','2','1988-11-09','24:48',4.6,65,0,0);
INSERT INTO `episodes` (id,title,serial_id,story,episode_order,original_air_date,runtime,uk_viewers_mm,appreciation_index,missing,recreated) VALUES (681,'Part Three',153,'149','3','1988-11-16','24:25',5.3,65,0,0);
INSERT INTO `episodes` (id,title,serial_id,story,episode_order,original_air_date,runtime,uk_viewers_mm,appreciation_index,missing,recreated) VALUES (682,'Part One',154,'150','1','1988-11-23','24:31',6.1,71,0,0);
INSERT INTO `episodes` (id,title,serial_id,story,episode_order,original_air_date,runtime,uk_viewers_mm,appreciation_index,missing,recreated) VALUES (683,'Part Two',154,'150','2','1988-11-30','24:12',5.2,70,0,0);
INSERT INTO `episodes` (id,title,serial_id,story,episode_order,original_air_date,runtime,uk_viewers_mm,appreciation_index,missing,recreated) VALUES (684,'Part Three',154,'150','3','1988-12-07','24:36',5.2,70,0,0);
INSERT INTO `episodes` (id,title,serial_id,story,episode_order,original_air_date,runtime,uk_viewers_mm,appreciation_index,missing,recreated) VALUES (685,'Part One',155,'151','1','1988-12-14','24:23',5,68,0,0);
INSERT INTO `episodes` (id,title,serial_id,story,episode_order,original_air_date,runtime,uk_viewers_mm,appreciation_index,missing,recreated) VALUES (686,'Part Two',155,'151','2','1988-12-21','24:20',5.3,66,0,0);
INSERT INTO `episodes` (id,title,serial_id,story,episode_order,original_air_date,runtime,uk_viewers_mm,appreciation_index,missing,recreated) VALUES (687,'Part Three',155,'151','3','1988-12-28','24:30',4.8,69,0,0);
INSERT INTO `episodes` (id,title,serial_id,story,episode_order,original_air_date,runtime,uk_viewers_mm,appreciation_index,missing,recreated) VALUES (688,'Part Four',155,'151','4','1989-01-04','24:24',6.6,64,0,0);
INSERT INTO `episodes` (id,title,serial_id,story,episode_order,original_air_date,runtime,uk_viewers_mm,appreciation_index,missing,recreated) VALUES (689,'Part One',156,'152','1','1989-09-06','24:06',3.1,69,0,0);
INSERT INTO `episodes` (id,title,serial_id,story,episode_order,original_air_date,runtime,uk_viewers_mm,appreciation_index,missing,recreated) VALUES (690,'Part Two',156,'152','2','1989-09-13','24:07',3.9,68,0,0);
INSERT INTO `episodes` (id,title,serial_id,story,episode_order,original_air_date,runtime,uk_viewers_mm,appreciation_index,missing,recreated) VALUES (691,'Part Three',156,'152','3','1989-09-20','24:13',3.6,67,0,0);
INSERT INTO `episodes` (id,title,serial_id,story,episode_order,original_air_date,runtime,uk_viewers_mm,appreciation_index,missing,recreated) VALUES (692,'Part Four',156,'152','4','1989-09-27','24:14',4,65,0,0);
INSERT INTO `episodes` (id,title,serial_id,story,episode_order,original_air_date,runtime,uk_viewers_mm,appreciation_index,missing,recreated) VALUES (693,'Part One',157,'153','1','1989-10-04','24:17',4.2,68,0,0);
INSERT INTO `episodes` (id,title,serial_id,story,episode_order,original_air_date,runtime,uk_viewers_mm,appreciation_index,missing,recreated) VALUES (694,'Part Two',157,'153','2','1989-10-11','24:18',4,68,0,0);
INSERT INTO `episodes` (id,title,serial_id,story,episode_order,original_air_date,runtime,uk_viewers_mm,appreciation_index,missing,recreated) VALUES (695,'Part Three',157,'153','3','1989-10-18','24:17',4,64,0,0);
INSERT INTO `episodes` (id,title,serial_id,story,episode_order,original_air_date,runtime,uk_viewers_mm,appreciation_index,missing,recreated) VALUES (696,'Part One',158,'154','1','1989-10-25','24:23',4.3,67,0,0);
INSERT INTO `episodes` (id,title,serial_id,story,episode_order,original_air_date,runtime,uk_viewers_mm,appreciation_index,missing,recreated) VALUES (697,'Part Two',158,'154','2','1989-11-01','24:09',4,68,0,0);
INSERT INTO `episodes` (id,title,serial_id,story,episode_order,original_air_date,runtime,uk_viewers_mm,appreciation_index,missing,recreated) VALUES (698,'Part Three',158,'154','3','1989-11-08','24:11',4,68,0,0);
INSERT INTO `episodes` (id,title,serial_id,story,episode_order,original_air_date,runtime,uk_viewers_mm,appreciation_index,missing,recreated) VALUES (699,'Part Four',158,'154','4','1989-11-15','24:16',4.2,68,0,0);
INSERT INTO `episodes` (id,title,serial_id,story,episode_order,original_air_date,runtime,uk_viewers_mm,appreciation_index,missing,recreated) VALUES (700,'Part One',159,'155','1','1989-11-22','24:14',5,69,0,0);
INSERT INTO `episodes` (id,title,serial_id,story,episode_order,original_air_date,runtime,uk_viewers_mm,appreciation_index,missing,recreated) VALUES (701,'Part Two',159,'155','2','1989-11-29','24:13',4.8,69,0,0);
INSERT INTO `episodes` (id,title,serial_id,story,episode_order,original_air_date,runtime,uk_viewers_mm,appreciation_index,missing,recreated) VALUES (702,'Part Three',159,'155','3','1989-12-06','24:20',5,71,0,0);
INSERT INTO `episodes` (id,title,serial_id,story,episode_order,original_air_date,runtime,uk_viewers_mm,appreciation_index,missing,recreated) VALUES (703,'Doctor Who',160,'156','1','1996-05-27','85:00',9.08,75,0,0);
INSERT INTO `episodes` (id,title,serial_id,story,episode_order,original_air_date,runtime,uk_viewers_mm,appreciation_index,missing,recreated) VALUES (704,'Rose',161,'157','1','2005-03-26','45:00',10.81,81,0,0);
INSERT INTO `episodes` (id,title,serial_id,story,episode_order,original_air_date,runtime,uk_viewers_mm,appreciation_index,missing,recreated) VALUES (705,'The End of the World',162,'158','1','2005-04-02','44:00',7.97,79,0,0);
INSERT INTO `episodes` (id,title,serial_id,story,episode_order,original_air_date,runtime,uk_viewers_mm,appreciation_index,missing,recreated) VALUES (706,'The Unquiet Dead',163,'159','1','2005-04-09','44:00',8.86,80,0,0);
INSERT INTO `episodes` (id,title,serial_id,story,episode_order,original_air_date,runtime,uk_viewers_mm,appreciation_index,missing,recreated) VALUES (707,'Aliens of London',164,'160a','1','2005-04-16','45:00',7.63,81,0,0);
INSERT INTO `episodes` (id,title,serial_id,story,episode_order,original_air_date,runtime,uk_viewers_mm,appreciation_index,missing,recreated) VALUES (708,'World War Three',165,'160b','2','2005-04-23','42:00',7.98,82,0,0);
INSERT INTO `episodes` (id,title,serial_id,story,episode_order,original_air_date,runtime,uk_viewers_mm,appreciation_index,missing,recreated) VALUES (709,'Dalek',166,'161','1','2005-04-30','45:00',8.63,84,0,0);
INSERT INTO `episodes` (id,title,serial_id,story,episode_order,original_air_date,runtime,uk_viewers_mm,appreciation_index,missing,recreated) VALUES (710,'The Long Game',167,'162','1','2005-05-07','44:00',8.01,81,0,0);
INSERT INTO `episodes` (id,title,serial_id,story,episode_order,original_air_date,runtime,uk_viewers_mm,appreciation_index,missing,recreated) VALUES (711,'Father''s Day',168,'163','1','2005-05-14','45:00',8.06,83,0,0);
INSERT INTO `episodes` (id,title,serial_id,story,episode_order,original_air_date,runtime,uk_viewers_mm,appreciation_index,missing,recreated) VALUES (712,'The Empty Child',169,'164a','1','2005-05-21','45:00',7.11,84,0,0);
INSERT INTO `episodes` (id,title,serial_id,story,episode_order,original_air_date,runtime,uk_viewers_mm,appreciation_index,missing,recreated) VALUES (713,'The Doctor Dances',170,'164b','2','2005-05-28','45:00',6.86,85,0,0);
INSERT INTO `episodes` (id,title,serial_id,story,episode_order,original_air_date,runtime,uk_viewers_mm,appreciation_index,missing,recreated) VALUES (714,'Boom Town',171,'165','1','2005-06-04','45:00',7.68,82,0,0);
INSERT INTO `episodes` (id,title,serial_id,story,episode_order,original_air_date,runtime,uk_viewers_mm,appreciation_index,missing,recreated) VALUES (715,'Bad Wolf',172,'166a','1','2005-06-11','45:00',6.81,85,0,0);
INSERT INTO `episodes` (id,title,serial_id,story,episode_order,original_air_date,runtime,uk_viewers_mm,appreciation_index,missing,recreated) VALUES (716,'The Parting of the Ways',173,'166b','2','2005-06-18','45:00',6.91,89,0,0);
INSERT INTO `episodes` (id,title,serial_id,story,episode_order,original_air_date,runtime,uk_viewers_mm,appreciation_index,missing,recreated) VALUES (717,'The Christmas Invasion',174,'167','1','2005-12-25','60:00',9.84,84,0,0);
INSERT INTO `episodes` (id,title,serial_id,story,episode_order,original_air_date,runtime,uk_viewers_mm,appreciation_index,missing,recreated) VALUES (718,'New Earth',175,'168','1','2006-04-15','45:00',8.62,85,0,0);
INSERT INTO `episodes` (id,title,serial_id,story,episode_order,original_air_date,runtime,uk_viewers_mm,appreciation_index,missing,recreated) VALUES (719,'Tooth and Claw',176,'169','1','2006-04-22','45:00',9.24,83,0,0);
INSERT INTO `episodes` (id,title,serial_id,story,episode_order,original_air_date,runtime,uk_viewers_mm,appreciation_index,missing,recreated) VALUES (720,'School Reunion',177,'170','1','2006-04-29','45:00',8.31,85,0,0);
INSERT INTO `episodes` (id,title,serial_id,story,episode_order,original_air_date,runtime,uk_viewers_mm,appreciation_index,missing,recreated) VALUES (721,'The Girl in the Fireplace',178,'171','1','2006-05-06','45:00',7.9,84,0,0);
INSERT INTO `episodes` (id,title,serial_id,story,episode_order,original_air_date,runtime,uk_viewers_mm,appreciation_index,missing,recreated) VALUES (722,'Rise of the Cybermen',179,'172a','1','2006-05-13','45:00',9.22,86,0,0);
INSERT INTO `episodes` (id,title,serial_id,story,episode_order,original_air_date,runtime,uk_viewers_mm,appreciation_index,missing,recreated) VALUES (723,'The Age of Steel',180,'172b','2','2006-05-20','45:00',7.63,86,0,0);
INSERT INTO `episodes` (id,title,serial_id,story,episode_order,original_air_date,runtime,uk_viewers_mm,appreciation_index,missing,recreated) VALUES (724,'The Idiot''s Lantern',181,'173','1','2006-05-27','45:00',6.76,84,0,0);
INSERT INTO `episodes` (id,title,serial_id,story,episode_order,original_air_date,runtime,uk_viewers_mm,appreciation_index,missing,recreated) VALUES (725,'The Impossible Planet',182,'174a','1','2006-06-03','45:00',6.32,85,0,0);
INSERT INTO `episodes` (id,title,serial_id,story,episode_order,original_air_date,runtime,uk_viewers_mm,appreciation_index,missing,recreated) VALUES (726,'The Satan Pit',183,'174b','2','2006-06-10','45:00',6.08,86,0,0);
INSERT INTO `episodes` (id,title,serial_id,story,episode_order,original_air_date,runtime,uk_viewers_mm,appreciation_index,missing,recreated) VALUES (727,'Love & Monsters',184,'175','1','2006-06-17','45:00',6.66,76,0,0);
INSERT INTO `episodes` (id,title,serial_id,story,episode_order,original_air_date,runtime,uk_viewers_mm,appreciation_index,missing,recreated) VALUES (728,'Fear Her',185,'176','1','2006-06-24','45:00',7.14,83,0,0);
INSERT INTO `episodes` (id,title,serial_id,story,episode_order,original_air_date,runtime,uk_viewers_mm,appreciation_index,missing,recreated) VALUES (729,'Army of Ghosts',186,'177a','1','2006-07-01','45:00',8.19,86,0,0);
INSERT INTO `episodes` (id,title,serial_id,story,episode_order,original_air_date,runtime,uk_viewers_mm,appreciation_index,missing,recreated) VALUES (730,'Doomsday',187,'177b','2','2006-07-08','45:00',8.22,89,0,0);
INSERT INTO `episodes` (id,title,serial_id,story,episode_order,original_air_date,runtime,uk_viewers_mm,appreciation_index,missing,recreated) VALUES (731,'The Runaway Bride',188,'178','1','2006-12-25','60:00',9.35,84,0,0);
INSERT INTO `episodes` (id,title,serial_id,story,episode_order,original_air_date,runtime,uk_viewers_mm,appreciation_index,missing,recreated) VALUES (732,'Smith and Jones',189,'179','1','2007-03-31','45:00',8.71,88,0,0);
INSERT INTO `episodes` (id,title,serial_id,story,episode_order,original_air_date,runtime,uk_viewers_mm,appreciation_index,missing,recreated) VALUES (733,'The Shakespeare Code',190,'180','1','2007-04-07','45:00',7.23,87,0,0);
INSERT INTO `episodes` (id,title,serial_id,story,episode_order,original_air_date,runtime,uk_viewers_mm,appreciation_index,missing,recreated) VALUES (734,'Gridlock',191,'181','1','2007-04-14','45:00',8.41,85,0,0);
INSERT INTO `episodes` (id,title,serial_id,story,episode_order,original_air_date,runtime,uk_viewers_mm,appreciation_index,missing,recreated) VALUES (735,'Daleks in Manhattan',192,'182a','1','2007-04-21','45:00',6.69,86,0,0);
INSERT INTO `episodes` (id,title,serial_id,story,episode_order,original_air_date,runtime,uk_viewers_mm,appreciation_index,missing,recreated) VALUES (736,'Evolution of the Daleks',193,'182b','2','2007-04-28','45:00',6.97,85,0,0);
INSERT INTO `episodes` (id,title,serial_id,story,episode_order,original_air_date,runtime,uk_viewers_mm,appreciation_index,missing,recreated) VALUES (737,'The Lazarus Experiment',194,'183','1','2007-05-05','45:00',7.19,86,0,0);
INSERT INTO `episodes` (id,title,serial_id,story,episode_order,original_air_date,runtime,uk_viewers_mm,appreciation_index,missing,recreated) VALUES (738,'42',195,'184','1','2007-05-19','45:00',7.41,85,0,0);
INSERT INTO `episodes` (id,title,serial_id,story,episode_order,original_air_date,runtime,uk_viewers_mm,appreciation_index,missing,recreated) VALUES (739,'Human Nature',196,'185a','1','2007-05-26','45:00',7.74,86,0,0);
INSERT INTO `episodes` (id,title,serial_id,story,episode_order,original_air_date,runtime,uk_viewers_mm,appreciation_index,missing,recreated) VALUES (740,'The Family of Blood',197,'185b','2','2007-06-02','45:00',7.21,86,0,0);
INSERT INTO `episodes` (id,title,serial_id,story,episode_order,original_air_date,runtime,uk_viewers_mm,appreciation_index,missing,recreated) VALUES (741,'Blink',198,'186','1','2007-06-09','45:00',6.62,87,0,0);
INSERT INTO `episodes` (id,title,serial_id,story,episode_order,original_air_date,runtime,uk_viewers_mm,appreciation_index,missing,recreated) VALUES (742,'Utopia',199,'187a','1','2007-06-16','45:00',7.84,87,0,0);
INSERT INTO `episodes` (id,title,serial_id,story,episode_order,original_air_date,runtime,uk_viewers_mm,appreciation_index,missing,recreated) VALUES (743,'The Sound of Drums',200,'187b','2','2007-06-23','45:00',7.51,87,0,0);
INSERT INTO `episodes` (id,title,serial_id,story,episode_order,original_air_date,runtime,uk_viewers_mm,appreciation_index,missing,recreated) VALUES (744,'Last of the Time Lords',201,'187c','3','2007-06-30','52:00',8.61,88,0,0);
INSERT INTO `episodes` (id,title,serial_id,story,episode_order,original_air_date,runtime,uk_viewers_mm,appreciation_index,missing,recreated) VALUES (745,'Voyage of the Damned',202,'188','1','2007-12-25','72:00',13.31,86,0,0);
INSERT INTO `episodes` (id,title,serial_id,story,episode_order,original_air_date,runtime,uk_viewers_mm,appreciation_index,missing,recreated) VALUES (746,'Partners in Crime',203,'189','1','2008-04-05','50:00',9.14,88,0,0);
INSERT INTO `episodes` (id,title,serial_id,story,episode_order,original_air_date,runtime,uk_viewers_mm,appreciation_index,missing,recreated) VALUES (747,'The Fires of Pompeii',204,'190','1','2008-04-12','50:00',9.04,87,0,0);
INSERT INTO `episodes` (id,title,serial_id,story,episode_order,original_air_date,runtime,uk_viewers_mm,appreciation_index,missing,recreated) VALUES (748,'Planet of the Ood',205,'191','1','2008-04-19','45:00',7.5,87,0,0);
INSERT INTO `episodes` (id,title,serial_id,story,episode_order,original_air_date,runtime,uk_viewers_mm,appreciation_index,missing,recreated) VALUES (749,'The Sontaran Stratagem',206,'192a','1','2008-04-26','45:00',7.06,87,0,0);
INSERT INTO `episodes` (id,title,serial_id,story,episode_order,original_air_date,runtime,uk_viewers_mm,appreciation_index,missing,recreated) VALUES (750,'The Poison Sky',207,'192b','2','2008-05-03','45:00',6.53,88,0,0);
INSERT INTO `episodes` (id,title,serial_id,story,episode_order,original_air_date,runtime,uk_viewers_mm,appreciation_index,missing,recreated) VALUES (751,'The Doctor''s Daughter',208,'193','1','2008-05-10','45:00',7.33,88,0,0);
INSERT INTO `episodes` (id,title,serial_id,story,episode_order,original_air_date,runtime,uk_viewers_mm,appreciation_index,missing,recreated) VALUES (752,'The Unicorn and the Wasp',209,'194','1','2008-05-17','45:00',8.41,86,0,0);
INSERT INTO `episodes` (id,title,serial_id,story,episode_order,original_air_date,runtime,uk_viewers_mm,appreciation_index,missing,recreated) VALUES (753,'Silence in the Library',210,'195a','1','2008-05-31','45:00',6.27,89,0,0);
INSERT INTO `episodes` (id,title,serial_id,story,episode_order,original_air_date,runtime,uk_viewers_mm,appreciation_index,missing,recreated) VALUES (754,'Forest of the Dead',211,'195b','2','2008-06-07','45:00',7.84,89,0,0);
INSERT INTO `episodes` (id,title,serial_id,story,episode_order,original_air_date,runtime,uk_viewers_mm,appreciation_index,missing,recreated) VALUES (755,'Midnight',212,'196','1','2008-06-14','45:00',8.05,86,0,0);
INSERT INTO `episodes` (id,title,serial_id,story,episode_order,original_air_date,runtime,uk_viewers_mm,appreciation_index,missing,recreated) VALUES (756,'Turn Left',213,'197','1','2008-06-21','50:00',8.09,88,0,0);
INSERT INTO `episodes` (id,title,serial_id,story,episode_order,original_air_date,runtime,uk_viewers_mm,appreciation_index,missing,recreated) VALUES (757,'The Stolen Earth',214,'198a','1','2008-06-28','45:00',8.78,91,0,0);
INSERT INTO `episodes` (id,title,serial_id,story,episode_order,original_air_date,runtime,uk_viewers_mm,appreciation_index,missing,recreated) VALUES (758,'Journey''s End',215,'198b','2','2008-07-05','65:00',10.57,91,0,0);
INSERT INTO `episodes` (id,title,serial_id,story,episode_order,original_air_date,runtime,uk_viewers_mm,appreciation_index,missing,recreated) VALUES (759,'The Next Doctor',216,'199','1','2008-12-25','60:00',13.1,86,0,0);
INSERT INTO `episodes` (id,title,serial_id,story,episode_order,original_air_date,runtime,uk_viewers_mm,appreciation_index,missing,recreated) VALUES (760,'Planet of the Dead',217,'200','1','2009-04-11','60:00',9.75,88,0,0);
INSERT INTO `episodes` (id,title,serial_id,story,episode_order,original_air_date,runtime,uk_viewers_mm,appreciation_index,missing,recreated) VALUES (761,'The Waters of Mars',218,'201','1','2009-11-15','60:00',10.32,88,0,0);
INSERT INTO `episodes` (id,title,serial_id,story,episode_order,original_air_date,runtime,uk_viewers_mm,appreciation_index,missing,recreated) VALUES (762,'Part One',219,'202','1','2009-12-25','60:00',12.04,87,0,0);
INSERT INTO `episodes` (id,title,serial_id,story,episode_order,original_air_date,runtime,uk_viewers_mm,appreciation_index,missing,recreated) VALUES (763,'Part Two',220,'202','2','2010-01-01','75:00',12.27,89,0,0);
INSERT INTO `episodes` (id,title,serial_id,story,episode_order,original_air_date,runtime,uk_viewers_mm,appreciation_index,missing,recreated) VALUES (764,'The Eleventh Hour',221,'203','1','2010-04-03','65:00',10.09,86,0,0);
INSERT INTO `episodes` (id,title,serial_id,story,episode_order,original_air_date,runtime,uk_viewers_mm,appreciation_index,missing,recreated) VALUES (765,'The Beast Below',222,'204','1','2010-04-10','45:00',8.42,86,0,0);
INSERT INTO `episodes` (id,title,serial_id,story,episode_order,original_air_date,runtime,uk_viewers_mm,appreciation_index,missing,recreated) VALUES (766,'Victory of the Daleks',223,'205','1','2010-04-17','45:00',8.21,84,0,0);
INSERT INTO `episodes` (id,title,serial_id,story,episode_order,original_air_date,runtime,uk_viewers_mm,appreciation_index,missing,recreated) VALUES (767,'The Time of Angels',224,'206a','1','2010-04-24','45:00',8.59,87,0,0);
INSERT INTO `episodes` (id,title,serial_id,story,episode_order,original_air_date,runtime,uk_viewers_mm,appreciation_index,missing,recreated) VALUES (768,'Flesh and Stone',225,'206b','1','2010-05-01','50:00',8.5,86,0,0);
INSERT INTO `episodes` (id,title,serial_id,story,episode_order,original_air_date,runtime,uk_viewers_mm,appreciation_index,missing,recreated) VALUES (769,'The Vampires of Venice',226,'207','1','2010-05-08','50:00',7.68,86,0,0);
INSERT INTO `episodes` (id,title,serial_id,story,episode_order,original_air_date,runtime,uk_viewers_mm,appreciation_index,missing,recreated) VALUES (770,'Amy''s Choice',227,'208','1','2010-05-15','45:00',7.55,84,0,0);
INSERT INTO `episodes` (id,title,serial_id,story,episode_order,original_air_date,runtime,uk_viewers_mm,appreciation_index,missing,recreated) VALUES (771,'The Hungry Earth',228,'209a','1','2010-05-22','45:00',6.49,86,0,0);
INSERT INTO `episodes` (id,title,serial_id,story,episode_order,original_air_date,runtime,uk_viewers_mm,appreciation_index,missing,recreated) VALUES (772,'Cold Blood',229,'209b','1','2010-05-29','45:00',7.49,85,0,0);
INSERT INTO `episodes` (id,title,serial_id,story,episode_order,original_air_date,runtime,uk_viewers_mm,appreciation_index,missing,recreated) VALUES (773,'Vincent and the Doctor',230,'210','1','2010-06-05','45:00',6.76,86,0,0);
INSERT INTO `episodes` (id,title,serial_id,story,episode_order,original_air_date,runtime,uk_viewers_mm,appreciation_index,missing,recreated) VALUES (774,'The Lodger',231,'211','1','2010-06-12','45:00',6.44,87,0,0);
INSERT INTO `episodes` (id,title,serial_id,story,episode_order,original_air_date,runtime,uk_viewers_mm,appreciation_index,missing,recreated) VALUES (775,'The Pandorica Opens',232,'212a','1','2010-06-19','50:00',7.57,88,0,0);
INSERT INTO `episodes` (id,title,serial_id,story,episode_order,original_air_date,runtime,uk_viewers_mm,appreciation_index,missing,recreated) VALUES (776,'The Big Bang',233,'212b','1','2010-06-26','55:00',6.7,89,0,0);
INSERT INTO `episodes` (id,title,serial_id,story,episode_order,original_air_date,runtime,uk_viewers_mm,appreciation_index,missing,recreated) VALUES (777,'A Christmas Carol',234,'213','1','2010-12-25','60:00',12.11,83,0,0);
INSERT INTO `episodes` (id,title,serial_id,story,episode_order,original_air_date,runtime,uk_viewers_mm,appreciation_index,missing,recreated) VALUES (778,'The Impossible Astronaut',235,'214a','1','2011-04-23','45:00',8.86,88,0,0);
INSERT INTO `episodes` (id,title,serial_id,story,episode_order,original_air_date,runtime,uk_viewers_mm,appreciation_index,missing,recreated) VALUES (779,'Day of the Moon',236,'214b','2','2011-04-30','45:00',7.3,87,0,0);
INSERT INTO `episodes` (id,title,serial_id,story,episode_order,original_air_date,runtime,uk_viewers_mm,appreciation_index,missing,recreated) VALUES (780,'The Curse of the Black Spot',237,'215','1','2011-05-07','45:00',7.85,86,0,0);
INSERT INTO `episodes` (id,title,serial_id,story,episode_order,original_air_date,runtime,uk_viewers_mm,appreciation_index,missing,recreated) VALUES (781,'The Doctor''s Wife',238,'216','1','2011-05-14','45:00',7.97,87,0,0);
INSERT INTO `episodes` (id,title,serial_id,story,episode_order,original_air_date,runtime,uk_viewers_mm,appreciation_index,missing,recreated) VALUES (782,'The Rebel Flesh',239,'217a','1','2011-05-21','45:00',7.35,85,0,0);
INSERT INTO `episodes` (id,title,serial_id,story,episode_order,original_air_date,runtime,uk_viewers_mm,appreciation_index,missing,recreated) VALUES (783,'The Almost People',240,'217b','2','2011-05-28','45:00',6.72,86,0,0);
INSERT INTO `episodes` (id,title,serial_id,story,episode_order,original_air_date,runtime,uk_viewers_mm,appreciation_index,missing,recreated) VALUES (784,'A Good Man Goes to War',241,'218','1','2011-06-04','50:00',7.51,88,0,0);
INSERT INTO `episodes` (id,title,serial_id,story,episode_order,original_air_date,runtime,uk_viewers_mm,appreciation_index,missing,recreated) VALUES (785,'Let''s Kill Hitler',242,'219','1','2011-08-27','50:00',8.1,85,0,0);
INSERT INTO `episodes` (id,title,serial_id,story,episode_order,original_air_date,runtime,uk_viewers_mm,appreciation_index,missing,recreated) VALUES (786,'Night Terrors',243,'220','1','2011-09-03','45:00',7.07,86,0,0);
INSERT INTO `episodes` (id,title,serial_id,story,episode_order,original_air_date,runtime,uk_viewers_mm,appreciation_index,missing,recreated) VALUES (787,'The Girl Who Waited',244,'221','1','2011-09-10','45:00',7.6,85,0,0);
INSERT INTO `episodes` (id,title,serial_id,story,episode_order,original_air_date,runtime,uk_viewers_mm,appreciation_index,missing,recreated) VALUES (788,'The God Complex',245,'222','1','2011-09-17','50:00',6.77,86,0,0);
INSERT INTO `episodes` (id,title,serial_id,story,episode_order,original_air_date,runtime,uk_viewers_mm,appreciation_index,missing,recreated) VALUES (789,'Closing Time',246,'223','1','2011-09-24','45:00',6.93,86,0,0);
INSERT INTO `episodes` (id,title,serial_id,story,episode_order,original_air_date,runtime,uk_viewers_mm,appreciation_index,missing,recreated) VALUES (790,'The Wedding of River Song',247,'224','1','2011-10-01','45:00',7.67,86,0,0);
INSERT INTO `episodes` (id,title,serial_id,story,episode_order,original_air_date,runtime,uk_viewers_mm,appreciation_index,missing,recreated) VALUES (791,'The Doctor, the Widow and the Wardrobe',248,'225','1','2011-12-25','60:00',10.77,84,0,0);
INSERT INTO `episodes` (id,title,serial_id,story,episode_order,original_air_date,runtime,uk_viewers_mm,appreciation_index,missing,recreated) VALUES (792,'Asylum of the Daleks',249,'226','1','2012-09-01','50:00',8.33,89,0,0);
INSERT INTO `episodes` (id,title,serial_id,story,episode_order,original_air_date,runtime,uk_viewers_mm,appreciation_index,missing,recreated) VALUES (793,'Dinosaurs on a Spaceship',250,'227','1','2012-09-08','45:00',7.57,87,0,0);
INSERT INTO `episodes` (id,title,serial_id,story,episode_order,original_air_date,runtime,uk_viewers_mm,appreciation_index,missing,recreated) VALUES (794,'A Town Called Mercy',251,'228','1','2012-09-15','45:00',8.42,85,0,0);
INSERT INTO `episodes` (id,title,serial_id,story,episode_order,original_air_date,runtime,uk_viewers_mm,appreciation_index,missing,recreated) VALUES (795,'The Power of Three',252,'229','1','2012-09-22','45:00',7.67,87,0,0);
INSERT INTO `episodes` (id,title,serial_id,story,episode_order,original_air_date,runtime,uk_viewers_mm,appreciation_index,missing,recreated) VALUES (796,'The Angels Take Manhattan',253,'230','1','2012-09-29','45:00',7.82,88,0,0);
INSERT INTO `episodes` (id,title,serial_id,story,episode_order,original_air_date,runtime,uk_viewers_mm,appreciation_index,missing,recreated) VALUES (797,'The Snowmen',254,'231','1','2012-12-25','60:00',9.87,87,0,0);
INSERT INTO `episodes` (id,title,serial_id,story,episode_order,original_air_date,runtime,uk_viewers_mm,appreciation_index,missing,recreated) VALUES (798,'The Bells of Saint John',255,'232','1','2013-03-30','45:00',8.44,87,0,0);
INSERT INTO `episodes` (id,title,serial_id,story,episode_order,original_air_date,runtime,uk_viewers_mm,appreciation_index,missing,recreated) VALUES (799,'The Rings of Akhaten',256,'233','1','2013-04-06','45:00',7.45,84,0,0);
INSERT INTO `episodes` (id,title,serial_id,story,episode_order,original_air_date,runtime,uk_viewers_mm,appreciation_index,missing,recreated) VALUES (800,'Cold War',257,'234','1','2013-04-13','45:00',7.37,84,0,0);
INSERT INTO `episodes` (id,title,serial_id,story,episode_order,original_air_date,runtime,uk_viewers_mm,appreciation_index,missing,recreated) VALUES (801,'Hide',258,'235','1','2013-04-20','45:00',6.61,85,0,0);
INSERT INTO `episodes` (id,title,serial_id,story,episode_order,original_air_date,runtime,uk_viewers_mm,appreciation_index,missing,recreated) VALUES (802,'Journey to the Centre of the TARDIS',259,'236','1','2013-04-27','45:00',6.5,85,0,0);
INSERT INTO `episodes` (id,title,serial_id,story,episode_order,original_air_date,runtime,uk_viewers_mm,appreciation_index,missing,recreated) VALUES (803,'The Crimson Horror',260,'237','1','2013-05-04','45:00',6.47,85,0,0);
INSERT INTO `episodes` (id,title,serial_id,story,episode_order,original_air_date,runtime,uk_viewers_mm,appreciation_index,missing,recreated) VALUES (804,'Nightmare in Silver',261,'238','1','2013-05-11','45:00',6.64,84,0,0);
INSERT INTO `episodes` (id,title,serial_id,story,episode_order,original_air_date,runtime,uk_viewers_mm,appreciation_index,missing,recreated) VALUES (805,'The Name of the Doctor',262,'239','1','2013-05-18','45:00',7.45,88,0,0);
INSERT INTO `episodes` (id,title,serial_id,story,episode_order,original_air_date,runtime,uk_viewers_mm,appreciation_index,missing,recreated) VALUES (806,'The Day of the Doctor',263,'240','1','2013-11-23','77:00',12.8,88,0,0);
INSERT INTO `episodes` (id,title,serial_id,story,episode_order,original_air_date,runtime,uk_viewers_mm,appreciation_index,missing,recreated) VALUES (807,'The Time of the Doctor',264,'241','1','2013-12-25','60:00',11.14,83,0,0);
INSERT INTO `episodes` (id,title,serial_id,story,episode_order,original_air_date,runtime,uk_viewers_mm,appreciation_index,missing,recreated) VALUES (808,'Deep Breath',265,'242','1','2014-08-23','76:00',9.17,82,0,0);
INSERT INTO `episodes` (id,title,serial_id,story,episode_order,original_air_date,runtime,uk_viewers_mm,appreciation_index,missing,recreated) VALUES (809,'Into the Dalek',266,'243','1','2014-08-30','45:00',7.29,84,0,0);
INSERT INTO `episodes` (id,title,serial_id,story,episode_order,original_air_date,runtime,uk_viewers_mm,appreciation_index,missing,recreated) VALUES (810,'Robot of Sherwood',267,'244','1','2014-09-06','45:00',7.28,82,0,0);
INSERT INTO `episodes` (id,title,serial_id,story,episode_order,original_air_date,runtime,uk_viewers_mm,appreciation_index,missing,recreated) VALUES (811,'Listen',268,'245','1','2014-09-13','45:00',7.01,82,0,0);
INSERT INTO `episodes` (id,title,serial_id,story,episode_order,original_air_date,runtime,uk_viewers_mm,appreciation_index,missing,recreated) VALUES (812,'Time Heist',269,'246','1','2014-09-20','45:00',6.99,84,0,0);
INSERT INTO `episodes` (id,title,serial_id,story,episode_order,original_air_date,runtime,uk_viewers_mm,appreciation_index,missing,recreated) VALUES (813,'The Caretaker',270,'247','1','2014-09-27','45:00',6.82,83,0,0);
INSERT INTO `episodes` (id,title,serial_id,story,episode_order,original_air_date,runtime,uk_viewers_mm,appreciation_index,missing,recreated) VALUES (814,'Kill the Moon',271,'248','1','2014-10-04','45:00',6.91,82,0,0);
INSERT INTO `episodes` (id,title,serial_id,story,episode_order,original_air_date,runtime,uk_viewers_mm,appreciation_index,missing,recreated) VALUES (815,'Mummy on the Orient Express',272,'249','1','2014-10-11','45:00',7.11,85,0,0);
INSERT INTO `episodes` (id,title,serial_id,story,episode_order,original_air_date,runtime,uk_viewers_mm,appreciation_index,missing,recreated) VALUES (816,'Flatline',273,'250','1','2014-10-18','45:00',6.71,85,0,0);
INSERT INTO `episodes` (id,title,serial_id,story,episode_order,original_air_date,runtime,uk_viewers_mm,appreciation_index,missing,recreated) VALUES (817,'In the Forest of the Night',274,'251','1','2014-10-25','45:00',6.92,83,0,0);
INSERT INTO `episodes` (id,title,serial_id,story,episode_order,original_air_date,runtime,uk_viewers_mm,appreciation_index,missing,recreated) VALUES (818,'Dark Water',275,'252a','1','2014-11-01','45:00',7.34,85,0,0);
INSERT INTO `episodes` (id,title,serial_id,story,episode_order,original_air_date,runtime,uk_viewers_mm,appreciation_index,missing,recreated) VALUES (819,'Death in Heaven',276,'252b','2','2014-11-08','60:00',7.6,83,0,0);
INSERT INTO `episodes` (id,title,serial_id,story,episode_order,original_air_date,runtime,uk_viewers_mm,appreciation_index,missing,recreated) VALUES (820,'Last Christmas',277,'253','1','2014-12-25','60:00',8.28,82,0,0);
INSERT INTO `episodes` (id,title,serial_id,story,episode_order,original_air_date,runtime,uk_viewers_mm,appreciation_index,missing,recreated) VALUES (821,'The Magician''s Apprentice',278,'254a','1','2015-09-19','50:00',6.54,84,0,0);
INSERT INTO `episodes` (id,title,serial_id,story,episode_order,original_air_date,runtime,uk_viewers_mm,appreciation_index,missing,recreated) VALUES (822,'The Witch''s Familiar',279,'254b','2','2015-09-26','50:00',5.71,83,0,0);
INSERT INTO `episodes` (id,title,serial_id,story,episode_order,original_air_date,runtime,uk_viewers_mm,appreciation_index,missing,recreated) VALUES (823,'Under the Lake',280,'255a','1','2015-10-03','45:00',5.63,84,0,0);
INSERT INTO `episodes` (id,title,serial_id,story,episode_order,original_air_date,runtime,uk_viewers_mm,appreciation_index,missing,recreated) VALUES (824,'Before the Flood',281,'255b','2','2015-10-10','42:00',6.05,83,0,0);
INSERT INTO `episodes` (id,title,serial_id,story,episode_order,original_air_date,runtime,uk_viewers_mm,appreciation_index,missing,recreated) VALUES (825,'The Girl Who Died',282,'256','1','2015-10-17','45:00',6.56,82,0,0);
INSERT INTO `episodes` (id,title,serial_id,story,episode_order,original_air_date,runtime,uk_viewers_mm,appreciation_index,missing,recreated) VALUES (826,'The Woman Who Lived',283,'257','1','2015-10-24','45:00',6.11,81,0,0);
INSERT INTO `episodes` (id,title,serial_id,story,episode_order,original_air_date,runtime,uk_viewers_mm,appreciation_index,missing,recreated) VALUES (827,'The Zygon Invasion',284,'258a','1','2015-10-31','45:00',5.76,82,0,0);
INSERT INTO `episodes` (id,title,serial_id,story,episode_order,original_air_date,runtime,uk_viewers_mm,appreciation_index,missing,recreated) VALUES (828,'The Zygon Inversion',285,'258b','2','2015-11-07','45:00',6.03,84,0,0);
INSERT INTO `episodes` (id,title,serial_id,story,episode_order,original_air_date,runtime,uk_viewers_mm,appreciation_index,missing,recreated) VALUES (829,'Sleep No More',286,'259','1','2015-11-14','45:00',5.61,78,0,0);
INSERT INTO `episodes` (id,title,serial_id,story,episode_order,original_air_date,runtime,uk_viewers_mm,appreciation_index,missing,recreated) VALUES (830,'Face the Raven',287,'260','1','2015-11-21','50:00',6.05,84,0,0);
INSERT INTO `episodes` (id,title,serial_id,story,episode_order,original_air_date,runtime,uk_viewers_mm,appreciation_index,missing,recreated) VALUES (831,'Heaven Sent',288,'261','1','2015-11-28','55:00',6.19,80,0,0);
INSERT INTO `episodes` (id,title,serial_id,story,episode_order,original_air_date,runtime,uk_viewers_mm,appreciation_index,missing,recreated) VALUES (832,'Hell Bent',289,'262','1','2015-12-05','60:00',6.17,82,0,0);
INSERT INTO `episodes` (id,title,serial_id,story,episode_order,original_air_date,runtime,uk_viewers_mm,appreciation_index,missing,recreated) VALUES (833,'The Husbands of River Song',290,'263','1','2015-12-25','60:00',7.69,82,0,0);
INSERT INTO `episodes` (id,title,serial_id,story,episode_order,original_air_date,runtime,uk_viewers_mm,appreciation_index,missing,recreated) VALUES (834,'The Return of Doctor Mysterio',291,'264','1','2016-12-25','60:00',7.83,82,0,0);
INSERT INTO `episodes` (id,title,serial_id,story,episode_order,original_air_date,runtime,uk_viewers_mm,appreciation_index,missing,recreated) VALUES (835,'Dr. Who and the Daleks',292,NULL,'1','1965-08-23','82:00',NULL,NULL,0,0);
INSERT INTO `episodes` (id,title,serial_id,story,episode_order,original_air_date,runtime,uk_viewers_mm,appreciation_index,missing,recreated) VALUES (836,'Daleks -- Invasion Earth: 2150 A.D.',293,NULL,'1','1966-08-05','84:00',NULL,NULL,0,0);
INSERT INTO `episodes` (id,title,serial_id,story,episode_order,original_air_date,runtime,uk_viewers_mm,appreciation_index,missing,recreated) VALUES (837,'The Pilot',294,'265','1','2017-04-15','50:00',6.68,83,0,0);
INSERT INTO `episodes` (id,title,serial_id,story,episode_order,original_air_date,runtime,uk_viewers_mm,appreciation_index,missing,recreated) VALUES (838,'Smile',295,'266','1','2017-04-22','45:00',5.97,83,0,0);
INSERT INTO `episodes` (id,title,serial_id,story,episode_order,original_air_date,runtime,uk_viewers_mm,appreciation_index,missing,recreated) VALUES (839,'Thin Ice',296,'267','1','2017-04-29','45:00',5.61,84,0,0);
INSERT INTO `episodes` (id,title,serial_id,story,episode_order,original_air_date,runtime,uk_viewers_mm,appreciation_index,missing,recreated) VALUES (840,'Knock Knock',297,'268','1','2017-05-06','44:00',5.73,83,0,0);
INSERT INTO `episodes` (id,title,serial_id,story,episode_order,original_air_date,runtime,uk_viewers_mm,appreciation_index,missing,recreated) VALUES (841,'Oxygen',298,'269','1','2017-05-13','45:00',5.27,83,0,0);
INSERT INTO `episodes` (id,title,serial_id,story,episode_order,original_air_date,runtime,uk_viewers_mm,appreciation_index,missing,recreated) VALUES (842,'Extremis',299,'270','1','2017-05-20','49:00',5.53,82,0,0);
INSERT INTO `episodes` (id,title,serial_id,story,episode_order,original_air_date,runtime,uk_viewers_mm,appreciation_index,missing,recreated) VALUES (843,'The Pyramid at the End of the World',300,'271','1','2017-05-27','46:00',5.79,82,0,0);
INSERT INTO `episodes` (id,title,serial_id,story,episode_order,original_air_date,runtime,uk_viewers_mm,appreciation_index,missing,recreated) VALUES (844,'The Lie of the Land',301,'272','1','2017-06-03','45:00',4.82,82,0,0);
INSERT INTO `episodes` (id,title,serial_id,story,episode_order,original_air_date,runtime,uk_viewers_mm,appreciation_index,missing,recreated) VALUES (845,'Empress of Mars',302,'273','1','2017-06-10','44:00',5.02,83,0,0);
INSERT INTO `episodes` (id,title,serial_id,story,episode_order,original_air_date,runtime,uk_viewers_mm,appreciation_index,missing,recreated) VALUES (846,'The Eaters of Light',303,'274','1','2017-06-17','42:00',4.73,81,0,0);
INSERT INTO `episodes` (id,title,serial_id,story,episode_order,original_air_date,runtime,uk_viewers_mm,appreciation_index,missing,recreated) VALUES (847,'World Enough and Time',304,'275a','1','2017-06-24','45:00',5,85,0,0);
INSERT INTO `episodes` (id,title,serial_id,story,episode_order,original_air_date,runtime,uk_viewers_mm,appreciation_index,missing,recreated) VALUES (848,'The Doctor Falls',305,'275b','2','2017-07-01','60:00',5.3,83,0,0);
INSERT INTO `episodes` (id,title,serial_id,story,episode_order,original_air_date,runtime,uk_viewers_mm,appreciation_index,missing,recreated) VALUES (849,'Twice Upon a Time',306,'276','1','2017-12-25','60:00',7.92,81,0,0);
INSERT INTO `episodes` (id,title,serial_id,story,episode_order,original_air_date,runtime,uk_viewers_mm,appreciation_index,missing,recreated) VALUES (850,'The Woman Who Fell to Earth',307,'277','1','2018-10-07','64:00',10.96,83,0,0);
INSERT INTO `episodes` (id,title,serial_id,story,episode_order,original_air_date,runtime,uk_viewers_mm,appreciation_index,missing,recreated) VALUES (851,'The Ghost Monument',308,'278','1','2018-10-14','49:00',9,82,0,0);
INSERT INTO `episodes` (id,title,serial_id,story,episode_order,original_air_date,runtime,uk_viewers_mm,appreciation_index,missing,recreated) VALUES (852,'Rosa',309,'279','1','2018-10-21','50:00',8.41,83,0,0);
INSERT INTO `episodes` (id,title,serial_id,story,episode_order,original_air_date,runtime,uk_viewers_mm,appreciation_index,missing,recreated) VALUES (853,'Arachnids in the UK',310,'280','1','2018-10-28','49:00',8.22,83,0,0);
INSERT INTO `episodes` (id,title,serial_id,story,episode_order,original_air_date,runtime,uk_viewers_mm,appreciation_index,missing,recreated) VALUES (854,'The Tsuranga Conundrum',311,'281','1','2018-11-04','51:00',7.76,79,0,0);
INSERT INTO `episodes` (id,title,serial_id,story,episode_order,original_air_date,runtime,uk_viewers_mm,appreciation_index,missing,recreated) VALUES (855,'Demons of the Punjab',312,'282','1','2018-11-11','50:00',7.48,80,0,0);
INSERT INTO `episodes` (id,title,serial_id,story,episode_order,original_air_date,runtime,uk_viewers_mm,appreciation_index,missing,recreated) VALUES (856,'Kerblam!',313,'283','1','2018-11-18','49:00',7.46,81,0,0);
INSERT INTO `episodes` (id,title,serial_id,story,episode_order,original_air_date,runtime,uk_viewers_mm,appreciation_index,missing,recreated) VALUES (857,'The Witchfinders',314,'284','1','2018-11-25','47:00',7.21,81,0,0);
INSERT INTO `episodes` (id,title,serial_id,story,episode_order,original_air_date,runtime,uk_viewers_mm,appreciation_index,missing,recreated) VALUES (858,'It Takes You Away',315,'285','1','2018-12-02','49:00',6.42,80,0,0);
INSERT INTO `episodes` (id,title,serial_id,story,episode_order,original_air_date,runtime,uk_viewers_mm,appreciation_index,missing,recreated) VALUES (859,'The Battle of Ranskoor Av Kolos',316,'286','1','2018-12-09','50:00',6.65,79,0,0);
INSERT INTO `episodes` (id,title,serial_id,story,episode_order,original_air_date,runtime,uk_viewers_mm,appreciation_index,missing,recreated) VALUES (860,'Resolution',317,'287','1','2019-01-01','60:00',7.13,80,0,0);
CREATE TABLE IF NOT EXISTS `doctors` (
	`id`	int ( 11 ) NOT NULL,
	`incarnation`	text NOT NULL,
	`primary_actor`	int ( 11 ) NOT NULL,
	PRIMARY KEY(`id`),
	FOREIGN KEY(`primary_actor`) REFERENCES `actors`(`id`) ON DELETE RESTRICT ON UPDATE RESTRICT
);
INSERT INTO `doctors` (id,incarnation,primary_actor) VALUES (1,'First Doctor',1);
INSERT INTO `doctors` (id,incarnation,primary_actor) VALUES (2,'Second Doctor',2);
INSERT INTO `doctors` (id,incarnation,primary_actor) VALUES (3,'Third Doctor',3);
INSERT INTO `doctors` (id,incarnation,primary_actor) VALUES (4,'Fourth Doctor',4);
INSERT INTO `doctors` (id,incarnation,primary_actor) VALUES (5,'Fifth Doctor',5);
INSERT INTO `doctors` (id,incarnation,primary_actor) VALUES (6,'Sixth Doctor',6);
INSERT INTO `doctors` (id,incarnation,primary_actor) VALUES (7,'Seventh Doctor',7);
INSERT INTO `doctors` (id,incarnation,primary_actor) VALUES (8,'Eighth Doctor',8);
INSERT INTO `doctors` (id,incarnation,primary_actor) VALUES (9,'War Doctor',9);
INSERT INTO `doctors` (id,incarnation,primary_actor) VALUES (10,'Ninth Doctor',10);
INSERT INTO `doctors` (id,incarnation,primary_actor) VALUES (11,'Tenth Doctor',11);
INSERT INTO `doctors` (id,incarnation,primary_actor) VALUES (12,'Eleventh Doctor',12);
INSERT INTO `doctors` (id,incarnation,primary_actor) VALUES (13,'Twelfth Doctor',13);
INSERT INTO `doctors` (id,incarnation,primary_actor) VALUES (14,'Dr. Who',14);
INSERT INTO `doctors` (id,incarnation,primary_actor) VALUES (15,'Thirteenth Doctor',15);
CREATE TABLE IF NOT EXISTS `directors` (
	`id`	int ( 11 ) NOT NULL,
	`name`	text NOT NULL,
	PRIMARY KEY(`id`)
);
INSERT INTO `directors` (id,name) VALUES (1,'Adam Smith');
INSERT INTO `directors` (id,name) VALUES (2,'Alan Bromly');
INSERT INTO `directors` (id,name) VALUES (3,'Alan Wareing');
INSERT INTO `directors` (id,name) VALUES (4,'Alice Troughton');
INSERT INTO `directors` (id,name) VALUES (5,'Andrew Gunn');
INSERT INTO `directors` (id,name) VALUES (6,'Andrew Morgan');
INSERT INTO `directors` (id,name) VALUES (7,'Andy Goddard');
INSERT INTO `directors` (id,name) VALUES (8,'Ashley Way');
INSERT INTO `directors` (id,name) VALUES (9,'Barry Letts');
INSERT INTO `directors` (id,name) VALUES (10,'Ben Wheatley');
INSERT INTO `directors` (id,name) VALUES (11,'Bill Sellars');
INSERT INTO `directors` (id,name) VALUES (12,'Brian Grant');
INSERT INTO `directors` (id,name) VALUES (13,'Catherine Morshead');
INSERT INTO `directors` (id,name) VALUES (14,'Charles Palmer');
INSERT INTO `directors` (id,name) VALUES (15,'Chris Clough');
INSERT INTO `directors` (id,name) VALUES (16,'Christopher Barry');
INSERT INTO `directors` (id,name) VALUES (17,'Colin Teague');
INSERT INTO `directors` (id,name) VALUES (18,'Colm McCarthy');
INSERT INTO `directors` (id,name) VALUES (19,'Dan Zeff');
INSERT INTO `directors` (id,name) VALUES (20,'Daniel Nettheim');
INSERT INTO `directors` (id,name) VALUES (21,'Daniel O''Hara');
INSERT INTO `directors` (id,name) VALUES (22,'Darrol Blake');
INSERT INTO `directors` (id,name) VALUES (23,'David Maloney');
INSERT INTO `directors` (id,name) VALUES (24,'Derek Martinus');
INSERT INTO `directors` (id,name) VALUES (25,'Derrick Goodwin');
INSERT INTO `directors` (id,name) VALUES (26,'Douglas Camfield');
INSERT INTO `directors` (id,name) VALUES (27,'Douglas Mackinnon');
INSERT INTO `directors` (id,name) VALUES (28,'Ed Bazalgette');
INSERT INTO `directors` (id,name) VALUES (29,'Euros Lyn');
INSERT INTO `directors` (id,name) VALUES (30,'Farren Blackburn');
INSERT INTO `directors` (id,name) VALUES (31,'Fiona Cumming');
INSERT INTO `directors` (id,name) VALUES (32,'Frank Cox');
INSERT INTO `directors` (id,name) VALUES (33,'Geoffrey Sax');
INSERT INTO `directors` (id,name) VALUES (34,'George Spenton-Foster');
INSERT INTO `directors` (id,name) VALUES (35,'Gerald Blake');
INSERT INTO `directors` (id,name) VALUES (36,'Gerry Mill');
INSERT INTO `directors` (id,name) VALUES (37,'Gordon Flemyng');
INSERT INTO `directors` (id,name) VALUES (38,'Graeme Harper');
INSERT INTO `directors` (id,name) VALUES (39,'Henric Hirsch');
INSERT INTO `directors` (id,name) VALUES (40,'Hettie MacDonald');
INSERT INTO `directors` (id,name) VALUES (41,'Hugh David');
INSERT INTO `directors` (id,name) VALUES (42,'James Hawes');
INSERT INTO `directors` (id,name) VALUES (43,'James Strong');
INSERT INTO `directors` (id,name) VALUES (44,'Jamie Payne');
INSERT INTO `directors` (id,name) VALUES (45,'Jeremy Webb');
INSERT INTO `directors` (id,name) VALUES (46,'Joe Ahearne');
INSERT INTO `directors` (id,name) VALUES (47,'John Black');
INSERT INTO `directors` (id,name) VALUES (48,'John Crockett');
INSERT INTO `directors` (id,name) VALUES (49,'John Davies');
INSERT INTO `directors` (id,name) VALUES (50,'John Gorrie');
INSERT INTO `directors` (id,name) VALUES (51,'Jonny Campbell');
INSERT INTO `directors` (id,name) VALUES (52,'Julia Smith');
INSERT INTO `directors` (id,name) VALUES (53,'Julian Simpson');
INSERT INTO `directors` (id,name) VALUES (54,'Justin Molotnikov');
INSERT INTO `directors` (id,name) VALUES (55,'Keith Boak');
INSERT INTO `directors` (id,name) VALUES (56,'Ken Grieve');
INSERT INTO `directors` (id,name) VALUES (57,'Kenny McBain');
INSERT INTO `directors` (id,name) VALUES (58,'Lennie Mayne');
INSERT INTO `directors` (id,name) VALUES (59,'Lovett Bickford');
INSERT INTO `directors` (id,name) VALUES (60,'Marvyn Pinfield');
INSERT INTO `directors` (id,name) VALUES (61,'Mary Ridge');
INSERT INTO `directors` (id,name) VALUES (62,'Mat King');
INSERT INTO `directors` (id,name) VALUES (63,'Matthew Robinson');
INSERT INTO `directors` (id,name) VALUES (64,'Mervyn Pinfield');
INSERT INTO `directors` (id,name) VALUES (65,'Michael E. Briant');
INSERT INTO `directors` (id,name) VALUES (66,'Michael Ferguson');
INSERT INTO `directors` (id,name) VALUES (67,'Michael Hart');
INSERT INTO `directors` (id,name) VALUES (68,'Michael Hayes');
INSERT INTO `directors` (id,name) VALUES (69,'Michael Imison');
INSERT INTO `directors` (id,name) VALUES (70,'Michael Kerrigan');
INSERT INTO `directors` (id,name) VALUES (71,'Michael Leeston-Smith');
INSERT INTO `directors` (id,name) VALUES (72,'Michael Owen Morris');
INSERT INTO `directors` (id,name) VALUES (73,'Morris Barry');
INSERT INTO `directors` (id,name) VALUES (74,'Nicholas Mallett');
INSERT INTO `directors` (id,name) VALUES (75,'Nick Hurran');
INSERT INTO `directors` (id,name) VALUES (76,'Norman Stewart');
INSERT INTO `directors` (id,name) VALUES (77,'Paddy Russell');
INSERT INTO `directors` (id,name) VALUES (78,'Paul Bernard');
INSERT INTO `directors` (id,name) VALUES (79,'Paul Joyce');
INSERT INTO `directors` (id,name) VALUES (80,'Paul Murphy');
INSERT INTO `directors` (id,name) VALUES (81,'Paul Wilmshurst');
INSERT INTO `directors` (id,name) VALUES (82,'Pennant Roberts');
INSERT INTO `directors` (id,name) VALUES (83,'Peter Grimwade');
INSERT INTO `directors` (id,name) VALUES (84,'Peter Hoar');
INSERT INTO `directors` (id,name) VALUES (85,'Peter Moffatt');
INSERT INTO `directors` (id,name) VALUES (86,'Rachel Talalay');
INSERT INTO `directors` (id,name) VALUES (87,'Rex Tucker');
INSERT INTO `directors` (id,name) VALUES (88,'Richard Clark');
INSERT INTO `directors` (id,name) VALUES (89,'Richard Martin');
INSERT INTO `directors` (id,name) VALUES (90,'Richard Senior');
INSERT INTO `directors` (id,name) VALUES (91,'Rodney Bennett');
INSERT INTO `directors` (id,name) VALUES (92,'Ron Jones');
INSERT INTO `directors` (id,name) VALUES (93,'Sarah Hellings');
INSERT INTO `directors` (id,name) VALUES (94,'Saul Metzstein');
INSERT INTO `directors` (id,name) VALUES (95,'Sheree Folkson');
INSERT INTO `directors` (id,name) VALUES (96,'Stephen Woolfenden');
INSERT INTO `directors` (id,name) VALUES (97,'Steve Hughes');
INSERT INTO `directors` (id,name) VALUES (98,'Terency Dudley');
INSERT INTO `directors` (id,name) VALUES (99,'Timothy Combe');
INSERT INTO `directors` (id,name) VALUES (100,'Toby Haynes');
INSERT INTO `directors` (id,name) VALUES (101,'Tony Virgo');
INSERT INTO `directors` (id,name) VALUES (102,'Tristan DeVere Cole');
INSERT INTO `directors` (id,name) VALUES (103,'Warris Hussein');
INSERT INTO `directors` (id,name) VALUES (104,'Lawrence Gough');
INSERT INTO `directors` (id,name) VALUES (105,'Bill Anderson');
INSERT INTO `directors` (id,name) VALUES (106,'Charles Palmer');
INSERT INTO `directors` (id,name) VALUES (107,'Wayne Yip');
INSERT INTO `directors` (id,name) VALUES (108,'Jamie Childs');
INSERT INTO `directors` (id,name) VALUES (109,'Mark Tonderai');
INSERT INTO `directors` (id,name) VALUES (110,'Sallie Aprahamian');
INSERT INTO `directors` (id,name) VALUES (111,'Jennifer Perrott');
CREATE TABLE IF NOT EXISTS `companions` (
	`id`	INTEGER NOT NULL,
	`name`	TEXT,
	`actor`	INTEGER,
	PRIMARY KEY(`id`),
	FOREIGN KEY(`actor`) REFERENCES `actors`(`id`) ON DELETE RESTRICT ON UPDATE RESTRICT
);
INSERT INTO `companions` (id,name,actor) VALUES (1,'Susan Foreman',16);
INSERT INTO `companions` (id,name,actor) VALUES (2,'Barbara Wright',17);
INSERT INTO `companions` (id,name,actor) VALUES (3,'Ian Chesterton',18);
INSERT INTO `companions` (id,name,actor) VALUES (4,'Vicki Pallister',19);
INSERT INTO `companions` (id,name,actor) VALUES (5,'Steven Taylor',20);
INSERT INTO `companions` (id,name,actor) VALUES (6,'Katarina',21);
INSERT INTO `companions` (id,name,actor) VALUES (7,'Sara Kingdom',22);
INSERT INTO `companions` (id,name,actor) VALUES (8,'Dodo Chaplet',23);
INSERT INTO `companions` (id,name,actor) VALUES (9,'Polly Wright',24);
INSERT INTO `companions` (id,name,actor) VALUES (10,'Ben Jackson',25);
INSERT INTO `companions` (id,name,actor) VALUES (11,'Jamie McCrimmon',26);
INSERT INTO `companions` (id,name,actor) VALUES (12,'Victoria Waterfield',27);
INSERT INTO `companions` (id,name,actor) VALUES (13,'Zoe Heriot',28);
INSERT INTO `companions` (id,name,actor) VALUES (14,'Liz Shaw',29);
INSERT INTO `companions` (id,name,actor) VALUES (15,'Jo Grant',30);
INSERT INTO `companions` (id,name,actor) VALUES (16,'Sarah Jane Smith',31);
INSERT INTO `companions` (id,name,actor) VALUES (17,'Harry Sullivan',32);
INSERT INTO `companions` (id,name,actor) VALUES (18,'Leela',33);
INSERT INTO `companions` (id,name,actor) VALUES (19,'K9',34);
INSERT INTO `companions` (id,name,actor) VALUES (20,'Romana I',35);
INSERT INTO `companions` (id,name,actor) VALUES (21,'Romana II',36);
INSERT INTO `companions` (id,name,actor) VALUES (22,'Adric',37);
INSERT INTO `companions` (id,name,actor) VALUES (23,'Tegan Jovanka',38);
INSERT INTO `companions` (id,name,actor) VALUES (24,'Nyssa of Traken',39);
INSERT INTO `companions` (id,name,actor) VALUES (25,'Vislor Turlough',40);
INSERT INTO `companions` (id,name,actor) VALUES (26,'Kamelion',41);
INSERT INTO `companions` (id,name,actor) VALUES (27,'Perpugilliam "Peri" Brown',42);
INSERT INTO `companions` (id,name,actor) VALUES (28,'Melanie Bush',43);
INSERT INTO `companions` (id,name,actor) VALUES (29,'Dorothy Gale "Ace" McShane',44);
INSERT INTO `companions` (id,name,actor) VALUES (30,'Grace Holloway',45);
INSERT INTO `companions` (id,name,actor) VALUES (31,'Rose Tyler',46);
INSERT INTO `companions` (id,name,actor) VALUES (32,'Adam Mitchell',47);
INSERT INTO `companions` (id,name,actor) VALUES (33,'Jack Harkness',48);
INSERT INTO `companions` (id,name,actor) VALUES (34,'Mickey Smith',49);
INSERT INTO `companions` (id,name,actor) VALUES (35,'Donna Noble',50);
INSERT INTO `companions` (id,name,actor) VALUES (36,'Martha Jones',51);
INSERT INTO `companions` (id,name,actor) VALUES (37,'Wilfred Mott',53);
INSERT INTO `companions` (id,name,actor) VALUES (38,'Amy Pond',54);
INSERT INTO `companions` (id,name,actor) VALUES (40,'River Song',56);
INSERT INTO `companions` (id,name,actor) VALUES (41,'Clara Oswald',58);
INSERT INTO `companions` (id,name,actor) VALUES (42,'Bill Potts',62);
INSERT INTO `companions` (id,name,actor) VALUES (43,'Nardole',63);
INSERT INTO `companions` (id,name,actor) VALUES (49,'Rory Williams',55);
CREATE TABLE IF NOT EXISTS `actors` (
	`id`	int ( 11 ) NOT NULL,
	`name`	text NOT NULL,
	`gender`	TEXT,
	PRIMARY KEY(`id`)
);
INSERT INTO `actors` (id,name,gender) VALUES (1,'William Hartnell','male');
INSERT INTO `actors` (id,name,gender) VALUES (2,'Patrick Troughton','male');
INSERT INTO `actors` (id,name,gender) VALUES (3,'Jon Pertwee','male');
INSERT INTO `actors` (id,name,gender) VALUES (4,'Tom Baker','male');
INSERT INTO `actors` (id,name,gender) VALUES (5,'Peter Davison','male');
INSERT INTO `actors` (id,name,gender) VALUES (6,'Colin Baker','male');
INSERT INTO `actors` (id,name,gender) VALUES (7,'Sylvester McCoy','male');
INSERT INTO `actors` (id,name,gender) VALUES (8,'Paul McGann','male');
INSERT INTO `actors` (id,name,gender) VALUES (9,'John Hurt','male');
INSERT INTO `actors` (id,name,gender) VALUES (10,'Chris Eccleston','male');
INSERT INTO `actors` (id,name,gender) VALUES (11,'David Tennant','male');
INSERT INTO `actors` (id,name,gender) VALUES (12,'Matt Smith','male');
INSERT INTO `actors` (id,name,gender) VALUES (13,'Peter Capaldi','male');
INSERT INTO `actors` (id,name,gender) VALUES (14,'Peter Cushing','male');
INSERT INTO `actors` (id,name,gender) VALUES (15,'Jodie Whittaker','female');
INSERT INTO `actors` (id,name,gender) VALUES (16,'Carole Ann Ford','female');
INSERT INTO `actors` (id,name,gender) VALUES (17,'Jacqueline Hill','female');
INSERT INTO `actors` (id,name,gender) VALUES (18,'William Russell','male');
INSERT INTO `actors` (id,name,gender) VALUES (19,'Maureen O''Brien','female');
INSERT INTO `actors` (id,name,gender) VALUES (20,'Peter Purves','male');
INSERT INTO `actors` (id,name,gender) VALUES (21,'Adrienne Hill','female');
INSERT INTO `actors` (id,name,gender) VALUES (22,'Jean Marsh','female');
INSERT INTO `actors` (id,name,gender) VALUES (23,'Jackie Lane','female');
INSERT INTO `actors` (id,name,gender) VALUES (24,'Anneke Wills','female');
INSERT INTO `actors` (id,name,gender) VALUES (25,'Michael Craze','male');
INSERT INTO `actors` (id,name,gender) VALUES (26,'Frazer Hines','male');
INSERT INTO `actors` (id,name,gender) VALUES (27,'Deborah Watling','female');
INSERT INTO `actors` (id,name,gender) VALUES (28,'Wendy Padbury','female');
INSERT INTO `actors` (id,name,gender) VALUES (29,'Caroline John','female');
INSERT INTO `actors` (id,name,gender) VALUES (30,'Katy Manning','female');
INSERT INTO `actors` (id,name,gender) VALUES (31,'Elisabeth Sladen','female');
INSERT INTO `actors` (id,name,gender) VALUES (32,'Ian Marter','male');
INSERT INTO `actors` (id,name,gender) VALUES (33,'Louise Jameson','female');
INSERT INTO `actors` (id,name,gender) VALUES (34,'John Leeson','male');
INSERT INTO `actors` (id,name,gender) VALUES (35,'Mary Tamm','female');
INSERT INTO `actors` (id,name,gender) VALUES (36,'Lalla Ward','female');
INSERT INTO `actors` (id,name,gender) VALUES (37,'Matthew Waterhouse','male');
INSERT INTO `actors` (id,name,gender) VALUES (38,'Janet Fielding','female');
INSERT INTO `actors` (id,name,gender) VALUES (39,'Sarah Sutton','female');
INSERT INTO `actors` (id,name,gender) VALUES (40,'Mark Strickson','male');
INSERT INTO `actors` (id,name,gender) VALUES (41,'Gerald Flood','male');
INSERT INTO `actors` (id,name,gender) VALUES (42,'Nicola Bryant','female');
INSERT INTO `actors` (id,name,gender) VALUES (43,'Bonnie Langford','female');
INSERT INTO `actors` (id,name,gender) VALUES (44,'Sophie Aldred','female');
INSERT INTO `actors` (id,name,gender) VALUES (45,'Daphne Ashbrook','female');
INSERT INTO `actors` (id,name,gender) VALUES (46,'Billie Piper','female');
INSERT INTO `actors` (id,name,gender) VALUES (47,'Bruno Langley','male');
INSERT INTO `actors` (id,name,gender) VALUES (48,'John Barrowman','male');
INSERT INTO `actors` (id,name,gender) VALUES (49,'Noel Clarke','male');
INSERT INTO `actors` (id,name,gender) VALUES (50,'Catherine Tate','female');
INSERT INTO `actors` (id,name,gender) VALUES (51,'Freema Agyeman','female');
INSERT INTO `actors` (id,name,gender) VALUES (52,'Kylie Minogue','female');
INSERT INTO `actors` (id,name,gender) VALUES (53,'Bernard Cribbins','male');
INSERT INTO `actors` (id,name,gender) VALUES (54,'Karen Gillan','female');
INSERT INTO `actors` (id,name,gender) VALUES (55,'Arthur Darvill','male');
INSERT INTO `actors` (id,name,gender) VALUES (56,'Alex Kingston','female');
INSERT INTO `actors` (id,name,gender) VALUES (57,'James Corden','male');
INSERT INTO `actors` (id,name,gender) VALUES (58,'Jenna Coleman','female');
INSERT INTO `actors` (id,name,gender) VALUES (59,'Neve McIntosh','female');
INSERT INTO `actors` (id,name,gender) VALUES (60,'Catrin Stewart','female');
INSERT INTO `actors` (id,name,gender) VALUES (61,'Dan Starkey','male');
INSERT INTO `actors` (id,name,gender) VALUES (62,'Pearl Mackie','female');
INSERT INTO `actors` (id,name,gender) VALUES (63,'Matt Lucas','male');
COMMIT;
