CREATE TABLE `writers` (
  `id` int(11) PRIMARY KEY NOT NULL,
  `name` text NOT NULL
);
INSERT INTO `writers` (id,name) VALUES (1,'Andrew McCulloch');
INSERT INTO `writers` (id,name) VALUES (2,'Andrew Smith');
INSERT INTO `writers` (id,name) VALUES (3,'Anthony Coburn');
INSERT INTO `writers` (id,name) VALUES (4,'Anthony Read');
INSERT INTO `writers` (id,name) VALUES (5,'Anthony Steven');
INSERT INTO `writers` (id,name) VALUES (6,'Barbara Clegg');
INSERT INTO `writers` (id,name) VALUES (7,'Barry Letts');
INSERT INTO `writers` (id,name) VALUES (8,'Ben Aaronovitch');
INSERT INTO `writers` (id,name) VALUES (9,'Bill Strutton');
INSERT INTO `writers` (id,name) VALUES (10,'Bob Baker');
INSERT INTO `writers` (id,name) VALUES (11,'Brian Hayles');
INSERT INTO `writers` (id,name) VALUES (12,'Catherine Tregenna');
INSERT INTO `writers` (id,name) VALUES (13,'Chris Boucher');
INSERT INTO `writers` (id,name) VALUES (14,'Chris Chibnall');
INSERT INTO `writers` (id,name) VALUES (15,'Christopher Bailey');
INSERT INTO `writers` (id,name) VALUES (16,'Christopher H. Bidmead');
INSERT INTO `writers` (id,name) VALUES (17,'Dave Martin');
INSERT INTO `writers` (id,name) VALUES (18,'David Agnew');
INSERT INTO `writers` (id,name) VALUES (19,'David Ellis');
INSERT INTO `writers` (id,name) VALUES (20,'David Fisher');
INSERT INTO `writers` (id,name) VALUES (21,'David Whitaker');
INSERT INTO `writers` (id,name) VALUES (22,'Dennis Spooner');
INSERT INTO `writers` (id,name) VALUES (23,'Derrick Sherwin');
INSERT INTO `writers` (id,name) VALUES (24,'Don Houghton');
INSERT INTO `writers` (id,name) VALUES (25,'Donald Cotton');
INSERT INTO `writers` (id,name) VALUES (26,'Donald Tosh');
INSERT INTO `writers` (id,name) VALUES (27,'Douglas Adams');
INSERT INTO `writers` (id,name) VALUES (28,'Elwyn Jones');
INSERT INTO `writers` (id,name) VALUES (29,'Eric Pringle');
INSERT INTO `writers` (id,name) VALUES (30,'Eric Saward');
INSERT INTO `writers` (id,name) VALUES (31,'Frank Cottrell-Boyce');
INSERT INTO `writers` (id,name) VALUES (33,'Gareth Roberts');
INSERT INTO `writers` (id,name) VALUES (34,'Geoffrey Orme');
INSERT INTO `writers` (id,name) VALUES (35,'Gerry Davis');
INSERT INTO `writers` (id,name) VALUES (36,'Glen McCoy');
INSERT INTO `writers` (id,name) VALUES (37,'Glyn Jones');
INSERT INTO `writers` (id,name) VALUES (38,'Graeme Curry');
INSERT INTO `writers` (id,name) VALUES (39,'Graham Williams');
INSERT INTO `writers` (id,name) VALUES (40,'Guy Leopold');
INSERT INTO `writers` (id,name) VALUES (41,'Helen Raynor');
INSERT INTO `writers` (id,name) VALUES (42,'Henry Lincoln');
INSERT INTO `writers` (id,name) VALUES (43,'Ian Briggs');
INSERT INTO `writers` (id,name) VALUES (44,'Ian Stuart Black');
INSERT INTO `writers` (id,name) VALUES (45,'James Moran');
INSERT INTO `writers` (id,name) VALUES (46,'Jamie Mathieson');
INSERT INTO `writers` (id,name) VALUES (47,'Jane Baker');
INSERT INTO `writers` (id,name) VALUES (48,'John Flanagan');
INSERT INTO `writers` (id,name) VALUES (49,'John Lucarotti');
INSERT INTO `writers` (id,name) VALUES (50,'Johnny Byrne');
INSERT INTO `writers` (id,name) VALUES (51,'Keith Temple');
INSERT INTO `writers` (id,name) VALUES (52,'Kevin Clarke');
INSERT INTO `writers` (id,name) VALUES (54,'Kit Pedler');
INSERT INTO `writers` (id,name) VALUES (55,'Lesley Scott');
INSERT INTO `writers` (id,name) VALUES (56,'Lewis Greifer');
INSERT INTO `writers` (id,name) VALUES (57,'Louis Marks');
INSERT INTO `writers` (id,name) VALUES (58,'Malcolm Hulke');
INSERT INTO `writers` (id,name) VALUES (59,'Malcolm Kohll');
INSERT INTO `writers` (id,name) VALUES (60,'Marc Platt');
INSERT INTO `writers` (id,name) VALUES (61,'Mark Gatiss');
INSERT INTO `writers` (id,name) VALUES (62,'Matt Jones');
INSERT INTO `writers` (id,name) VALUES (63,'Matthew Graham');
INSERT INTO `writers` (id,name) VALUES (64,'Matthew Jacobs');
INSERT INTO `writers` (id,name) VALUES (65,'Mervyn Haisman');
INSERT INTO `writers` (id,name) VALUES (66,'Milton Subotsky');
INSERT INTO `writers` (id,name) VALUES (67,'Neil Cross');
INSERT INTO `writers` (id,name) VALUES (68,'Neil Gaiman');
INSERT INTO `writers` (id,name) VALUES (69,'Norman Ashby');
INSERT INTO `writers` (id,name) VALUES (70,'Paul Cornell');
INSERT INTO `writers` (id,name) VALUES (71,'Paul Erickson');
INSERT INTO `writers` (id,name) VALUES (72,'Paula Moore');
INSERT INTO `writers` (id,name) VALUES (73,'Peter Grimwade');
INSERT INTO `writers` (id,name) VALUES (74,'Peter Harness');
INSERT INTO `writers` (id,name) VALUES (75,'Peter Ling');
INSERT INTO `writers` (id,name) VALUES (76,'Peter R. Newman');
INSERT INTO `writers` (id,name) VALUES (77,'Phil Ford');
INSERT INTO `writers` (id,name) VALUES (78,'Philip Pip Baker\"hilip Pip\"ili');
INSERT INTO `writers` (id,name) VALUES (79,'Philip Martin');
INSERT INTO `writers` (id,name) VALUES (80,'Richard Curtis');
INSERT INTO `writers` (id,name) VALUES (81,'Robert Banks Stewart');
INSERT INTO `writers` (id,name) VALUES (82,'Robert Holmes');
INSERT INTO `writers` (id,name) VALUES (83,'Robert Shearman');
INSERT INTO `writers` (id,name) VALUES (84,'Robert Sloman');
INSERT INTO `writers` (id,name) VALUES (85,'Robin Bland');
INSERT INTO `writers` (id,name) VALUES (86,'Rona Munro');
INSERT INTO `writers` (id,name) VALUES (87,'Russell T. Davies');
INSERT INTO `writers` (id,name) VALUES (88,'Sarah Dollard');
INSERT INTO `writers` (id,name) VALUES (89,'Simon Nye');
INSERT INTO `writers` (id,name) VALUES (90,'Stephen Gallagher');
INSERT INTO `writers` (id,name) VALUES (91,'Stephen Greenhorn');
INSERT INTO `writers` (id,name) VALUES (92,'Stephen Harris');
INSERT INTO `writers` (id,name) VALUES (93,'Stephen Thompson');
INSERT INTO `writers` (id,name) VALUES (94,'Stephen Wyatt');
INSERT INTO `writers` (id,name) VALUES (95,'Steven Moffat');
INSERT INTO `writers` (id,name) VALUES (96,'Terence Dudley');
INSERT INTO `writers` (id,name) VALUES (97,'Terrance Dicks');
INSERT INTO `writers` (id,name) VALUES (98,'Terry Nation');
INSERT INTO `writers` (id,name) VALUES (99,'Toby Whithouse');
INSERT INTO `writers` (id,name) VALUES (100,'Tom MacRae');
INSERT INTO `writers` (id,name) VALUES (101,'Trevor Ray');
INSERT INTO `writers` (id,name) VALUES (102,'Victor Pemberton');
INSERT INTO `writers` (id,name) VALUES (103,'William Emms');
CREATE TABLE `serials_writers` (
  `serial_id` int(11) NOT NULL,
  `writer_id` int(11) NOT NULL,
  PRIMARY KEY (`serial_id`, `writer_id`)
);
INSERT INTO `serials_writers` (serial_id,writer_id) VALUES (1,3);
INSERT INTO `serials_writers` (serial_id,writer_id) VALUES (2,98);
INSERT INTO `serials_writers` (serial_id,writer_id) VALUES (3,21);
INSERT INTO `serials_writers` (serial_id,writer_id) VALUES (4,49);
INSERT INTO `serials_writers` (serial_id,writer_id) VALUES (5,98);
INSERT INTO `serials_writers` (serial_id,writer_id) VALUES (6,49);
INSERT INTO `serials_writers` (serial_id,writer_id) VALUES (7,76);
INSERT INTO `serials_writers` (serial_id,writer_id) VALUES (8,22);
INSERT INTO `serials_writers` (serial_id,writer_id) VALUES (9,57);
INSERT INTO `serials_writers` (serial_id,writer_id) VALUES (10,98);
INSERT INTO `serials_writers` (serial_id,writer_id) VALUES (11,21);
INSERT INTO `serials_writers` (serial_id,writer_id) VALUES (12,22);
INSERT INTO `serials_writers` (serial_id,writer_id) VALUES (13,9);
INSERT INTO `serials_writers` (serial_id,writer_id) VALUES (14,21);
INSERT INTO `serials_writers` (serial_id,writer_id) VALUES (15,37);
INSERT INTO `serials_writers` (serial_id,writer_id) VALUES (16,98);
INSERT INTO `serials_writers` (serial_id,writer_id) VALUES (17,22);
INSERT INTO `serials_writers` (serial_id,writer_id) VALUES (18,103);
INSERT INTO `serials_writers` (serial_id,writer_id) VALUES (19,98);
INSERT INTO `serials_writers` (serial_id,writer_id) VALUES (20,25);
INSERT INTO `serials_writers` (serial_id,writer_id) VALUES (21,98);
INSERT INTO `serials_writers` (serial_id,writer_id) VALUES (21,22);
INSERT INTO `serials_writers` (serial_id,writer_id) VALUES (22,49);
INSERT INTO `serials_writers` (serial_id,writer_id) VALUES (22,26);
INSERT INTO `serials_writers` (serial_id,writer_id) VALUES (23,71);
INSERT INTO `serials_writers` (serial_id,writer_id) VALUES (23,55);
INSERT INTO `serials_writers` (serial_id,writer_id) VALUES (24,11);
INSERT INTO `serials_writers` (serial_id,writer_id) VALUES (24,26);
INSERT INTO `serials_writers` (serial_id,writer_id) VALUES (25,25);
INSERT INTO `serials_writers` (serial_id,writer_id) VALUES (26,44);
INSERT INTO `serials_writers` (serial_id,writer_id) VALUES (27,44);
INSERT INTO `serials_writers` (serial_id,writer_id) VALUES (27,54);
INSERT INTO `serials_writers` (serial_id,writer_id) VALUES (28,11);
INSERT INTO `serials_writers` (serial_id,writer_id) VALUES (29,54);
INSERT INTO `serials_writers` (serial_id,writer_id) VALUES (29,35);
INSERT INTO `serials_writers` (serial_id,writer_id) VALUES (30,21);
INSERT INTO `serials_writers` (serial_id,writer_id) VALUES (30,22);
INSERT INTO `serials_writers` (serial_id,writer_id) VALUES (31,28);
INSERT INTO `serials_writers` (serial_id,writer_id) VALUES (31,35);
INSERT INTO `serials_writers` (serial_id,writer_id) VALUES (32,34);
INSERT INTO `serials_writers` (serial_id,writer_id) VALUES (33,54);
INSERT INTO `serials_writers` (serial_id,writer_id) VALUES (34,44);
INSERT INTO `serials_writers` (serial_id,writer_id) VALUES (35,19);
INSERT INTO `serials_writers` (serial_id,writer_id) VALUES (35,58);
INSERT INTO `serials_writers` (serial_id,writer_id) VALUES (36,21);
INSERT INTO `serials_writers` (serial_id,writer_id) VALUES (37,54);
INSERT INTO `serials_writers` (serial_id,writer_id) VALUES (37,35);
INSERT INTO `serials_writers` (serial_id,writer_id) VALUES (38,65);
INSERT INTO `serials_writers` (serial_id,writer_id) VALUES (38,42);
INSERT INTO `serials_writers` (serial_id,writer_id) VALUES (39,11);
INSERT INTO `serials_writers` (serial_id,writer_id) VALUES (40,21);
INSERT INTO `serials_writers` (serial_id,writer_id) VALUES (41,65);
INSERT INTO `serials_writers` (serial_id,writer_id) VALUES (41,42);
INSERT INTO `serials_writers` (serial_id,writer_id) VALUES (42,102);
INSERT INTO `serials_writers` (serial_id,writer_id) VALUES (43,21);
INSERT INTO `serials_writers` (serial_id,writer_id) VALUES (43,54);
INSERT INTO `serials_writers` (serial_id,writer_id) VALUES (44,69);
INSERT INTO `serials_writers` (serial_id,writer_id) VALUES (44,65);
INSERT INTO `serials_writers` (serial_id,writer_id) VALUES (44,42);
INSERT INTO `serials_writers` (serial_id,writer_id) VALUES (45,75);
INSERT INTO `serials_writers` (serial_id,writer_id) VALUES (45,23);
INSERT INTO `serials_writers` (serial_id,writer_id) VALUES (46,23);
INSERT INTO `serials_writers` (serial_id,writer_id) VALUES (46,54);
INSERT INTO `serials_writers` (serial_id,writer_id) VALUES (47,82);
INSERT INTO `serials_writers` (serial_id,writer_id) VALUES (48,11);
INSERT INTO `serials_writers` (serial_id,writer_id) VALUES (48,97);
INSERT INTO `serials_writers` (serial_id,writer_id) VALUES (49,82);
INSERT INTO `serials_writers` (serial_id,writer_id) VALUES (50,97);
INSERT INTO `serials_writers` (serial_id,writer_id) VALUES (50,58);
INSERT INTO `serials_writers` (serial_id,writer_id) VALUES (51,82);
INSERT INTO `serials_writers` (serial_id,writer_id) VALUES (52,58);
INSERT INTO `serials_writers` (serial_id,writer_id) VALUES (53,21);
INSERT INTO `serials_writers` (serial_id,writer_id) VALUES (53,101);
INSERT INTO `serials_writers` (serial_id,writer_id) VALUES (53,58);
INSERT INTO `serials_writers` (serial_id,writer_id) VALUES (54,24);
INSERT INTO `serials_writers` (serial_id,writer_id) VALUES (55,82);
INSERT INTO `serials_writers` (serial_id,writer_id) VALUES (56,24);
INSERT INTO `serials_writers` (serial_id,writer_id) VALUES (57,10);
INSERT INTO `serials_writers` (serial_id,writer_id) VALUES (57,17);
INSERT INTO `serials_writers` (serial_id,writer_id) VALUES (58,58);
INSERT INTO `serials_writers` (serial_id,writer_id) VALUES (59,40);
INSERT INTO `serials_writers` (serial_id,writer_id) VALUES (59,84);
INSERT INTO `serials_writers` (serial_id,writer_id) VALUES (59,7);
INSERT INTO `serials_writers` (serial_id,writer_id) VALUES (60,57);
INSERT INTO `serials_writers` (serial_id,writer_id) VALUES (61,11);
INSERT INTO `serials_writers` (serial_id,writer_id) VALUES (62,58);
INSERT INTO `serials_writers` (serial_id,writer_id) VALUES (63,10);
INSERT INTO `serials_writers` (serial_id,writer_id) VALUES (63,17);
INSERT INTO `serials_writers` (serial_id,writer_id) VALUES (64,84);
INSERT INTO `serials_writers` (serial_id,writer_id) VALUES (64,7);
INSERT INTO `serials_writers` (serial_id,writer_id) VALUES (65,10);
INSERT INTO `serials_writers` (serial_id,writer_id) VALUES (65,17);
INSERT INTO `serials_writers` (serial_id,writer_id) VALUES (66,82);
INSERT INTO `serials_writers` (serial_id,writer_id) VALUES (67,58);
INSERT INTO `serials_writers` (serial_id,writer_id) VALUES (68,98);
INSERT INTO `serials_writers` (serial_id,writer_id) VALUES (69,84);
INSERT INTO `serials_writers` (serial_id,writer_id) VALUES (69,7);
INSERT INTO `serials_writers` (serial_id,writer_id) VALUES (70,82);
INSERT INTO `serials_writers` (serial_id,writer_id) VALUES (71,58);
INSERT INTO `serials_writers` (serial_id,writer_id) VALUES (72,98);
INSERT INTO `serials_writers` (serial_id,writer_id) VALUES (73,11);
INSERT INTO `serials_writers` (serial_id,writer_id) VALUES (74,84);
INSERT INTO `serials_writers` (serial_id,writer_id) VALUES (74,7);
INSERT INTO `serials_writers` (serial_id,writer_id) VALUES (75,97);
INSERT INTO `serials_writers` (serial_id,writer_id) VALUES (76,82);
INSERT INTO `serials_writers` (serial_id,writer_id) VALUES (77,10);
INSERT INTO `serials_writers` (serial_id,writer_id) VALUES (77,17);
INSERT INTO `serials_writers` (serial_id,writer_id) VALUES (78,98);
INSERT INTO `serials_writers` (serial_id,writer_id) VALUES (79,35);
INSERT INTO `serials_writers` (serial_id,writer_id) VALUES (80,81);
INSERT INTO `serials_writers` (serial_id,writer_id) VALUES (81,57);
INSERT INTO `serials_writers` (serial_id,writer_id) VALUES (82,92);
INSERT INTO `serials_writers` (serial_id,writer_id) VALUES (82,56);
INSERT INTO `serials_writers` (serial_id,writer_id) VALUES (82,82);
INSERT INTO `serials_writers` (serial_id,writer_id) VALUES (83,98);
INSERT INTO `serials_writers` (serial_id,writer_id) VALUES (84,85);
INSERT INTO `serials_writers` (serial_id,writer_id) VALUES (84,97);
INSERT INTO `serials_writers` (serial_id,writer_id) VALUES (84,82);
INSERT INTO `serials_writers` (serial_id,writer_id) VALUES (85,81);
INSERT INTO `serials_writers` (serial_id,writer_id) VALUES (86,57);
INSERT INTO `serials_writers` (serial_id,writer_id) VALUES (87,10);
INSERT INTO `serials_writers` (serial_id,writer_id) VALUES (87,17);
INSERT INTO `serials_writers` (serial_id,writer_id) VALUES (88,82);
INSERT INTO `serials_writers` (serial_id,writer_id) VALUES (89,13);
INSERT INTO `serials_writers` (serial_id,writer_id) VALUES (90,13);
INSERT INTO `serials_writers` (serial_id,writer_id) VALUES (91,82);
INSERT INTO `serials_writers` (serial_id,writer_id) VALUES (92,97);
INSERT INTO `serials_writers` (serial_id,writer_id) VALUES (93,10);
INSERT INTO `serials_writers` (serial_id,writer_id) VALUES (93,17);
INSERT INTO `serials_writers` (serial_id,writer_id) VALUES (94,13);
INSERT INTO `serials_writers` (serial_id,writer_id) VALUES (95,82);
INSERT INTO `serials_writers` (serial_id,writer_id) VALUES (96,10);
INSERT INTO `serials_writers` (serial_id,writer_id) VALUES (96,17);
INSERT INTO `serials_writers` (serial_id,writer_id) VALUES (97,18);
INSERT INTO `serials_writers` (serial_id,writer_id) VALUES (97,39);
INSERT INTO `serials_writers` (serial_id,writer_id) VALUES (97,4);
INSERT INTO `serials_writers` (serial_id,writer_id) VALUES (98,82);
INSERT INTO `serials_writers` (serial_id,writer_id) VALUES (99,27);
INSERT INTO `serials_writers` (serial_id,writer_id) VALUES (100,20);
INSERT INTO `serials_writers` (serial_id,writer_id) VALUES (101,20);
INSERT INTO `serials_writers` (serial_id,writer_id) VALUES (102,82);
INSERT INTO `serials_writers` (serial_id,writer_id) VALUES (103,10);
INSERT INTO `serials_writers` (serial_id,writer_id) VALUES (103,17);
INSERT INTO `serials_writers` (serial_id,writer_id) VALUES (104,98);
INSERT INTO `serials_writers` (serial_id,writer_id) VALUES (105,18);
INSERT INTO `serials_writers` (serial_id,writer_id) VALUES (105,27);
INSERT INTO `serials_writers` (serial_id,writer_id) VALUES (105,39);
INSERT INTO `serials_writers` (serial_id,writer_id) VALUES (105,20);
INSERT INTO `serials_writers` (serial_id,writer_id) VALUES (106,20);
INSERT INTO `serials_writers` (serial_id,writer_id) VALUES (107,10);
INSERT INTO `serials_writers` (serial_id,writer_id) VALUES (108,4);
INSERT INTO `serials_writers` (serial_id,writer_id) VALUES (109,27);
INSERT INTO `serials_writers` (serial_id,writer_id) VALUES (110,20);
INSERT INTO `serials_writers` (serial_id,writer_id) VALUES (111,48);
INSERT INTO `serials_writers` (serial_id,writer_id) VALUES (111,1);
INSERT INTO `serials_writers` (serial_id,writer_id) VALUES (112,2);
INSERT INTO `serials_writers` (serial_id,writer_id) VALUES (113,97);
INSERT INTO `serials_writers` (serial_id,writer_id) VALUES (114,90);
INSERT INTO `serials_writers` (serial_id,writer_id) VALUES (115,50);
INSERT INTO `serials_writers` (serial_id,writer_id) VALUES (116,16);
INSERT INTO `serials_writers` (serial_id,writer_id) VALUES (117,16);
INSERT INTO `serials_writers` (serial_id,writer_id) VALUES (118,96);
INSERT INTO `serials_writers` (serial_id,writer_id) VALUES (119,15);
INSERT INTO `serials_writers` (serial_id,writer_id) VALUES (120,30);
INSERT INTO `serials_writers` (serial_id,writer_id) VALUES (121,96);
INSERT INTO `serials_writers` (serial_id,writer_id) VALUES (122,30);
INSERT INTO `serials_writers` (serial_id,writer_id) VALUES (123,73);
INSERT INTO `serials_writers` (serial_id,writer_id) VALUES (124,50);
INSERT INTO `serials_writers` (serial_id,writer_id) VALUES (125,15);
INSERT INTO `serials_writers` (serial_id,writer_id) VALUES (126,73);
INSERT INTO `serials_writers` (serial_id,writer_id) VALUES (127,90);
INSERT INTO `serials_writers` (serial_id,writer_id) VALUES (128,6);
INSERT INTO `serials_writers` (serial_id,writer_id) VALUES (129,96);
INSERT INTO `serials_writers` (serial_id,writer_id) VALUES (130,97);
INSERT INTO `serials_writers` (serial_id,writer_id) VALUES (131,50);
INSERT INTO `serials_writers` (serial_id,writer_id) VALUES (132,29);
INSERT INTO `serials_writers` (serial_id,writer_id) VALUES (133,16);
INSERT INTO `serials_writers` (serial_id,writer_id) VALUES (134,30);
INSERT INTO `serials_writers` (serial_id,writer_id) VALUES (135,73);
INSERT INTO `serials_writers` (serial_id,writer_id) VALUES (136,82);
INSERT INTO `serials_writers` (serial_id,writer_id) VALUES (137,5);
INSERT INTO `serials_writers` (serial_id,writer_id) VALUES (138,72);
INSERT INTO `serials_writers` (serial_id,writer_id) VALUES (139,79);
INSERT INTO `serials_writers` (serial_id,writer_id) VALUES (140,78);
INSERT INTO `serials_writers` (serial_id,writer_id) VALUES (140,47);
INSERT INTO `serials_writers` (serial_id,writer_id) VALUES (141,82);
INSERT INTO `serials_writers` (serial_id,writer_id) VALUES (142,36);
INSERT INTO `serials_writers` (serial_id,writer_id) VALUES (143,30);
INSERT INTO `serials_writers` (serial_id,writer_id) VALUES (144,82);
INSERT INTO `serials_writers` (serial_id,writer_id) VALUES (145,79);
INSERT INTO `serials_writers` (serial_id,writer_id) VALUES (146,78);
INSERT INTO `serials_writers` (serial_id,writer_id) VALUES (146,47);
INSERT INTO `serials_writers` (serial_id,writer_id) VALUES (147,82);
INSERT INTO `serials_writers` (serial_id,writer_id) VALUES (147,78);
INSERT INTO `serials_writers` (serial_id,writer_id) VALUES (147,47);
INSERT INTO `serials_writers` (serial_id,writer_id) VALUES (148,78);
INSERT INTO `serials_writers` (serial_id,writer_id) VALUES (148,47);
INSERT INTO `serials_writers` (serial_id,writer_id) VALUES (149,94);
INSERT INTO `serials_writers` (serial_id,writer_id) VALUES (150,59);
INSERT INTO `serials_writers` (serial_id,writer_id) VALUES (151,43);
INSERT INTO `serials_writers` (serial_id,writer_id) VALUES (152,8);
INSERT INTO `serials_writers` (serial_id,writer_id) VALUES (153,38);
INSERT INTO `serials_writers` (serial_id,writer_id) VALUES (154,52);
INSERT INTO `serials_writers` (serial_id,writer_id) VALUES (155,94);
INSERT INTO `serials_writers` (serial_id,writer_id) VALUES (156,8);
INSERT INTO `serials_writers` (serial_id,writer_id) VALUES (157,60);
INSERT INTO `serials_writers` (serial_id,writer_id) VALUES (158,43);
INSERT INTO `serials_writers` (serial_id,writer_id) VALUES (159,86);
INSERT INTO `serials_writers` (serial_id,writer_id) VALUES (160,64);
INSERT INTO `serials_writers` (serial_id,writer_id) VALUES (161,87);
INSERT INTO `serials_writers` (serial_id,writer_id) VALUES (162,87);
INSERT INTO `serials_writers` (serial_id,writer_id) VALUES (163,61);
INSERT INTO `serials_writers` (serial_id,writer_id) VALUES (164,87);
INSERT INTO `serials_writers` (serial_id,writer_id) VALUES (165,87);
INSERT INTO `serials_writers` (serial_id,writer_id) VALUES (166,83);
INSERT INTO `serials_writers` (serial_id,writer_id) VALUES (167,87);
INSERT INTO `serials_writers` (serial_id,writer_id) VALUES (168,70);
INSERT INTO `serials_writers` (serial_id,writer_id) VALUES (169,95);
INSERT INTO `serials_writers` (serial_id,writer_id) VALUES (170,95);
INSERT INTO `serials_writers` (serial_id,writer_id) VALUES (171,87);
INSERT INTO `serials_writers` (serial_id,writer_id) VALUES (172,87);
INSERT INTO `serials_writers` (serial_id,writer_id) VALUES (173,87);
INSERT INTO `serials_writers` (serial_id,writer_id) VALUES (174,87);
INSERT INTO `serials_writers` (serial_id,writer_id) VALUES (175,87);
INSERT INTO `serials_writers` (serial_id,writer_id) VALUES (176,87);
INSERT INTO `serials_writers` (serial_id,writer_id) VALUES (177,99);
INSERT INTO `serials_writers` (serial_id,writer_id) VALUES (178,95);
INSERT INTO `serials_writers` (serial_id,writer_id) VALUES (179,100);
INSERT INTO `serials_writers` (serial_id,writer_id) VALUES (180,100);
INSERT INTO `serials_writers` (serial_id,writer_id) VALUES (181,61);
INSERT INTO `serials_writers` (serial_id,writer_id) VALUES (182,62);
INSERT INTO `serials_writers` (serial_id,writer_id) VALUES (183,62);
INSERT INTO `serials_writers` (serial_id,writer_id) VALUES (184,87);
INSERT INTO `serials_writers` (serial_id,writer_id) VALUES (185,63);
INSERT INTO `serials_writers` (serial_id,writer_id) VALUES (186,87);
INSERT INTO `serials_writers` (serial_id,writer_id) VALUES (187,87);
INSERT INTO `serials_writers` (serial_id,writer_id) VALUES (188,87);
INSERT INTO `serials_writers` (serial_id,writer_id) VALUES (189,87);
INSERT INTO `serials_writers` (serial_id,writer_id) VALUES (190,33);
INSERT INTO `serials_writers` (serial_id,writer_id) VALUES (191,87);
INSERT INTO `serials_writers` (serial_id,writer_id) VALUES (192,41);
INSERT INTO `serials_writers` (serial_id,writer_id) VALUES (193,41);
INSERT INTO `serials_writers` (serial_id,writer_id) VALUES (194,91);
INSERT INTO `serials_writers` (serial_id,writer_id) VALUES (195,14);
INSERT INTO `serials_writers` (serial_id,writer_id) VALUES (196,70);
INSERT INTO `serials_writers` (serial_id,writer_id) VALUES (197,70);
INSERT INTO `serials_writers` (serial_id,writer_id) VALUES (198,95);
INSERT INTO `serials_writers` (serial_id,writer_id) VALUES (199,87);
INSERT INTO `serials_writers` (serial_id,writer_id) VALUES (200,87);
INSERT INTO `serials_writers` (serial_id,writer_id) VALUES (201,87);
INSERT INTO `serials_writers` (serial_id,writer_id) VALUES (202,87);
INSERT INTO `serials_writers` (serial_id,writer_id) VALUES (203,87);
INSERT INTO `serials_writers` (serial_id,writer_id) VALUES (204,45);
INSERT INTO `serials_writers` (serial_id,writer_id) VALUES (205,51);
INSERT INTO `serials_writers` (serial_id,writer_id) VALUES (206,41);
INSERT INTO `serials_writers` (serial_id,writer_id) VALUES (207,41);
INSERT INTO `serials_writers` (serial_id,writer_id) VALUES (208,91);
INSERT INTO `serials_writers` (serial_id,writer_id) VALUES (209,33);
INSERT INTO `serials_writers` (serial_id,writer_id) VALUES (210,95);
INSERT INTO `serials_writers` (serial_id,writer_id) VALUES (211,95);
INSERT INTO `serials_writers` (serial_id,writer_id) VALUES (212,87);
INSERT INTO `serials_writers` (serial_id,writer_id) VALUES (213,87);
INSERT INTO `serials_writers` (serial_id,writer_id) VALUES (214,87);
INSERT INTO `serials_writers` (serial_id,writer_id) VALUES (215,87);
INSERT INTO `serials_writers` (serial_id,writer_id) VALUES (216,87);
INSERT INTO `serials_writers` (serial_id,writer_id) VALUES (217,87);
INSERT INTO `serials_writers` (serial_id,writer_id) VALUES (217,33);
INSERT INTO `serials_writers` (serial_id,writer_id) VALUES (218,87);
INSERT INTO `serials_writers` (serial_id,writer_id) VALUES (218,77);
INSERT INTO `serials_writers` (serial_id,writer_id) VALUES (219,87);
INSERT INTO `serials_writers` (serial_id,writer_id) VALUES (220,87);
INSERT INTO `serials_writers` (serial_id,writer_id) VALUES (221,95);
INSERT INTO `serials_writers` (serial_id,writer_id) VALUES (222,95);
INSERT INTO `serials_writers` (serial_id,writer_id) VALUES (223,61);
INSERT INTO `serials_writers` (serial_id,writer_id) VALUES (224,95);
INSERT INTO `serials_writers` (serial_id,writer_id) VALUES (225,95);
INSERT INTO `serials_writers` (serial_id,writer_id) VALUES (226,99);
INSERT INTO `serials_writers` (serial_id,writer_id) VALUES (227,89);
INSERT INTO `serials_writers` (serial_id,writer_id) VALUES (228,14);
INSERT INTO `serials_writers` (serial_id,writer_id) VALUES (229,14);
INSERT INTO `serials_writers` (serial_id,writer_id) VALUES (230,80);
INSERT INTO `serials_writers` (serial_id,writer_id) VALUES (231,33);
INSERT INTO `serials_writers` (serial_id,writer_id) VALUES (232,95);
INSERT INTO `serials_writers` (serial_id,writer_id) VALUES (233,95);
INSERT INTO `serials_writers` (serial_id,writer_id) VALUES (234,95);
INSERT INTO `serials_writers` (serial_id,writer_id) VALUES (235,95);
INSERT INTO `serials_writers` (serial_id,writer_id) VALUES (236,95);
INSERT INTO `serials_writers` (serial_id,writer_id) VALUES (237,93);
INSERT INTO `serials_writers` (serial_id,writer_id) VALUES (238,68);
INSERT INTO `serials_writers` (serial_id,writer_id) VALUES (239,63);
INSERT INTO `serials_writers` (serial_id,writer_id) VALUES (240,63);
INSERT INTO `serials_writers` (serial_id,writer_id) VALUES (241,95);
INSERT INTO `serials_writers` (serial_id,writer_id) VALUES (242,95);
INSERT INTO `serials_writers` (serial_id,writer_id) VALUES (243,61);
INSERT INTO `serials_writers` (serial_id,writer_id) VALUES (244,100);
INSERT INTO `serials_writers` (serial_id,writer_id) VALUES (245,99);
INSERT INTO `serials_writers` (serial_id,writer_id) VALUES (246,33);
INSERT INTO `serials_writers` (serial_id,writer_id) VALUES (247,95);
INSERT INTO `serials_writers` (serial_id,writer_id) VALUES (248,95);
INSERT INTO `serials_writers` (serial_id,writer_id) VALUES (249,95);
INSERT INTO `serials_writers` (serial_id,writer_id) VALUES (250,14);
INSERT INTO `serials_writers` (serial_id,writer_id) VALUES (251,99);
INSERT INTO `serials_writers` (serial_id,writer_id) VALUES (252,14);
INSERT INTO `serials_writers` (serial_id,writer_id) VALUES (253,95);
INSERT INTO `serials_writers` (serial_id,writer_id) VALUES (254,95);
INSERT INTO `serials_writers` (serial_id,writer_id) VALUES (255,95);
INSERT INTO `serials_writers` (serial_id,writer_id) VALUES (256,67);
INSERT INTO `serials_writers` (serial_id,writer_id) VALUES (257,61);
INSERT INTO `serials_writers` (serial_id,writer_id) VALUES (258,67);
INSERT INTO `serials_writers` (serial_id,writer_id) VALUES (259,93);
INSERT INTO `serials_writers` (serial_id,writer_id) VALUES (260,61);
INSERT INTO `serials_writers` (serial_id,writer_id) VALUES (261,68);
INSERT INTO `serials_writers` (serial_id,writer_id) VALUES (262,95);
INSERT INTO `serials_writers` (serial_id,writer_id) VALUES (263,95);
INSERT INTO `serials_writers` (serial_id,writer_id) VALUES (264,95);
INSERT INTO `serials_writers` (serial_id,writer_id) VALUES (265,95);
INSERT INTO `serials_writers` (serial_id,writer_id) VALUES (266,77);
INSERT INTO `serials_writers` (serial_id,writer_id) VALUES (266,95);
INSERT INTO `serials_writers` (serial_id,writer_id) VALUES (267,61);
INSERT INTO `serials_writers` (serial_id,writer_id) VALUES (268,95);
INSERT INTO `serials_writers` (serial_id,writer_id) VALUES (269,93);
INSERT INTO `serials_writers` (serial_id,writer_id) VALUES (269,95);
INSERT INTO `serials_writers` (serial_id,writer_id) VALUES (270,33);
INSERT INTO `serials_writers` (serial_id,writer_id) VALUES (270,95);
INSERT INTO `serials_writers` (serial_id,writer_id) VALUES (271,74);
INSERT INTO `serials_writers` (serial_id,writer_id) VALUES (272,46);
INSERT INTO `serials_writers` (serial_id,writer_id) VALUES (273,46);
INSERT INTO `serials_writers` (serial_id,writer_id) VALUES (274,31);
INSERT INTO `serials_writers` (serial_id,writer_id) VALUES (275,95);
INSERT INTO `serials_writers` (serial_id,writer_id) VALUES (276,95);
INSERT INTO `serials_writers` (serial_id,writer_id) VALUES (277,95);
INSERT INTO `serials_writers` (serial_id,writer_id) VALUES (278,95);
INSERT INTO `serials_writers` (serial_id,writer_id) VALUES (279,95);
INSERT INTO `serials_writers` (serial_id,writer_id) VALUES (280,99);
INSERT INTO `serials_writers` (serial_id,writer_id) VALUES (281,99);
INSERT INTO `serials_writers` (serial_id,writer_id) VALUES (282,46);
INSERT INTO `serials_writers` (serial_id,writer_id) VALUES (282,95);
INSERT INTO `serials_writers` (serial_id,writer_id) VALUES (283,12);
INSERT INTO `serials_writers` (serial_id,writer_id) VALUES (284,74);
INSERT INTO `serials_writers` (serial_id,writer_id) VALUES (285,74);
INSERT INTO `serials_writers` (serial_id,writer_id) VALUES (285,95);
INSERT INTO `serials_writers` (serial_id,writer_id) VALUES (286,61);
INSERT INTO `serials_writers` (serial_id,writer_id) VALUES (287,88);
INSERT INTO `serials_writers` (serial_id,writer_id) VALUES (288,95);
INSERT INTO `serials_writers` (serial_id,writer_id) VALUES (289,95);
INSERT INTO `serials_writers` (serial_id,writer_id) VALUES (290,95);
INSERT INTO `serials_writers` (serial_id,writer_id) VALUES (291,95);
INSERT INTO `serials_writers` (serial_id,writer_id) VALUES (292,66);
INSERT INTO `serials_writers` (serial_id,writer_id) VALUES (293,66);
CREATE TABLE `serials_doctors` (
  `serial_id` int(11) NOT NULL,
  `doctor_id` int(11) NOT NULL,
  PRIMARY KEY (`serial_id`, `doctor_id`)
);
INSERT INTO `serials_doctors` (serial_id,doctor_id) VALUES (1,1);
INSERT INTO `serials_doctors` (serial_id,doctor_id) VALUES (2,1);
INSERT INTO `serials_doctors` (serial_id,doctor_id) VALUES (3,1);
INSERT INTO `serials_doctors` (serial_id,doctor_id) VALUES (4,1);
INSERT INTO `serials_doctors` (serial_id,doctor_id) VALUES (5,1);
INSERT INTO `serials_doctors` (serial_id,doctor_id) VALUES (6,1);
INSERT INTO `serials_doctors` (serial_id,doctor_id) VALUES (7,1);
INSERT INTO `serials_doctors` (serial_id,doctor_id) VALUES (8,1);
INSERT INTO `serials_doctors` (serial_id,doctor_id) VALUES (9,1);
INSERT INTO `serials_doctors` (serial_id,doctor_id) VALUES (10,1);
INSERT INTO `serials_doctors` (serial_id,doctor_id) VALUES (11,1);
INSERT INTO `serials_doctors` (serial_id,doctor_id) VALUES (12,1);
INSERT INTO `serials_doctors` (serial_id,doctor_id) VALUES (13,1);
INSERT INTO `serials_doctors` (serial_id,doctor_id) VALUES (14,1);
INSERT INTO `serials_doctors` (serial_id,doctor_id) VALUES (15,1);
INSERT INTO `serials_doctors` (serial_id,doctor_id) VALUES (16,1);
INSERT INTO `serials_doctors` (serial_id,doctor_id) VALUES (17,1);
INSERT INTO `serials_doctors` (serial_id,doctor_id) VALUES (18,1);
INSERT INTO `serials_doctors` (serial_id,doctor_id) VALUES (19,1);
INSERT INTO `serials_doctors` (serial_id,doctor_id) VALUES (20,1);
INSERT INTO `serials_doctors` (serial_id,doctor_id) VALUES (21,1);
INSERT INTO `serials_doctors` (serial_id,doctor_id) VALUES (22,1);
INSERT INTO `serials_doctors` (serial_id,doctor_id) VALUES (23,1);
INSERT INTO `serials_doctors` (serial_id,doctor_id) VALUES (24,1);
INSERT INTO `serials_doctors` (serial_id,doctor_id) VALUES (25,1);
INSERT INTO `serials_doctors` (serial_id,doctor_id) VALUES (26,1);
INSERT INTO `serials_doctors` (serial_id,doctor_id) VALUES (27,1);
INSERT INTO `serials_doctors` (serial_id,doctor_id) VALUES (28,1);
INSERT INTO `serials_doctors` (serial_id,doctor_id) VALUES (29,1);
INSERT INTO `serials_doctors` (serial_id,doctor_id) VALUES (30,2);
INSERT INTO `serials_doctors` (serial_id,doctor_id) VALUES (31,2);
INSERT INTO `serials_doctors` (serial_id,doctor_id) VALUES (32,2);
INSERT INTO `serials_doctors` (serial_id,doctor_id) VALUES (33,2);
INSERT INTO `serials_doctors` (serial_id,doctor_id) VALUES (34,2);
INSERT INTO `serials_doctors` (serial_id,doctor_id) VALUES (35,2);
INSERT INTO `serials_doctors` (serial_id,doctor_id) VALUES (36,2);
INSERT INTO `serials_doctors` (serial_id,doctor_id) VALUES (37,2);
INSERT INTO `serials_doctors` (serial_id,doctor_id) VALUES (38,2);
INSERT INTO `serials_doctors` (serial_id,doctor_id) VALUES (39,2);
INSERT INTO `serials_doctors` (serial_id,doctor_id) VALUES (40,2);
INSERT INTO `serials_doctors` (serial_id,doctor_id) VALUES (41,2);
INSERT INTO `serials_doctors` (serial_id,doctor_id) VALUES (42,2);
INSERT INTO `serials_doctors` (serial_id,doctor_id) VALUES (43,2);
INSERT INTO `serials_doctors` (serial_id,doctor_id) VALUES (44,2);
INSERT INTO `serials_doctors` (serial_id,doctor_id) VALUES (45,2);
INSERT INTO `serials_doctors` (serial_id,doctor_id) VALUES (46,2);
INSERT INTO `serials_doctors` (serial_id,doctor_id) VALUES (47,2);
INSERT INTO `serials_doctors` (serial_id,doctor_id) VALUES (48,2);
INSERT INTO `serials_doctors` (serial_id,doctor_id) VALUES (49,2);
INSERT INTO `serials_doctors` (serial_id,doctor_id) VALUES (50,2);
INSERT INTO `serials_doctors` (serial_id,doctor_id) VALUES (51,3);
INSERT INTO `serials_doctors` (serial_id,doctor_id) VALUES (52,3);
INSERT INTO `serials_doctors` (serial_id,doctor_id) VALUES (53,3);
INSERT INTO `serials_doctors` (serial_id,doctor_id) VALUES (54,3);
INSERT INTO `serials_doctors` (serial_id,doctor_id) VALUES (55,3);
INSERT INTO `serials_doctors` (serial_id,doctor_id) VALUES (56,3);
INSERT INTO `serials_doctors` (serial_id,doctor_id) VALUES (57,3);
INSERT INTO `serials_doctors` (serial_id,doctor_id) VALUES (58,3);
INSERT INTO `serials_doctors` (serial_id,doctor_id) VALUES (59,3);
INSERT INTO `serials_doctors` (serial_id,doctor_id) VALUES (60,3);
INSERT INTO `serials_doctors` (serial_id,doctor_id) VALUES (61,3);
INSERT INTO `serials_doctors` (serial_id,doctor_id) VALUES (62,3);
INSERT INTO `serials_doctors` (serial_id,doctor_id) VALUES (63,3);
INSERT INTO `serials_doctors` (serial_id,doctor_id) VALUES (64,3);
INSERT INTO `serials_doctors` (serial_id,doctor_id) VALUES (65,1);
INSERT INTO `serials_doctors` (serial_id,doctor_id) VALUES (65,2);
INSERT INTO `serials_doctors` (serial_id,doctor_id) VALUES (65,3);
INSERT INTO `serials_doctors` (serial_id,doctor_id) VALUES (66,3);
INSERT INTO `serials_doctors` (serial_id,doctor_id) VALUES (67,3);
INSERT INTO `serials_doctors` (serial_id,doctor_id) VALUES (68,3);
INSERT INTO `serials_doctors` (serial_id,doctor_id) VALUES (69,3);
INSERT INTO `serials_doctors` (serial_id,doctor_id) VALUES (70,3);
INSERT INTO `serials_doctors` (serial_id,doctor_id) VALUES (71,3);
INSERT INTO `serials_doctors` (serial_id,doctor_id) VALUES (72,3);
INSERT INTO `serials_doctors` (serial_id,doctor_id) VALUES (73,3);
INSERT INTO `serials_doctors` (serial_id,doctor_id) VALUES (74,3);
INSERT INTO `serials_doctors` (serial_id,doctor_id) VALUES (75,4);
INSERT INTO `serials_doctors` (serial_id,doctor_id) VALUES (76,4);
INSERT INTO `serials_doctors` (serial_id,doctor_id) VALUES (77,4);
INSERT INTO `serials_doctors` (serial_id,doctor_id) VALUES (78,4);
INSERT INTO `serials_doctors` (serial_id,doctor_id) VALUES (79,4);
INSERT INTO `serials_doctors` (serial_id,doctor_id) VALUES (80,4);
INSERT INTO `serials_doctors` (serial_id,doctor_id) VALUES (81,4);
INSERT INTO `serials_doctors` (serial_id,doctor_id) VALUES (82,4);
INSERT INTO `serials_doctors` (serial_id,doctor_id) VALUES (83,4);
INSERT INTO `serials_doctors` (serial_id,doctor_id) VALUES (84,4);
INSERT INTO `serials_doctors` (serial_id,doctor_id) VALUES (85,4);
INSERT INTO `serials_doctors` (serial_id,doctor_id) VALUES (86,4);
INSERT INTO `serials_doctors` (serial_id,doctor_id) VALUES (87,4);
INSERT INTO `serials_doctors` (serial_id,doctor_id) VALUES (88,4);
INSERT INTO `serials_doctors` (serial_id,doctor_id) VALUES (89,4);
INSERT INTO `serials_doctors` (serial_id,doctor_id) VALUES (90,4);
INSERT INTO `serials_doctors` (serial_id,doctor_id) VALUES (91,4);
INSERT INTO `serials_doctors` (serial_id,doctor_id) VALUES (92,4);
INSERT INTO `serials_doctors` (serial_id,doctor_id) VALUES (93,4);
INSERT INTO `serials_doctors` (serial_id,doctor_id) VALUES (94,4);
INSERT INTO `serials_doctors` (serial_id,doctor_id) VALUES (95,4);
INSERT INTO `serials_doctors` (serial_id,doctor_id) VALUES (96,4);
INSERT INTO `serials_doctors` (serial_id,doctor_id) VALUES (97,4);
INSERT INTO `serials_doctors` (serial_id,doctor_id) VALUES (98,4);
INSERT INTO `serials_doctors` (serial_id,doctor_id) VALUES (99,4);
INSERT INTO `serials_doctors` (serial_id,doctor_id) VALUES (100,4);
INSERT INTO `serials_doctors` (serial_id,doctor_id) VALUES (101,4);
INSERT INTO `serials_doctors` (serial_id,doctor_id) VALUES (102,4);
INSERT INTO `serials_doctors` (serial_id,doctor_id) VALUES (103,4);
INSERT INTO `serials_doctors` (serial_id,doctor_id) VALUES (104,4);
INSERT INTO `serials_doctors` (serial_id,doctor_id) VALUES (105,4);
INSERT INTO `serials_doctors` (serial_id,doctor_id) VALUES (106,4);
INSERT INTO `serials_doctors` (serial_id,doctor_id) VALUES (107,4);
INSERT INTO `serials_doctors` (serial_id,doctor_id) VALUES (108,4);
INSERT INTO `serials_doctors` (serial_id,doctor_id) VALUES (109,4);
INSERT INTO `serials_doctors` (serial_id,doctor_id) VALUES (110,4);
INSERT INTO `serials_doctors` (serial_id,doctor_id) VALUES (111,4);
INSERT INTO `serials_doctors` (serial_id,doctor_id) VALUES (112,4);
INSERT INTO `serials_doctors` (serial_id,doctor_id) VALUES (113,4);
INSERT INTO `serials_doctors` (serial_id,doctor_id) VALUES (114,4);
INSERT INTO `serials_doctors` (serial_id,doctor_id) VALUES (115,4);
INSERT INTO `serials_doctors` (serial_id,doctor_id) VALUES (116,4);
INSERT INTO `serials_doctors` (serial_id,doctor_id) VALUES (117,5);
INSERT INTO `serials_doctors` (serial_id,doctor_id) VALUES (118,5);
INSERT INTO `serials_doctors` (serial_id,doctor_id) VALUES (119,5);
INSERT INTO `serials_doctors` (serial_id,doctor_id) VALUES (120,5);
INSERT INTO `serials_doctors` (serial_id,doctor_id) VALUES (121,5);
INSERT INTO `serials_doctors` (serial_id,doctor_id) VALUES (122,5);
INSERT INTO `serials_doctors` (serial_id,doctor_id) VALUES (123,5);
INSERT INTO `serials_doctors` (serial_id,doctor_id) VALUES (124,5);
INSERT INTO `serials_doctors` (serial_id,doctor_id) VALUES (125,5);
INSERT INTO `serials_doctors` (serial_id,doctor_id) VALUES (126,5);
INSERT INTO `serials_doctors` (serial_id,doctor_id) VALUES (127,5);
INSERT INTO `serials_doctors` (serial_id,doctor_id) VALUES (128,5);
INSERT INTO `serials_doctors` (serial_id,doctor_id) VALUES (129,5);
INSERT INTO `serials_doctors` (serial_id,doctor_id) VALUES (130,1);
INSERT INTO `serials_doctors` (serial_id,doctor_id) VALUES (130,2);
INSERT INTO `serials_doctors` (serial_id,doctor_id) VALUES (130,3);
INSERT INTO `serials_doctors` (serial_id,doctor_id) VALUES (130,4);
INSERT INTO `serials_doctors` (serial_id,doctor_id) VALUES (130,5);
INSERT INTO `serials_doctors` (serial_id,doctor_id) VALUES (131,5);
INSERT INTO `serials_doctors` (serial_id,doctor_id) VALUES (132,5);
INSERT INTO `serials_doctors` (serial_id,doctor_id) VALUES (133,5);
INSERT INTO `serials_doctors` (serial_id,doctor_id) VALUES (134,5);
INSERT INTO `serials_doctors` (serial_id,doctor_id) VALUES (135,5);
INSERT INTO `serials_doctors` (serial_id,doctor_id) VALUES (136,5);
INSERT INTO `serials_doctors` (serial_id,doctor_id) VALUES (137,6);
INSERT INTO `serials_doctors` (serial_id,doctor_id) VALUES (138,6);
INSERT INTO `serials_doctors` (serial_id,doctor_id) VALUES (139,6);
INSERT INTO `serials_doctors` (serial_id,doctor_id) VALUES (140,6);
INSERT INTO `serials_doctors` (serial_id,doctor_id) VALUES (141,2);
INSERT INTO `serials_doctors` (serial_id,doctor_id) VALUES (141,6);
INSERT INTO `serials_doctors` (serial_id,doctor_id) VALUES (142,6);
INSERT INTO `serials_doctors` (serial_id,doctor_id) VALUES (143,6);
INSERT INTO `serials_doctors` (serial_id,doctor_id) VALUES (144,6);
INSERT INTO `serials_doctors` (serial_id,doctor_id) VALUES (145,6);
INSERT INTO `serials_doctors` (serial_id,doctor_id) VALUES (146,6);
INSERT INTO `serials_doctors` (serial_id,doctor_id) VALUES (147,6);
INSERT INTO `serials_doctors` (serial_id,doctor_id) VALUES (148,7);
INSERT INTO `serials_doctors` (serial_id,doctor_id) VALUES (149,7);
INSERT INTO `serials_doctors` (serial_id,doctor_id) VALUES (150,7);
INSERT INTO `serials_doctors` (serial_id,doctor_id) VALUES (151,7);
INSERT INTO `serials_doctors` (serial_id,doctor_id) VALUES (152,7);
INSERT INTO `serials_doctors` (serial_id,doctor_id) VALUES (153,7);
INSERT INTO `serials_doctors` (serial_id,doctor_id) VALUES (154,7);
INSERT INTO `serials_doctors` (serial_id,doctor_id) VALUES (155,7);
INSERT INTO `serials_doctors` (serial_id,doctor_id) VALUES (156,7);
INSERT INTO `serials_doctors` (serial_id,doctor_id) VALUES (157,7);
INSERT INTO `serials_doctors` (serial_id,doctor_id) VALUES (158,7);
INSERT INTO `serials_doctors` (serial_id,doctor_id) VALUES (159,7);
INSERT INTO `serials_doctors` (serial_id,doctor_id) VALUES (160,8);
INSERT INTO `serials_doctors` (serial_id,doctor_id) VALUES (161,10);
INSERT INTO `serials_doctors` (serial_id,doctor_id) VALUES (162,10);
INSERT INTO `serials_doctors` (serial_id,doctor_id) VALUES (163,10);
INSERT INTO `serials_doctors` (serial_id,doctor_id) VALUES (164,10);
INSERT INTO `serials_doctors` (serial_id,doctor_id) VALUES (165,10);
INSERT INTO `serials_doctors` (serial_id,doctor_id) VALUES (166,10);
INSERT INTO `serials_doctors` (serial_id,doctor_id) VALUES (167,10);
INSERT INTO `serials_doctors` (serial_id,doctor_id) VALUES (168,10);
INSERT INTO `serials_doctors` (serial_id,doctor_id) VALUES (169,10);
INSERT INTO `serials_doctors` (serial_id,doctor_id) VALUES (170,10);
INSERT INTO `serials_doctors` (serial_id,doctor_id) VALUES (171,10);
INSERT INTO `serials_doctors` (serial_id,doctor_id) VALUES (172,10);
INSERT INTO `serials_doctors` (serial_id,doctor_id) VALUES (173,10);
INSERT INTO `serials_doctors` (serial_id,doctor_id) VALUES (174,11);
INSERT INTO `serials_doctors` (serial_id,doctor_id) VALUES (175,11);
INSERT INTO `serials_doctors` (serial_id,doctor_id) VALUES (176,11);
INSERT INTO `serials_doctors` (serial_id,doctor_id) VALUES (177,11);
INSERT INTO `serials_doctors` (serial_id,doctor_id) VALUES (178,11);
INSERT INTO `serials_doctors` (serial_id,doctor_id) VALUES (179,11);
INSERT INTO `serials_doctors` (serial_id,doctor_id) VALUES (180,11);
INSERT INTO `serials_doctors` (serial_id,doctor_id) VALUES (181,11);
INSERT INTO `serials_doctors` (serial_id,doctor_id) VALUES (182,11);
INSERT INTO `serials_doctors` (serial_id,doctor_id) VALUES (183,11);
INSERT INTO `serials_doctors` (serial_id,doctor_id) VALUES (184,11);
INSERT INTO `serials_doctors` (serial_id,doctor_id) VALUES (185,11);
INSERT INTO `serials_doctors` (serial_id,doctor_id) VALUES (186,11);
INSERT INTO `serials_doctors` (serial_id,doctor_id) VALUES (187,11);
INSERT INTO `serials_doctors` (serial_id,doctor_id) VALUES (188,11);
INSERT INTO `serials_doctors` (serial_id,doctor_id) VALUES (189,11);
INSERT INTO `serials_doctors` (serial_id,doctor_id) VALUES (190,11);
INSERT INTO `serials_doctors` (serial_id,doctor_id) VALUES (191,11);
INSERT INTO `serials_doctors` (serial_id,doctor_id) VALUES (192,11);
INSERT INTO `serials_doctors` (serial_id,doctor_id) VALUES (193,11);
INSERT INTO `serials_doctors` (serial_id,doctor_id) VALUES (194,11);
INSERT INTO `serials_doctors` (serial_id,doctor_id) VALUES (195,11);
INSERT INTO `serials_doctors` (serial_id,doctor_id) VALUES (196,11);
INSERT INTO `serials_doctors` (serial_id,doctor_id) VALUES (197,11);
INSERT INTO `serials_doctors` (serial_id,doctor_id) VALUES (198,11);
INSERT INTO `serials_doctors` (serial_id,doctor_id) VALUES (199,11);
INSERT INTO `serials_doctors` (serial_id,doctor_id) VALUES (200,11);
INSERT INTO `serials_doctors` (serial_id,doctor_id) VALUES (201,11);
INSERT INTO `serials_doctors` (serial_id,doctor_id) VALUES (202,11);
INSERT INTO `serials_doctors` (serial_id,doctor_id) VALUES (203,11);
INSERT INTO `serials_doctors` (serial_id,doctor_id) VALUES (204,11);
INSERT INTO `serials_doctors` (serial_id,doctor_id) VALUES (205,11);
INSERT INTO `serials_doctors` (serial_id,doctor_id) VALUES (206,11);
INSERT INTO `serials_doctors` (serial_id,doctor_id) VALUES (207,11);
INSERT INTO `serials_doctors` (serial_id,doctor_id) VALUES (208,11);
INSERT INTO `serials_doctors` (serial_id,doctor_id) VALUES (209,11);
INSERT INTO `serials_doctors` (serial_id,doctor_id) VALUES (210,11);
INSERT INTO `serials_doctors` (serial_id,doctor_id) VALUES (211,11);
INSERT INTO `serials_doctors` (serial_id,doctor_id) VALUES (212,11);
INSERT INTO `serials_doctors` (serial_id,doctor_id) VALUES (213,11);
INSERT INTO `serials_doctors` (serial_id,doctor_id) VALUES (214,11);
INSERT INTO `serials_doctors` (serial_id,doctor_id) VALUES (215,11);
INSERT INTO `serials_doctors` (serial_id,doctor_id) VALUES (216,11);
INSERT INTO `serials_doctors` (serial_id,doctor_id) VALUES (217,11);
INSERT INTO `serials_doctors` (serial_id,doctor_id) VALUES (218,11);
INSERT INTO `serials_doctors` (serial_id,doctor_id) VALUES (219,11);
INSERT INTO `serials_doctors` (serial_id,doctor_id) VALUES (220,11);
INSERT INTO `serials_doctors` (serial_id,doctor_id) VALUES (221,12);
INSERT INTO `serials_doctors` (serial_id,doctor_id) VALUES (222,12);
INSERT INTO `serials_doctors` (serial_id,doctor_id) VALUES (223,12);
INSERT INTO `serials_doctors` (serial_id,doctor_id) VALUES (224,12);
INSERT INTO `serials_doctors` (serial_id,doctor_id) VALUES (225,12);
INSERT INTO `serials_doctors` (serial_id,doctor_id) VALUES (226,12);
INSERT INTO `serials_doctors` (serial_id,doctor_id) VALUES (227,12);
INSERT INTO `serials_doctors` (serial_id,doctor_id) VALUES (228,12);
INSERT INTO `serials_doctors` (serial_id,doctor_id) VALUES (229,12);
INSERT INTO `serials_doctors` (serial_id,doctor_id) VALUES (230,12);
INSERT INTO `serials_doctors` (serial_id,doctor_id) VALUES (231,12);
INSERT INTO `serials_doctors` (serial_id,doctor_id) VALUES (232,12);
INSERT INTO `serials_doctors` (serial_id,doctor_id) VALUES (233,12);
INSERT INTO `serials_doctors` (serial_id,doctor_id) VALUES (234,12);
INSERT INTO `serials_doctors` (serial_id,doctor_id) VALUES (235,12);
INSERT INTO `serials_doctors` (serial_id,doctor_id) VALUES (236,12);
INSERT INTO `serials_doctors` (serial_id,doctor_id) VALUES (237,12);
INSERT INTO `serials_doctors` (serial_id,doctor_id) VALUES (238,12);
INSERT INTO `serials_doctors` (serial_id,doctor_id) VALUES (239,12);
INSERT INTO `serials_doctors` (serial_id,doctor_id) VALUES (240,12);
INSERT INTO `serials_doctors` (serial_id,doctor_id) VALUES (241,12);
INSERT INTO `serials_doctors` (serial_id,doctor_id) VALUES (242,12);
INSERT INTO `serials_doctors` (serial_id,doctor_id) VALUES (243,12);
INSERT INTO `serials_doctors` (serial_id,doctor_id) VALUES (244,12);
INSERT INTO `serials_doctors` (serial_id,doctor_id) VALUES (245,12);
INSERT INTO `serials_doctors` (serial_id,doctor_id) VALUES (246,12);
INSERT INTO `serials_doctors` (serial_id,doctor_id) VALUES (247,12);
INSERT INTO `serials_doctors` (serial_id,doctor_id) VALUES (248,12);
INSERT INTO `serials_doctors` (serial_id,doctor_id) VALUES (249,12);
INSERT INTO `serials_doctors` (serial_id,doctor_id) VALUES (250,12);
INSERT INTO `serials_doctors` (serial_id,doctor_id) VALUES (251,12);
INSERT INTO `serials_doctors` (serial_id,doctor_id) VALUES (252,12);
INSERT INTO `serials_doctors` (serial_id,doctor_id) VALUES (253,12);
INSERT INTO `serials_doctors` (serial_id,doctor_id) VALUES (254,12);
INSERT INTO `serials_doctors` (serial_id,doctor_id) VALUES (255,12);
INSERT INTO `serials_doctors` (serial_id,doctor_id) VALUES (256,12);
INSERT INTO `serials_doctors` (serial_id,doctor_id) VALUES (257,12);
INSERT INTO `serials_doctors` (serial_id,doctor_id) VALUES (258,12);
INSERT INTO `serials_doctors` (serial_id,doctor_id) VALUES (259,12);
INSERT INTO `serials_doctors` (serial_id,doctor_id) VALUES (260,12);
INSERT INTO `serials_doctors` (serial_id,doctor_id) VALUES (261,12);
INSERT INTO `serials_doctors` (serial_id,doctor_id) VALUES (262,12);
INSERT INTO `serials_doctors` (serial_id,doctor_id) VALUES (263,9);
INSERT INTO `serials_doctors` (serial_id,doctor_id) VALUES (263,11);
INSERT INTO `serials_doctors` (serial_id,doctor_id) VALUES (263,12);
INSERT INTO `serials_doctors` (serial_id,doctor_id) VALUES (264,12);
INSERT INTO `serials_doctors` (serial_id,doctor_id) VALUES (265,13);
INSERT INTO `serials_doctors` (serial_id,doctor_id) VALUES (266,13);
INSERT INTO `serials_doctors` (serial_id,doctor_id) VALUES (267,13);
INSERT INTO `serials_doctors` (serial_id,doctor_id) VALUES (268,13);
INSERT INTO `serials_doctors` (serial_id,doctor_id) VALUES (269,13);
INSERT INTO `serials_doctors` (serial_id,doctor_id) VALUES (270,13);
INSERT INTO `serials_doctors` (serial_id,doctor_id) VALUES (271,13);
INSERT INTO `serials_doctors` (serial_id,doctor_id) VALUES (272,13);
INSERT INTO `serials_doctors` (serial_id,doctor_id) VALUES (273,13);
INSERT INTO `serials_doctors` (serial_id,doctor_id) VALUES (274,13);
INSERT INTO `serials_doctors` (serial_id,doctor_id) VALUES (275,13);
INSERT INTO `serials_doctors` (serial_id,doctor_id) VALUES (276,13);
INSERT INTO `serials_doctors` (serial_id,doctor_id) VALUES (277,13);
INSERT INTO `serials_doctors` (serial_id,doctor_id) VALUES (278,13);
INSERT INTO `serials_doctors` (serial_id,doctor_id) VALUES (279,13);
INSERT INTO `serials_doctors` (serial_id,doctor_id) VALUES (280,13);
INSERT INTO `serials_doctors` (serial_id,doctor_id) VALUES (281,13);
INSERT INTO `serials_doctors` (serial_id,doctor_id) VALUES (282,13);
INSERT INTO `serials_doctors` (serial_id,doctor_id) VALUES (283,13);
INSERT INTO `serials_doctors` (serial_id,doctor_id) VALUES (284,13);
INSERT INTO `serials_doctors` (serial_id,doctor_id) VALUES (285,13);
INSERT INTO `serials_doctors` (serial_id,doctor_id) VALUES (286,13);
INSERT INTO `serials_doctors` (serial_id,doctor_id) VALUES (287,13);
INSERT INTO `serials_doctors` (serial_id,doctor_id) VALUES (288,13);
INSERT INTO `serials_doctors` (serial_id,doctor_id) VALUES (289,13);
INSERT INTO `serials_doctors` (serial_id,doctor_id) VALUES (290,13);
INSERT INTO `serials_doctors` (serial_id,doctor_id) VALUES (291,13);
INSERT INTO `serials_doctors` (serial_id,doctor_id) VALUES (292,14);
INSERT INTO `serials_doctors` (serial_id,doctor_id) VALUES (293,14);
CREATE TABLE `serials_directors` (
  `serial_id` int(11) NOT NULL,
  `director_id` int(11) NOT NULL,
  PRIMARY KEY (`serial_id`, `director_id`)
);
INSERT INTO `serials_directors` (serial_id,director_id) VALUES (1,103);
INSERT INTO `serials_directors` (serial_id,director_id) VALUES (2,89);
INSERT INTO `serials_directors` (serial_id,director_id) VALUES (2,16);
INSERT INTO `serials_directors` (serial_id,director_id) VALUES (3,89);
INSERT INTO `serials_directors` (serial_id,director_id) VALUES (3,32);
INSERT INTO `serials_directors` (serial_id,director_id) VALUES (4,103);
INSERT INTO `serials_directors` (serial_id,director_id) VALUES (4,48);
INSERT INTO `serials_directors` (serial_id,director_id) VALUES (5,50);
INSERT INTO `serials_directors` (serial_id,director_id) VALUES (6,48);
INSERT INTO `serials_directors` (serial_id,director_id) VALUES (7,64);
INSERT INTO `serials_directors` (serial_id,director_id) VALUES (7,32);
INSERT INTO `serials_directors` (serial_id,director_id) VALUES (8,39);
INSERT INTO `serials_directors` (serial_id,director_id) VALUES (8,50);
INSERT INTO `serials_directors` (serial_id,director_id) VALUES (9,64);
INSERT INTO `serials_directors` (serial_id,director_id) VALUES (9,26);
INSERT INTO `serials_directors` (serial_id,director_id) VALUES (10,89);
INSERT INTO `serials_directors` (serial_id,director_id) VALUES (11,16);
INSERT INTO `serials_directors` (serial_id,director_id) VALUES (12,16);
INSERT INTO `serials_directors` (serial_id,director_id) VALUES (13,89);
INSERT INTO `serials_directors` (serial_id,director_id) VALUES (14,26);
INSERT INTO `serials_directors` (serial_id,director_id) VALUES (15,64);
INSERT INTO `serials_directors` (serial_id,director_id) VALUES (16,89);
INSERT INTO `serials_directors` (serial_id,director_id) VALUES (16,26);
INSERT INTO `serials_directors` (serial_id,director_id) VALUES (17,26);
INSERT INTO `serials_directors` (serial_id,director_id) VALUES (18,24);
INSERT INTO `serials_directors` (serial_id,director_id) VALUES (18,64);
INSERT INTO `serials_directors` (serial_id,director_id) VALUES (19,24);
INSERT INTO `serials_directors` (serial_id,director_id) VALUES (20,71);
INSERT INTO `serials_directors` (serial_id,director_id) VALUES (21,26);
INSERT INTO `serials_directors` (serial_id,director_id) VALUES (22,77);
INSERT INTO `serials_directors` (serial_id,director_id) VALUES (23,69);
INSERT INTO `serials_directors` (serial_id,director_id) VALUES (24,11);
INSERT INTO `serials_directors` (serial_id,director_id) VALUES (25,87);
INSERT INTO `serials_directors` (serial_id,director_id) VALUES (26,16);
INSERT INTO `serials_directors` (serial_id,director_id) VALUES (27,66);
INSERT INTO `serials_directors` (serial_id,director_id) VALUES (28,52);
INSERT INTO `serials_directors` (serial_id,director_id) VALUES (29,24);
INSERT INTO `serials_directors` (serial_id,director_id) VALUES (30,16);
INSERT INTO `serials_directors` (serial_id,director_id) VALUES (31,41);
INSERT INTO `serials_directors` (serial_id,director_id) VALUES (32,52);
INSERT INTO `serials_directors` (serial_id,director_id) VALUES (33,73);
INSERT INTO `serials_directors` (serial_id,director_id) VALUES (34,49);
INSERT INTO `serials_directors` (serial_id,director_id) VALUES (35,36);
INSERT INTO `serials_directors` (serial_id,director_id) VALUES (36,24);
INSERT INTO `serials_directors` (serial_id,director_id) VALUES (37,73);
INSERT INTO `serials_directors` (serial_id,director_id) VALUES (38,35);
INSERT INTO `serials_directors` (serial_id,director_id) VALUES (39,24);
INSERT INTO `serials_directors` (serial_id,director_id) VALUES (40,9);
INSERT INTO `serials_directors` (serial_id,director_id) VALUES (41,26);
INSERT INTO `serials_directors` (serial_id,director_id) VALUES (42,41);
INSERT INTO `serials_directors` (serial_id,director_id) VALUES (43,102);
INSERT INTO `serials_directors` (serial_id,director_id) VALUES (44,73);
INSERT INTO `serials_directors` (serial_id,director_id) VALUES (45,23);
INSERT INTO `serials_directors` (serial_id,director_id) VALUES (46,26);
INSERT INTO `serials_directors` (serial_id,director_id) VALUES (47,23);
INSERT INTO `serials_directors` (serial_id,director_id) VALUES (48,66);
INSERT INTO `serials_directors` (serial_id,director_id) VALUES (49,67);
INSERT INTO `serials_directors` (serial_id,director_id) VALUES (50,23);
INSERT INTO `serials_directors` (serial_id,director_id) VALUES (51,24);
INSERT INTO `serials_directors` (serial_id,director_id) VALUES (52,99);
INSERT INTO `serials_directors` (serial_id,director_id) VALUES (53,66);
INSERT INTO `serials_directors` (serial_id,director_id) VALUES (54,26);
INSERT INTO `serials_directors` (serial_id,director_id) VALUES (54,9);
INSERT INTO `serials_directors` (serial_id,director_id) VALUES (55,9);
INSERT INTO `serials_directors` (serial_id,director_id) VALUES (56,99);
INSERT INTO `serials_directors` (serial_id,director_id) VALUES (57,66);
INSERT INTO `serials_directors` (serial_id,director_id) VALUES (58,65);
INSERT INTO `serials_directors` (serial_id,director_id) VALUES (59,16);
INSERT INTO `serials_directors` (serial_id,director_id) VALUES (60,78);
INSERT INTO `serials_directors` (serial_id,director_id) VALUES (61,58);
INSERT INTO `serials_directors` (serial_id,director_id) VALUES (62,65);
INSERT INTO `serials_directors` (serial_id,director_id) VALUES (63,16);
INSERT INTO `serials_directors` (serial_id,director_id) VALUES (64,78);
INSERT INTO `serials_directors` (serial_id,director_id) VALUES (65,58);
INSERT INTO `serials_directors` (serial_id,director_id) VALUES (66,9);
INSERT INTO `serials_directors` (serial_id,director_id) VALUES (67,78);
INSERT INTO `serials_directors` (serial_id,director_id) VALUES (68,23);
INSERT INTO `serials_directors` (serial_id,director_id) VALUES (69,65);
INSERT INTO `serials_directors` (serial_id,director_id) VALUES (70,2);
INSERT INTO `serials_directors` (serial_id,director_id) VALUES (71,77);
INSERT INTO `serials_directors` (serial_id,director_id) VALUES (72,65);
INSERT INTO `serials_directors` (serial_id,director_id) VALUES (73,58);
INSERT INTO `serials_directors` (serial_id,director_id) VALUES (74,9);
INSERT INTO `serials_directors` (serial_id,director_id) VALUES (75,16);
INSERT INTO `serials_directors` (serial_id,director_id) VALUES (76,91);
INSERT INTO `serials_directors` (serial_id,director_id) VALUES (77,91);
INSERT INTO `serials_directors` (serial_id,director_id) VALUES (78,23);
INSERT INTO `serials_directors` (serial_id,director_id) VALUES (79,65);
INSERT INTO `serials_directors` (serial_id,director_id) VALUES (80,26);
INSERT INTO `serials_directors` (serial_id,director_id) VALUES (81,23);
INSERT INTO `serials_directors` (serial_id,director_id) VALUES (82,77);
INSERT INTO `serials_directors` (serial_id,director_id) VALUES (83,9);
INSERT INTO `serials_directors` (serial_id,director_id) VALUES (84,16);
INSERT INTO `serials_directors` (serial_id,director_id) VALUES (85,26);
INSERT INTO `serials_directors` (serial_id,director_id) VALUES (86,91);
INSERT INTO `serials_directors` (serial_id,director_id) VALUES (87,58);
INSERT INTO `serials_directors` (serial_id,director_id) VALUES (88,23);
INSERT INTO `serials_directors` (serial_id,director_id) VALUES (89,82);
INSERT INTO `serials_directors` (serial_id,director_id) VALUES (90,65);
INSERT INTO `serials_directors` (serial_id,director_id) VALUES (91,23);
INSERT INTO `serials_directors` (serial_id,director_id) VALUES (92,77);
INSERT INTO `serials_directors` (serial_id,director_id) VALUES (93,25);
INSERT INTO `serials_directors` (serial_id,director_id) VALUES (94,34);
INSERT INTO `serials_directors` (serial_id,director_id) VALUES (95,82);
INSERT INTO `serials_directors` (serial_id,director_id) VALUES (96,76);
INSERT INTO `serials_directors` (serial_id,director_id) VALUES (97,35);
INSERT INTO `serials_directors` (serial_id,director_id) VALUES (98,34);
INSERT INTO `serials_directors` (serial_id,director_id) VALUES (99,82);
INSERT INTO `serials_directors` (serial_id,director_id) VALUES (100,22);
INSERT INTO `serials_directors` (serial_id,director_id) VALUES (101,68);
INSERT INTO `serials_directors` (serial_id,director_id) VALUES (102,76);
INSERT INTO `serials_directors` (serial_id,director_id) VALUES (103,68);
INSERT INTO `serials_directors` (serial_id,director_id) VALUES (104,56);
INSERT INTO `serials_directors` (serial_id,director_id) VALUES (105,68);
INSERT INTO `serials_directors` (serial_id,director_id) VALUES (106,16);
INSERT INTO `serials_directors` (serial_id,director_id) VALUES (107,2);
INSERT INTO `serials_directors` (serial_id,director_id) VALUES (108,57);
INSERT INTO `serials_directors` (serial_id,director_id) VALUES (109,82);
INSERT INTO `serials_directors` (serial_id,director_id) VALUES (110,59);
INSERT INTO `serials_directors` (serial_id,director_id) VALUES (111,98);
INSERT INTO `serials_directors` (serial_id,director_id) VALUES (112,83);
INSERT INTO `serials_directors` (serial_id,director_id) VALUES (113,85);
INSERT INTO `serials_directors` (serial_id,director_id) VALUES (114,79);
INSERT INTO `serials_directors` (serial_id,director_id) VALUES (114,38);
INSERT INTO `serials_directors` (serial_id,director_id) VALUES (115,47);
INSERT INTO `serials_directors` (serial_id,director_id) VALUES (116,83);
INSERT INTO `serials_directors` (serial_id,director_id) VALUES (117,31);
INSERT INTO `serials_directors` (serial_id,director_id) VALUES (118,47);
INSERT INTO `serials_directors` (serial_id,director_id) VALUES (119,83);
INSERT INTO `serials_directors` (serial_id,director_id) VALUES (120,85);
INSERT INTO `serials_directors` (serial_id,director_id) VALUES (121,92);
INSERT INTO `serials_directors` (serial_id,director_id) VALUES (122,83);
INSERT INTO `serials_directors` (serial_id,director_id) VALUES (123,92);
INSERT INTO `serials_directors` (serial_id,director_id) VALUES (124,92);
INSERT INTO `serials_directors` (serial_id,director_id) VALUES (125,31);
INSERT INTO `serials_directors` (serial_id,director_id) VALUES (126,85);
INSERT INTO `serials_directors` (serial_id,director_id) VALUES (127,61);
INSERT INTO `serials_directors` (serial_id,director_id) VALUES (128,31);
INSERT INTO `serials_directors` (serial_id,director_id) VALUES (129,101);
INSERT INTO `serials_directors` (serial_id,director_id) VALUES (130,85);
INSERT INTO `serials_directors` (serial_id,director_id) VALUES (131,82);
INSERT INTO `serials_directors` (serial_id,director_id) VALUES (132,72);
INSERT INTO `serials_directors` (serial_id,director_id) VALUES (133,92);
INSERT INTO `serials_directors` (serial_id,director_id) VALUES (134,63);
INSERT INTO `serials_directors` (serial_id,director_id) VALUES (135,31);
INSERT INTO `serials_directors` (serial_id,director_id) VALUES (136,38);
INSERT INTO `serials_directors` (serial_id,director_id) VALUES (137,85);
INSERT INTO `serials_directors` (serial_id,director_id) VALUES (138,63);
INSERT INTO `serials_directors` (serial_id,director_id) VALUES (139,92);
INSERT INTO `serials_directors` (serial_id,director_id) VALUES (140,93);
INSERT INTO `serials_directors` (serial_id,director_id) VALUES (141,85);
INSERT INTO `serials_directors` (serial_id,director_id) VALUES (142,82);
INSERT INTO `serials_directors` (serial_id,director_id) VALUES (143,38);
INSERT INTO `serials_directors` (serial_id,director_id) VALUES (144,74);
INSERT INTO `serials_directors` (serial_id,director_id) VALUES (145,92);
INSERT INTO `serials_directors` (serial_id,director_id) VALUES (146,15);
INSERT INTO `serials_directors` (serial_id,director_id) VALUES (147,15);
INSERT INTO `serials_directors` (serial_id,director_id) VALUES (148,6);
INSERT INTO `serials_directors` (serial_id,director_id) VALUES (149,74);
INSERT INTO `serials_directors` (serial_id,director_id) VALUES (150,15);
INSERT INTO `serials_directors` (serial_id,director_id) VALUES (151,15);
INSERT INTO `serials_directors` (serial_id,director_id) VALUES (152,6);
INSERT INTO `serials_directors` (serial_id,director_id) VALUES (153,15);
INSERT INTO `serials_directors` (serial_id,director_id) VALUES (154,15);
INSERT INTO `serials_directors` (serial_id,director_id) VALUES (155,3);
INSERT INTO `serials_directors` (serial_id,director_id) VALUES (156,70);
INSERT INTO `serials_directors` (serial_id,director_id) VALUES (157,3);
INSERT INTO `serials_directors` (serial_id,director_id) VALUES (158,74);
INSERT INTO `serials_directors` (serial_id,director_id) VALUES (159,3);
INSERT INTO `serials_directors` (serial_id,director_id) VALUES (160,33);
INSERT INTO `serials_directors` (serial_id,director_id) VALUES (161,55);
INSERT INTO `serials_directors` (serial_id,director_id) VALUES (162,29);
INSERT INTO `serials_directors` (serial_id,director_id) VALUES (163,29);
INSERT INTO `serials_directors` (serial_id,director_id) VALUES (164,55);
INSERT INTO `serials_directors` (serial_id,director_id) VALUES (165,55);
INSERT INTO `serials_directors` (serial_id,director_id) VALUES (166,46);
INSERT INTO `serials_directors` (serial_id,director_id) VALUES (167,12);
INSERT INTO `serials_directors` (serial_id,director_id) VALUES (168,46);
INSERT INTO `serials_directors` (serial_id,director_id) VALUES (169,42);
INSERT INTO `serials_directors` (serial_id,director_id) VALUES (170,42);
INSERT INTO `serials_directors` (serial_id,director_id) VALUES (171,46);
INSERT INTO `serials_directors` (serial_id,director_id) VALUES (172,46);
INSERT INTO `serials_directors` (serial_id,director_id) VALUES (173,46);
INSERT INTO `serials_directors` (serial_id,director_id) VALUES (174,42);
INSERT INTO `serials_directors` (serial_id,director_id) VALUES (175,42);
INSERT INTO `serials_directors` (serial_id,director_id) VALUES (176,29);
INSERT INTO `serials_directors` (serial_id,director_id) VALUES (177,42);
INSERT INTO `serials_directors` (serial_id,director_id) VALUES (178,29);
INSERT INTO `serials_directors` (serial_id,director_id) VALUES (179,38);
INSERT INTO `serials_directors` (serial_id,director_id) VALUES (180,38);
INSERT INTO `serials_directors` (serial_id,director_id) VALUES (181,29);
INSERT INTO `serials_directors` (serial_id,director_id) VALUES (182,43);
INSERT INTO `serials_directors` (serial_id,director_id) VALUES (183,43);
INSERT INTO `serials_directors` (serial_id,director_id) VALUES (184,19);
INSERT INTO `serials_directors` (serial_id,director_id) VALUES (185,29);
INSERT INTO `serials_directors` (serial_id,director_id) VALUES (186,38);
INSERT INTO `serials_directors` (serial_id,director_id) VALUES (187,38);
INSERT INTO `serials_directors` (serial_id,director_id) VALUES (188,29);
INSERT INTO `serials_directors` (serial_id,director_id) VALUES (189,14);
INSERT INTO `serials_directors` (serial_id,director_id) VALUES (190,14);
INSERT INTO `serials_directors` (serial_id,director_id) VALUES (191,88);
INSERT INTO `serials_directors` (serial_id,director_id) VALUES (192,43);
INSERT INTO `serials_directors` (serial_id,director_id) VALUES (193,43);
INSERT INTO `serials_directors` (serial_id,director_id) VALUES (194,88);
INSERT INTO `serials_directors` (serial_id,director_id) VALUES (195,38);
INSERT INTO `serials_directors` (serial_id,director_id) VALUES (196,14);
INSERT INTO `serials_directors` (serial_id,director_id) VALUES (197,14);
INSERT INTO `serials_directors` (serial_id,director_id) VALUES (198,40);
INSERT INTO `serials_directors` (serial_id,director_id) VALUES (199,38);
INSERT INTO `serials_directors` (serial_id,director_id) VALUES (200,17);
INSERT INTO `serials_directors` (serial_id,director_id) VALUES (201,17);
INSERT INTO `serials_directors` (serial_id,director_id) VALUES (202,43);
INSERT INTO `serials_directors` (serial_id,director_id) VALUES (203,43);
INSERT INTO `serials_directors` (serial_id,director_id) VALUES (204,17);
INSERT INTO `serials_directors` (serial_id,director_id) VALUES (205,38);
INSERT INTO `serials_directors` (serial_id,director_id) VALUES (206,27);
INSERT INTO `serials_directors` (serial_id,director_id) VALUES (207,27);
INSERT INTO `serials_directors` (serial_id,director_id) VALUES (208,4);
INSERT INTO `serials_directors` (serial_id,director_id) VALUES (209,38);
INSERT INTO `serials_directors` (serial_id,director_id) VALUES (210,29);
INSERT INTO `serials_directors` (serial_id,director_id) VALUES (211,29);
INSERT INTO `serials_directors` (serial_id,director_id) VALUES (212,4);
INSERT INTO `serials_directors` (serial_id,director_id) VALUES (213,38);
INSERT INTO `serials_directors` (serial_id,director_id) VALUES (214,38);
INSERT INTO `serials_directors` (serial_id,director_id) VALUES (215,38);
INSERT INTO `serials_directors` (serial_id,director_id) VALUES (216,7);
INSERT INTO `serials_directors` (serial_id,director_id) VALUES (217,43);
INSERT INTO `serials_directors` (serial_id,director_id) VALUES (218,38);
INSERT INTO `serials_directors` (serial_id,director_id) VALUES (219,29);
INSERT INTO `serials_directors` (serial_id,director_id) VALUES (220,29);
INSERT INTO `serials_directors` (serial_id,director_id) VALUES (221,1);
INSERT INTO `serials_directors` (serial_id,director_id) VALUES (222,5);
INSERT INTO `serials_directors` (serial_id,director_id) VALUES (223,5);
INSERT INTO `serials_directors` (serial_id,director_id) VALUES (224,1);
INSERT INTO `serials_directors` (serial_id,director_id) VALUES (225,1);
INSERT INTO `serials_directors` (serial_id,director_id) VALUES (226,51);
INSERT INTO `serials_directors` (serial_id,director_id) VALUES (227,13);
INSERT INTO `serials_directors` (serial_id,director_id) VALUES (228,8);
INSERT INTO `serials_directors` (serial_id,director_id) VALUES (229,8);
INSERT INTO `serials_directors` (serial_id,director_id) VALUES (230,51);
INSERT INTO `serials_directors` (serial_id,director_id) VALUES (231,13);
INSERT INTO `serials_directors` (serial_id,director_id) VALUES (232,100);
INSERT INTO `serials_directors` (serial_id,director_id) VALUES (233,100);
INSERT INTO `serials_directors` (serial_id,director_id) VALUES (234,100);
INSERT INTO `serials_directors` (serial_id,director_id) VALUES (235,100);
INSERT INTO `serials_directors` (serial_id,director_id) VALUES (236,100);
INSERT INTO `serials_directors` (serial_id,director_id) VALUES (237,45);
INSERT INTO `serials_directors` (serial_id,director_id) VALUES (238,88);
INSERT INTO `serials_directors` (serial_id,director_id) VALUES (239,53);
INSERT INTO `serials_directors` (serial_id,director_id) VALUES (240,53);
INSERT INTO `serials_directors` (serial_id,director_id) VALUES (241,84);
INSERT INTO `serials_directors` (serial_id,director_id) VALUES (242,90);
INSERT INTO `serials_directors` (serial_id,director_id) VALUES (243,88);
INSERT INTO `serials_directors` (serial_id,director_id) VALUES (244,75);
INSERT INTO `serials_directors` (serial_id,director_id) VALUES (245,75);
INSERT INTO `serials_directors` (serial_id,director_id) VALUES (246,97);
INSERT INTO `serials_directors` (serial_id,director_id) VALUES (247,45);
INSERT INTO `serials_directors` (serial_id,director_id) VALUES (248,30);
INSERT INTO `serials_directors` (serial_id,director_id) VALUES (249,75);
INSERT INTO `serials_directors` (serial_id,director_id) VALUES (250,94);
INSERT INTO `serials_directors` (serial_id,director_id) VALUES (251,94);
INSERT INTO `serials_directors` (serial_id,director_id) VALUES (252,27);
INSERT INTO `serials_directors` (serial_id,director_id) VALUES (253,75);
INSERT INTO `serials_directors` (serial_id,director_id) VALUES (254,94);
INSERT INTO `serials_directors` (serial_id,director_id) VALUES (255,18);
INSERT INTO `serials_directors` (serial_id,director_id) VALUES (256,30);
INSERT INTO `serials_directors` (serial_id,director_id) VALUES (257,27);
INSERT INTO `serials_directors` (serial_id,director_id) VALUES (258,44);
INSERT INTO `serials_directors` (serial_id,director_id) VALUES (259,62);
INSERT INTO `serials_directors` (serial_id,director_id) VALUES (260,94);
INSERT INTO `serials_directors` (serial_id,director_id) VALUES (261,96);
INSERT INTO `serials_directors` (serial_id,director_id) VALUES (262,94);
INSERT INTO `serials_directors` (serial_id,director_id) VALUES (263,75);
INSERT INTO `serials_directors` (serial_id,director_id) VALUES (264,44);
INSERT INTO `serials_directors` (serial_id,director_id) VALUES (265,10);
INSERT INTO `serials_directors` (serial_id,director_id) VALUES (266,10);
INSERT INTO `serials_directors` (serial_id,director_id) VALUES (267,80);
INSERT INTO `serials_directors` (serial_id,director_id) VALUES (268,27);
INSERT INTO `serials_directors` (serial_id,director_id) VALUES (269,27);
INSERT INTO `serials_directors` (serial_id,director_id) VALUES (270,80);
INSERT INTO `serials_directors` (serial_id,director_id) VALUES (271,81);
INSERT INTO `serials_directors` (serial_id,director_id) VALUES (272,81);
INSERT INTO `serials_directors` (serial_id,director_id) VALUES (273,27);
INSERT INTO `serials_directors` (serial_id,director_id) VALUES (274,95);
INSERT INTO `serials_directors` (serial_id,director_id) VALUES (275,86);
INSERT INTO `serials_directors` (serial_id,director_id) VALUES (276,86);
INSERT INTO `serials_directors` (serial_id,director_id) VALUES (277,81);
INSERT INTO `serials_directors` (serial_id,director_id) VALUES (278,40);
INSERT INTO `serials_directors` (serial_id,director_id) VALUES (279,40);
INSERT INTO `serials_directors` (serial_id,director_id) VALUES (280,21);
INSERT INTO `serials_directors` (serial_id,director_id) VALUES (281,21);
INSERT INTO `serials_directors` (serial_id,director_id) VALUES (282,28);
INSERT INTO `serials_directors` (serial_id,director_id) VALUES (283,28);
INSERT INTO `serials_directors` (serial_id,director_id) VALUES (284,20);
INSERT INTO `serials_directors` (serial_id,director_id) VALUES (285,20);
INSERT INTO `serials_directors` (serial_id,director_id) VALUES (286,54);
INSERT INTO `serials_directors` (serial_id,director_id) VALUES (287,54);
INSERT INTO `serials_directors` (serial_id,director_id) VALUES (288,86);
INSERT INTO `serials_directors` (serial_id,director_id) VALUES (289,86);
INSERT INTO `serials_directors` (serial_id,director_id) VALUES (290,27);
INSERT INTO `serials_directors` (serial_id,director_id) VALUES (291,28);
INSERT INTO `serials_directors` (serial_id,director_id) VALUES (292,37);
INSERT INTO `serials_directors` (serial_id,director_id) VALUES (293,37);
CREATE TABLE `serials` (
  `id` int(11) PRIMARY KEY NOT NULL,
  `season_id` int(11) NOT NULL,
  `story` text,
  `serial` int(11) DEFAULT NULL,
  `title` text NOT NULL,
  `production_code` text
);
INSERT INTO `serials` (id,season_id,story,serial,title,production_code) VALUES (1,1,'1',1,'An Unearthly Child','A');
INSERT INTO `serials` (id,season_id,story,serial,title,production_code) VALUES (2,1,'2',2,'The Daleks','B');
INSERT INTO `serials` (id,season_id,story,serial,title,production_code) VALUES (3,1,'3',3,'The Edge of Destruction','C');
INSERT INTO `serials` (id,season_id,story,serial,title,production_code) VALUES (4,1,'4',4,'Marco Polo','D');
INSERT INTO `serials` (id,season_id,story,serial,title,production_code) VALUES (5,1,'5',5,'The Keys of Marinus','E');
INSERT INTO `serials` (id,season_id,story,serial,title,production_code) VALUES (6,1,'6',6,'The Aztecs','F');
INSERT INTO `serials` (id,season_id,story,serial,title,production_code) VALUES (7,1,'7',7,'The Sensorites','G');
INSERT INTO `serials` (id,season_id,story,serial,title,production_code) VALUES (8,1,'8',8,'The Reign of Terror','H');
INSERT INTO `serials` (id,season_id,story,serial,title,production_code) VALUES (9,2,'9',1,'Planet of Giants','J');
INSERT INTO `serials` (id,season_id,story,serial,title,production_code) VALUES (10,2,'10',2,'The Dalek Invasion of Earth','K');
INSERT INTO `serials` (id,season_id,story,serial,title,production_code) VALUES (11,2,'11',3,'The Rescue','L');
INSERT INTO `serials` (id,season_id,story,serial,title,production_code) VALUES (12,2,'12',4,'The Romans','M');
INSERT INTO `serials` (id,season_id,story,serial,title,production_code) VALUES (13,2,'13',5,'The Web Planet','N');
INSERT INTO `serials` (id,season_id,story,serial,title,production_code) VALUES (14,2,'14',6,'The Crusade','P');
INSERT INTO `serials` (id,season_id,story,serial,title,production_code) VALUES (15,2,'15',7,'The Space Museum','Q');
INSERT INTO `serials` (id,season_id,story,serial,title,production_code) VALUES (16,2,'16',8,'The Chase','R');
INSERT INTO `serials` (id,season_id,story,serial,title,production_code) VALUES (17,2,'17',9,'The Time Meddler','S');
INSERT INTO `serials` (id,season_id,story,serial,title,production_code) VALUES (18,3,'18',1,'Galaxy 4','T');
INSERT INTO `serials` (id,season_id,story,serial,title,production_code) VALUES (19,3,'19',2,'Mission to the Unknown','T/A');
INSERT INTO `serials` (id,season_id,story,serial,title,production_code) VALUES (20,3,'20',3,'The Myth Makers','U');
INSERT INTO `serials` (id,season_id,story,serial,title,production_code) VALUES (21,3,'21',4,'The Daleks'' Master Plan','V');
INSERT INTO `serials` (id,season_id,story,serial,title,production_code) VALUES (22,3,'22',5,'The Massacre of St. Bartholomew''s Eve','W');
INSERT INTO `serials` (id,season_id,story,serial,title,production_code) VALUES (23,3,'23',6,'The Ark','X');
INSERT INTO `serials` (id,season_id,story,serial,title,production_code) VALUES (24,3,'24',7,'The Celestial Toymaker','Y');
INSERT INTO `serials` (id,season_id,story,serial,title,production_code) VALUES (25,3,'25',8,'The Gunfighters','Z');
INSERT INTO `serials` (id,season_id,story,serial,title,production_code) VALUES (26,3,'26',9,'The Savages','AA');
INSERT INTO `serials` (id,season_id,story,serial,title,production_code) VALUES (27,3,'27',10,'The War Machines','BB');
INSERT INTO `serials` (id,season_id,story,serial,title,production_code) VALUES (28,4,'28',1,'The Smugglers','CC');
INSERT INTO `serials` (id,season_id,story,serial,title,production_code) VALUES (29,4,'29',2,'The Tenth Planet','DD');
INSERT INTO `serials` (id,season_id,story,serial,title,production_code) VALUES (30,4,'30',3,'The Power of the Daleks','EE');
INSERT INTO `serials` (id,season_id,story,serial,title,production_code) VALUES (31,4,'31',4,'The Highlanders','FF');
INSERT INTO `serials` (id,season_id,story,serial,title,production_code) VALUES (32,4,'32',5,'The Underwater Menace','GG');
INSERT INTO `serials` (id,season_id,story,serial,title,production_code) VALUES (33,4,'33',6,'The Moonbase','HH');
INSERT INTO `serials` (id,season_id,story,serial,title,production_code) VALUES (34,4,'34',7,'The Macra Terror','JJ');
INSERT INTO `serials` (id,season_id,story,serial,title,production_code) VALUES (35,4,'35',8,'The Faceless Ones','KK');
INSERT INTO `serials` (id,season_id,story,serial,title,production_code) VALUES (36,4,'36',9,'The Evil of the Daleks','LL');
INSERT INTO `serials` (id,season_id,story,serial,title,production_code) VALUES (37,5,'37',1,'The Tomb of the Cybermen','MM');
INSERT INTO `serials` (id,season_id,story,serial,title,production_code) VALUES (38,5,'38',2,'The Abominable Snowmen','NN');
INSERT INTO `serials` (id,season_id,story,serial,title,production_code) VALUES (39,5,'39',3,'The Ice Warriors','OO');
INSERT INTO `serials` (id,season_id,story,serial,title,production_code) VALUES (40,5,'40',4,'The Enemy of the World','PP');
INSERT INTO `serials` (id,season_id,story,serial,title,production_code) VALUES (41,5,'41',5,'The Web of Fear','QQ');
INSERT INTO `serials` (id,season_id,story,serial,title,production_code) VALUES (42,5,'42',6,'Fury from the Deep','RR');
INSERT INTO `serials` (id,season_id,story,serial,title,production_code) VALUES (43,5,'43',7,'The Wheel in Space','SS');
INSERT INTO `serials` (id,season_id,story,serial,title,production_code) VALUES (44,6,'44',1,'The Dominators','TT');
INSERT INTO `serials` (id,season_id,story,serial,title,production_code) VALUES (45,6,'45',2,'The Mind Robber','UU');
INSERT INTO `serials` (id,season_id,story,serial,title,production_code) VALUES (46,6,'46',3,'The Invasion','VV');
INSERT INTO `serials` (id,season_id,story,serial,title,production_code) VALUES (47,6,'47',4,'The Krotons','WW');
INSERT INTO `serials` (id,season_id,story,serial,title,production_code) VALUES (48,6,'48',5,'The Seeds of Death','XX');
INSERT INTO `serials` (id,season_id,story,serial,title,production_code) VALUES (49,6,'49',6,'The Space Pirates','YY');
INSERT INTO `serials` (id,season_id,story,serial,title,production_code) VALUES (50,6,'50',7,'The War Games','ZZ');
INSERT INTO `serials` (id,season_id,story,serial,title,production_code) VALUES (51,7,'51',1,'Spearhead from Space','AAA');
INSERT INTO `serials` (id,season_id,story,serial,title,production_code) VALUES (52,7,'52',2,'Doctor Who and the Silurians','BBB');
INSERT INTO `serials` (id,season_id,story,serial,title,production_code) VALUES (53,7,'53',3,'The Ambassadors of Death','CCC');
INSERT INTO `serials` (id,season_id,story,serial,title,production_code) VALUES (54,7,'54',4,'Inferno','DDD');
INSERT INTO `serials` (id,season_id,story,serial,title,production_code) VALUES (55,8,'55',1,'Terror of the Autons','EEE');
INSERT INTO `serials` (id,season_id,story,serial,title,production_code) VALUES (56,8,'56',2,'The Mind of Evil','FFF');
INSERT INTO `serials` (id,season_id,story,serial,title,production_code) VALUES (57,8,'57',3,'The Claws of Axos','GGG');
INSERT INTO `serials` (id,season_id,story,serial,title,production_code) VALUES (58,8,'58',4,'Colony in Space','HHH');
INSERT INTO `serials` (id,season_id,story,serial,title,production_code) VALUES (59,8,'59',5,'The Daemons','JJJ');
INSERT INTO `serials` (id,season_id,story,serial,title,production_code) VALUES (60,9,'60',1,'Day of the Daleks','KKK');
INSERT INTO `serials` (id,season_id,story,serial,title,production_code) VALUES (61,9,'61',2,'The Curse of Peladon','MMM');
INSERT INTO `serials` (id,season_id,story,serial,title,production_code) VALUES (62,9,'62',3,'The Sea Devils','LLL');
INSERT INTO `serials` (id,season_id,story,serial,title,production_code) VALUES (63,9,'63',4,'The Mutants','NNN');
INSERT INTO `serials` (id,season_id,story,serial,title,production_code) VALUES (64,9,'64',5,'The Time Monster','OOO');
INSERT INTO `serials` (id,season_id,story,serial,title,production_code) VALUES (65,10,'65',1,'The Three Doctors','RRR');
INSERT INTO `serials` (id,season_id,story,serial,title,production_code) VALUES (66,10,'66',2,'Carnival of Monsters','PPP');
INSERT INTO `serials` (id,season_id,story,serial,title,production_code) VALUES (67,10,'67',3,'Frontier in Space','QQQ');
INSERT INTO `serials` (id,season_id,story,serial,title,production_code) VALUES (68,10,'68',4,'Planet of the Daleks','SSS');
INSERT INTO `serials` (id,season_id,story,serial,title,production_code) VALUES (69,10,'69',5,'The Green Death','TTT');
INSERT INTO `serials` (id,season_id,story,serial,title,production_code) VALUES (70,11,'70',1,'The Time Warrior','UUU');
INSERT INTO `serials` (id,season_id,story,serial,title,production_code) VALUES (71,11,'71',2,'Invasion of the Dinosaurs','WWW');
INSERT INTO `serials` (id,season_id,story,serial,title,production_code) VALUES (72,11,'72',3,'Death to the Daleks','XXX');
INSERT INTO `serials` (id,season_id,story,serial,title,production_code) VALUES (73,11,'73',4,'The Monster of Peladon','YYY');
INSERT INTO `serials` (id,season_id,story,serial,title,production_code) VALUES (74,11,'74',5,'Planet of the Spiders','ZZZ');
INSERT INTO `serials` (id,season_id,story,serial,title,production_code) VALUES (75,12,'75',1,'Robot','4A');
INSERT INTO `serials` (id,season_id,story,serial,title,production_code) VALUES (76,12,'76',2,'The Ark in Space','4C');
INSERT INTO `serials` (id,season_id,story,serial,title,production_code) VALUES (77,12,'77',3,'The Sontaran Experiment','4B');
INSERT INTO `serials` (id,season_id,story,serial,title,production_code) VALUES (78,12,'78',4,'Genesis of the Daleks','4E');
INSERT INTO `serials` (id,season_id,story,serial,title,production_code) VALUES (79,12,'79',5,'Revenge of the Cybermen','4D');
INSERT INTO `serials` (id,season_id,story,serial,title,production_code) VALUES (80,13,'80',1,'Terror of the Zygons','4F');
INSERT INTO `serials` (id,season_id,story,serial,title,production_code) VALUES (81,13,'81',2,'Planet of Evil','4H');
INSERT INTO `serials` (id,season_id,story,serial,title,production_code) VALUES (82,13,'82',3,'Pyramids of Mars','4G');
INSERT INTO `serials` (id,season_id,story,serial,title,production_code) VALUES (83,13,'83',4,'The Android Invation','4J');
INSERT INTO `serials` (id,season_id,story,serial,title,production_code) VALUES (84,13,'84',5,'The Brain of Morbius','4K');
INSERT INTO `serials` (id,season_id,story,serial,title,production_code) VALUES (85,13,'85',6,'The Seeds of Doom','4L');
INSERT INTO `serials` (id,season_id,story,serial,title,production_code) VALUES (86,14,'86',1,'The Masque of Mandragora','4M');
INSERT INTO `serials` (id,season_id,story,serial,title,production_code) VALUES (87,14,'87',2,'The Hand of Fear','4N');
INSERT INTO `serials` (id,season_id,story,serial,title,production_code) VALUES (88,14,'88',3,'The Deadly Assassin','4P');
INSERT INTO `serials` (id,season_id,story,serial,title,production_code) VALUES (89,14,'89',4,'The Face of Evil','4Q');
INSERT INTO `serials` (id,season_id,story,serial,title,production_code) VALUES (90,14,'90',5,'The Robots of Death','4R');
INSERT INTO `serials` (id,season_id,story,serial,title,production_code) VALUES (91,14,'91',6,'The Talons of Weng-Chiang','4S');
INSERT INTO `serials` (id,season_id,story,serial,title,production_code) VALUES (92,15,'92',1,'Horror of Fang Rock','4V');
INSERT INTO `serials` (id,season_id,story,serial,title,production_code) VALUES (93,15,'93',2,'The Invisible Enemy','4T');
INSERT INTO `serials` (id,season_id,story,serial,title,production_code) VALUES (94,15,'94',3,'Image of the Fendahl','4X');
INSERT INTO `serials` (id,season_id,story,serial,title,production_code) VALUES (95,15,'95',4,'The Sun Makers','4W');
INSERT INTO `serials` (id,season_id,story,serial,title,production_code) VALUES (96,15,'96',5,'Underworld','4Y');
INSERT INTO `serials` (id,season_id,story,serial,title,production_code) VALUES (97,15,'97',6,'The Invasion of Time','4Z');
INSERT INTO `serials` (id,season_id,story,serial,title,production_code) VALUES (98,16,'98',1,'The Ribos Operation','5A');
INSERT INTO `serials` (id,season_id,story,serial,title,production_code) VALUES (99,16,'99',2,'The Pirate Planet','5B');
INSERT INTO `serials` (id,season_id,story,serial,title,production_code) VALUES (100,16,'100',3,'The Stones of Blood','5C');
INSERT INTO `serials` (id,season_id,story,serial,title,production_code) VALUES (101,16,'101',4,'The Androids of Tara','5D');
INSERT INTO `serials` (id,season_id,story,serial,title,production_code) VALUES (102,16,'102',5,'The Power of Kroll','5E');
INSERT INTO `serials` (id,season_id,story,serial,title,production_code) VALUES (103,16,'103',6,'The Armageddon Factor','5F');
INSERT INTO `serials` (id,season_id,story,serial,title,production_code) VALUES (104,17,'104',1,'Destiny of the Daleks','5J');
INSERT INTO `serials` (id,season_id,story,serial,title,production_code) VALUES (105,17,'105',2,'City of Death','5H');
INSERT INTO `serials` (id,season_id,story,serial,title,production_code) VALUES (106,17,'106',3,'The Creature from the Pit','5G');
INSERT INTO `serials` (id,season_id,story,serial,title,production_code) VALUES (107,17,'107',4,'Nightmare of Eden','5K');
INSERT INTO `serials` (id,season_id,story,serial,title,production_code) VALUES (108,17,'108',5,'The Horns of Nimon','5L');
INSERT INTO `serials` (id,season_id,story,serial,title,production_code) VALUES (109,17,'',6,'Shada','5M');
INSERT INTO `serials` (id,season_id,story,serial,title,production_code) VALUES (110,18,'109',1,'The Leisure Hive','5N');
INSERT INTO `serials` (id,season_id,story,serial,title,production_code) VALUES (111,18,'110',2,'Meglos','5Q');
INSERT INTO `serials` (id,season_id,story,serial,title,production_code) VALUES (112,18,'111',3,'Full Circle','5R');
INSERT INTO `serials` (id,season_id,story,serial,title,production_code) VALUES (113,18,'112',4,'State of Decay','5P');
INSERT INTO `serials` (id,season_id,story,serial,title,production_code) VALUES (114,18,'113',5,'Warriors'' Gate','5S');
INSERT INTO `serials` (id,season_id,story,serial,title,production_code) VALUES (115,18,'114',6,'The Keeper of Traken','5T');
INSERT INTO `serials` (id,season_id,story,serial,title,production_code) VALUES (116,18,'115',7,'Logopolis','5V');
INSERT INTO `serials` (id,season_id,story,serial,title,production_code) VALUES (117,19,'116',1,'Castrovalva','5Z');
INSERT INTO `serials` (id,season_id,story,serial,title,production_code) VALUES (118,19,'117',2,'Four to Doomsday','5W');
INSERT INTO `serials` (id,season_id,story,serial,title,production_code) VALUES (119,19,'118',3,'Kinda','5Y');
INSERT INTO `serials` (id,season_id,story,serial,title,production_code) VALUES (120,19,'119',4,'The Visitation','5X');
INSERT INTO `serials` (id,season_id,story,serial,title,production_code) VALUES (121,19,'120',5,'Black Orchid','6A');
INSERT INTO `serials` (id,season_id,story,serial,title,production_code) VALUES (122,19,'121',6,'Earthshock','6B');
INSERT INTO `serials` (id,season_id,story,serial,title,production_code) VALUES (123,19,'122',7,'Time-Flight','6C');
INSERT INTO `serials` (id,season_id,story,serial,title,production_code) VALUES (124,20,'123',1,'Arc of Infinity','6E');
INSERT INTO `serials` (id,season_id,story,serial,title,production_code) VALUES (125,20,'124',2,'Snakedance','6D');
INSERT INTO `serials` (id,season_id,story,serial,title,production_code) VALUES (126,20,'125',3,'Mawdryn Undead','6F');
INSERT INTO `serials` (id,season_id,story,serial,title,production_code) VALUES (127,20,'126',4,'Terminus','6G');
INSERT INTO `serials` (id,season_id,story,serial,title,production_code) VALUES (128,20,'127',5,'Enlightenment','6H');
INSERT INTO `serials` (id,season_id,story,serial,title,production_code) VALUES (129,20,'128',6,'The King''s Demons','6J');
INSERT INTO `serials` (id,season_id,story,serial,title,production_code) VALUES (130,20,'129',0,'The Five Doctors','6K');
INSERT INTO `serials` (id,season_id,story,serial,title,production_code) VALUES (131,21,'130',1,'Warriors of the Deep','6L');
INSERT INTO `serials` (id,season_id,story,serial,title,production_code) VALUES (132,21,'131',2,'The Awakening','6M');
INSERT INTO `serials` (id,season_id,story,serial,title,production_code) VALUES (133,21,'132',3,'Frontios','6N');
INSERT INTO `serials` (id,season_id,story,serial,title,production_code) VALUES (134,21,'133',4,'Resurrection of the Daleks','6P');
INSERT INTO `serials` (id,season_id,story,serial,title,production_code) VALUES (135,21,'134',5,'Planet of Fire','6Q');
INSERT INTO `serials` (id,season_id,story,serial,title,production_code) VALUES (136,21,'135',6,'The Caves of Androzani','6R');
INSERT INTO `serials` (id,season_id,story,serial,title,production_code) VALUES (137,21,'136',7,'The Twin Dilemma','6S');
INSERT INTO `serials` (id,season_id,story,serial,title,production_code) VALUES (138,22,'137',1,'Attack of the Cybermen','6T');
INSERT INTO `serials` (id,season_id,story,serial,title,production_code) VALUES (139,22,'138',2,'Vengeance on Varos','6V');
INSERT INTO `serials` (id,season_id,story,serial,title,production_code) VALUES (140,22,'139',3,'The Mark of the Rani','6X');
INSERT INTO `serials` (id,season_id,story,serial,title,production_code) VALUES (141,22,'140',4,'The Two Doctors','6W');
INSERT INTO `serials` (id,season_id,story,serial,title,production_code) VALUES (142,22,'141',5,'Timelash','6Y');
INSERT INTO `serials` (id,season_id,story,serial,title,production_code) VALUES (143,22,'142',6,'Revelation of the Daleks','6Z');
INSERT INTO `serials` (id,season_id,story,serial,title,production_code) VALUES (144,23,'143a',1,'The Mysterious Planet','7A');
INSERT INTO `serials` (id,season_id,story,serial,title,production_code) VALUES (145,23,'143b',2,'Mindwarp','7B');
INSERT INTO `serials` (id,season_id,story,serial,title,production_code) VALUES (146,23,'143c',3,'Terror of the Vervoids','7C');
INSERT INTO `serials` (id,season_id,story,serial,title,production_code) VALUES (147,23,'143d',4,'The Ultimate Foe','7C');
INSERT INTO `serials` (id,season_id,story,serial,title,production_code) VALUES (148,24,'144',1,'Time and the Rani','7D');
INSERT INTO `serials` (id,season_id,story,serial,title,production_code) VALUES (149,24,'145',2,'Paradise Towers','7E');
INSERT INTO `serials` (id,season_id,story,serial,title,production_code) VALUES (150,24,'146',3,'Delta and the Bannermen','7F');
INSERT INTO `serials` (id,season_id,story,serial,title,production_code) VALUES (151,24,'147',4,'Dragonfire','7G');
INSERT INTO `serials` (id,season_id,story,serial,title,production_code) VALUES (152,25,'148',1,'Remembrance of the Daleks','7H');
INSERT INTO `serials` (id,season_id,story,serial,title,production_code) VALUES (153,25,'149',2,'The Happiness Patrol','7L');
INSERT INTO `serials` (id,season_id,story,serial,title,production_code) VALUES (154,25,'150',3,'Silver Nemesis','7K');
INSERT INTO `serials` (id,season_id,story,serial,title,production_code) VALUES (155,25,'151',4,'The Greatest Show in the Galaxy','7J');
INSERT INTO `serials` (id,season_id,story,serial,title,production_code) VALUES (156,26,'152',1,'Battlefield','7N');
INSERT INTO `serials` (id,season_id,story,serial,title,production_code) VALUES (157,26,'153',2,'Ghost Light','7Q');
INSERT INTO `serials` (id,season_id,story,serial,title,production_code) VALUES (158,26,'154',3,'The Curse of Fenric','7M');
INSERT INTO `serials` (id,season_id,story,serial,title,production_code) VALUES (159,26,'155',4,'Survival','7P');
INSERT INTO `serials` (id,season_id,story,serial,title,production_code) VALUES (160,27,'156',0,'Doctor Who','TVM');
INSERT INTO `serials` (id,season_id,story,serial,title,production_code) VALUES (161,28,'157',1,'Rose','1.1');
INSERT INTO `serials` (id,season_id,story,serial,title,production_code) VALUES (162,28,'158',2,'The End of the World','1.2');
INSERT INTO `serials` (id,season_id,story,serial,title,production_code) VALUES (163,28,'159',3,'The Unquiet Dead','1.3');
INSERT INTO `serials` (id,season_id,story,serial,title,production_code) VALUES (164,28,'160 (I)',4,'Aliens of London','1.4');
INSERT INTO `serials` (id,season_id,story,serial,title,production_code) VALUES (165,28,'160 (II)',5,'World War Three','1.5');
INSERT INTO `serials` (id,season_id,story,serial,title,production_code) VALUES (166,28,'161',6,'Dalek','1.6');
INSERT INTO `serials` (id,season_id,story,serial,title,production_code) VALUES (167,28,'162',7,'The Long Game','1.7');
INSERT INTO `serials` (id,season_id,story,serial,title,production_code) VALUES (168,28,'163',8,'Father''s Day','1.8');
INSERT INTO `serials` (id,season_id,story,serial,title,production_code) VALUES (169,28,'164 (I)',9,'The Empty Child','1.9');
INSERT INTO `serials` (id,season_id,story,serial,title,production_code) VALUES (170,28,'164 (II)',10,'The Doctor Dances','1.10');
INSERT INTO `serials` (id,season_id,story,serial,title,production_code) VALUES (171,28,'165',11,'Boom Town','1.11');
INSERT INTO `serials` (id,season_id,story,serial,title,production_code) VALUES (172,28,'166 (I)',12,'Bad Wolf','1.12');
INSERT INTO `serials` (id,season_id,story,serial,title,production_code) VALUES (173,28,'166 (II)',13,'The Parting of the Ways','1.13');
INSERT INTO `serials` (id,season_id,story,serial,title,production_code) VALUES (174,29,'167',0,'The Christmas Invasion','2X');
INSERT INTO `serials` (id,season_id,story,serial,title,production_code) VALUES (175,29,'168',1,'New Earth','2.1');
INSERT INTO `serials` (id,season_id,story,serial,title,production_code) VALUES (176,29,'169',2,'Tooth and Claw','2.2');
INSERT INTO `serials` (id,season_id,story,serial,title,production_code) VALUES (177,29,'170',3,'School Reunion','2.3');
INSERT INTO `serials` (id,season_id,story,serial,title,production_code) VALUES (178,29,'171',4,'The Girl in the Fireplace','2.4');
INSERT INTO `serials` (id,season_id,story,serial,title,production_code) VALUES (179,29,'172a',5,'Rise of the Cybermen','2.5');
INSERT INTO `serials` (id,season_id,story,serial,title,production_code) VALUES (180,29,'172b',6,'The Age of Steel','2.6');
INSERT INTO `serials` (id,season_id,story,serial,title,production_code) VALUES (181,29,'173',7,'The Idiot''s Lantern','2.7');
INSERT INTO `serials` (id,season_id,story,serial,title,production_code) VALUES (182,29,'174a',8,'The Impossible Planet','2.8');
INSERT INTO `serials` (id,season_id,story,serial,title,production_code) VALUES (183,29,'174b',9,'The Satan Pit','2.9');
INSERT INTO `serials` (id,season_id,story,serial,title,production_code) VALUES (184,29,'175',10,'Love & Monsters','2.10');
INSERT INTO `serials` (id,season_id,story,serial,title,production_code) VALUES (185,29,'176',11,'Fear Her','2.11');
INSERT INTO `serials` (id,season_id,story,serial,title,production_code) VALUES (186,29,'177a',12,'Army of Ghosts','2.12');
INSERT INTO `serials` (id,season_id,story,serial,title,production_code) VALUES (187,29,'177b',13,'Doomsday','2.13');
INSERT INTO `serials` (id,season_id,story,serial,title,production_code) VALUES (188,30,'178',0,'The Runaway Bride','3X');
INSERT INTO `serials` (id,season_id,story,serial,title,production_code) VALUES (189,30,'179',1,'Smith and Jones','3.1');
INSERT INTO `serials` (id,season_id,story,serial,title,production_code) VALUES (190,30,'180',2,'The Shakespeare Code','3.2');
INSERT INTO `serials` (id,season_id,story,serial,title,production_code) VALUES (191,30,'181',3,'Gridlock','3.3');
INSERT INTO `serials` (id,season_id,story,serial,title,production_code) VALUES (192,30,'182a',4,'Daleks in Manhattan','3.4');
INSERT INTO `serials` (id,season_id,story,serial,title,production_code) VALUES (193,30,'182b',5,'Evolution of the Daleks','3.5');
INSERT INTO `serials` (id,season_id,story,serial,title,production_code) VALUES (194,30,'183',6,'The Lazarus Experiment','3.6');
INSERT INTO `serials` (id,season_id,story,serial,title,production_code) VALUES (195,30,'184',7,'42','3.7');
INSERT INTO `serials` (id,season_id,story,serial,title,production_code) VALUES (196,30,'185a',8,'Human Nature','3.8');
INSERT INTO `serials` (id,season_id,story,serial,title,production_code) VALUES (197,30,'185b',9,'The Family of Blood','3.9');
INSERT INTO `serials` (id,season_id,story,serial,title,production_code) VALUES (198,30,'186',10,'Blink','3.10');
INSERT INTO `serials` (id,season_id,story,serial,title,production_code) VALUES (199,30,'187a',11,'Utopia','3.11');
INSERT INTO `serials` (id,season_id,story,serial,title,production_code) VALUES (200,30,'187b',12,'The Sound of Drums','3.12');
INSERT INTO `serials` (id,season_id,story,serial,title,production_code) VALUES (201,30,'187c',13,'Last of the Time Lords','3.13');
INSERT INTO `serials` (id,season_id,story,serial,title,production_code) VALUES (202,31,'188',0,'Voyage of the Damned','4X');
INSERT INTO `serials` (id,season_id,story,serial,title,production_code) VALUES (203,31,'189',1,'Partners in Crime','4.1');
INSERT INTO `serials` (id,season_id,story,serial,title,production_code) VALUES (204,31,'190',2,'The Fires of Pompeii','4.3');
INSERT INTO `serials` (id,season_id,story,serial,title,production_code) VALUES (205,31,'191',3,'Planet of the Ood','4.2');
INSERT INTO `serials` (id,season_id,story,serial,title,production_code) VALUES (206,31,'192a',4,'The Sontaran Stratagem','4.4');
INSERT INTO `serials` (id,season_id,story,serial,title,production_code) VALUES (207,31,'192b',5,'The Poison Sky','4.5');
INSERT INTO `serials` (id,season_id,story,serial,title,production_code) VALUES (208,31,'193',6,'The Doctor''s Daughter','4.6');
INSERT INTO `serials` (id,season_id,story,serial,title,production_code) VALUES (209,31,'194',7,'The Unicorn and the Wasp','4.7');
INSERT INTO `serials` (id,season_id,story,serial,title,production_code) VALUES (210,31,'195a',8,'Silence in the Library','4.9');
INSERT INTO `serials` (id,season_id,story,serial,title,production_code) VALUES (211,31,'195b',9,'Forest of the Dead','4.10');
INSERT INTO `serials` (id,season_id,story,serial,title,production_code) VALUES (212,31,'196',10,'Midnight','4.8');
INSERT INTO `serials` (id,season_id,story,serial,title,production_code) VALUES (213,31,'197',11,'Turn Left','4.11');
INSERT INTO `serials` (id,season_id,story,serial,title,production_code) VALUES (214,31,'198a',12,'The Stolen Earth','4.12');
INSERT INTO `serials` (id,season_id,story,serial,title,production_code) VALUES (215,31,'198b',13,'Journey''s End','4.13');
INSERT INTO `serials` (id,season_id,story,serial,title,production_code) VALUES (216,32,'199',1,'The Next Doctor','4.14');
INSERT INTO `serials` (id,season_id,story,serial,title,production_code) VALUES (217,32,'200',2,'Planet of the Dead','4.15');
INSERT INTO `serials` (id,season_id,story,serial,title,production_code) VALUES (218,32,'201',3,'The Waters of Mars','4.16');
INSERT INTO `serials` (id,season_id,story,serial,title,production_code) VALUES (219,32,'202',4,'The End of Time part 1','4.17');
INSERT INTO `serials` (id,season_id,story,serial,title,production_code) VALUES (220,32,'202',5,'The End of Time part 2','4.18');
INSERT INTO `serials` (id,season_id,story,serial,title,production_code) VALUES (221,33,'203',1,'The Eleventh Hour','1.1');
INSERT INTO `serials` (id,season_id,story,serial,title,production_code) VALUES (222,33,'204',2,'The Beast Below','1.2');
INSERT INTO `serials` (id,season_id,story,serial,title,production_code) VALUES (223,33,'205',3,'Victory of the Daleks','1.3');
INSERT INTO `serials` (id,season_id,story,serial,title,production_code) VALUES (224,33,'206a',4,'The Time of Angels','1.4');
INSERT INTO `serials` (id,season_id,story,serial,title,production_code) VALUES (225,33,'206b',5,'Flesh and Stone','1.5');
INSERT INTO `serials` (id,season_id,story,serial,title,production_code) VALUES (226,33,'207',6,'The Vampires of Venice','1.6');
INSERT INTO `serials` (id,season_id,story,serial,title,production_code) VALUES (227,33,'208',7,'Amy''s Choice','1.7');
INSERT INTO `serials` (id,season_id,story,serial,title,production_code) VALUES (228,33,'209a',8,'The Hungry Earth','1.8');
INSERT INTO `serials` (id,season_id,story,serial,title,production_code) VALUES (229,33,'209b',9,'Cold Blood','1.9');
INSERT INTO `serials` (id,season_id,story,serial,title,production_code) VALUES (230,33,'210',10,'Vincent and the Doctor','1.10');
INSERT INTO `serials` (id,season_id,story,serial,title,production_code) VALUES (231,33,'211',11,'The Lodger','1.11');
INSERT INTO `serials` (id,season_id,story,serial,title,production_code) VALUES (232,33,'212a',12,'The Pandoria Opens','1.12');
INSERT INTO `serials` (id,season_id,story,serial,title,production_code) VALUES (233,33,'212b',13,'The Big Bang','1.13');
INSERT INTO `serials` (id,season_id,story,serial,title,production_code) VALUES (234,34,'213',0,'A Christmas Carol','2.X');
INSERT INTO `serials` (id,season_id,story,serial,title,production_code) VALUES (235,34,'214a',1,'The Impossible Astronaut','2.1');
INSERT INTO `serials` (id,season_id,story,serial,title,production_code) VALUES (236,34,'214b',2,'Day of the Moon','2.2');
INSERT INTO `serials` (id,season_id,story,serial,title,production_code) VALUES (237,34,'215',3,'The Curse of the Black Spot','2.9');
INSERT INTO `serials` (id,season_id,story,serial,title,production_code) VALUES (238,34,'216',4,'The Doctor''s Wife','2.3');
INSERT INTO `serials` (id,season_id,story,serial,title,production_code) VALUES (239,34,'217a',5,'The Rebel Flesh','2.5');
INSERT INTO `serials` (id,season_id,story,serial,title,production_code) VALUES (240,34,'217b',6,'The Almost People','2.6');
INSERT INTO `serials` (id,season_id,story,serial,title,production_code) VALUES (241,34,'218',7,'A Good Man Goes to War','2.7');
INSERT INTO `serials` (id,season_id,story,serial,title,production_code) VALUES (242,34,'219',8,'Let''s Kill Hitler','2.8');
INSERT INTO `serials` (id,season_id,story,serial,title,production_code) VALUES (243,34,'220',9,'Night Terrors','2.4');
INSERT INTO `serials` (id,season_id,story,serial,title,production_code) VALUES (244,34,'221',10,'The Girl Who Waited','2.10');
INSERT INTO `serials` (id,season_id,story,serial,title,production_code) VALUES (245,34,'222',11,'The God Complex','2.11');
INSERT INTO `serials` (id,season_id,story,serial,title,production_code) VALUES (246,34,'223',12,'Closing Time','2.12');
INSERT INTO `serials` (id,season_id,story,serial,title,production_code) VALUES (247,34,'224',13,'The Wedding of River Song','2.13');
INSERT INTO `serials` (id,season_id,story,serial,title,production_code) VALUES (248,35,'225',0,'The Doctor, the Widow and the Wardrobe','');
INSERT INTO `serials` (id,season_id,story,serial,title,production_code) VALUES (249,35,'226',1,'Asylum of the Daleks','');
INSERT INTO `serials` (id,season_id,story,serial,title,production_code) VALUES (250,35,'227',2,'Dinosaurs on a Spaceship','');
INSERT INTO `serials` (id,season_id,story,serial,title,production_code) VALUES (251,35,'228',3,'A Town Called Mercy','');
INSERT INTO `serials` (id,season_id,story,serial,title,production_code) VALUES (252,35,'229',4,'The Power of Three','');
INSERT INTO `serials` (id,season_id,story,serial,title,production_code) VALUES (253,35,'230',5,'The Angels Take Manhattan','');
INSERT INTO `serials` (id,season_id,story,serial,title,production_code) VALUES (254,35,'231',0,'The Snowmen','');
INSERT INTO `serials` (id,season_id,story,serial,title,production_code) VALUES (255,35,'232',6,'The Bells of Saint John','');
INSERT INTO `serials` (id,season_id,story,serial,title,production_code) VALUES (256,35,'233',7,'The Rings of Akhaten','');
INSERT INTO `serials` (id,season_id,story,serial,title,production_code) VALUES (257,35,'234',8,'Cold War','');
INSERT INTO `serials` (id,season_id,story,serial,title,production_code) VALUES (258,35,'235',9,'Hide','');
INSERT INTO `serials` (id,season_id,story,serial,title,production_code) VALUES (259,35,'236',10,'Journey to the Centre of the TARDIS','');
INSERT INTO `serials` (id,season_id,story,serial,title,production_code) VALUES (260,35,'237',11,'The Crimson Horror','');
INSERT INTO `serials` (id,season_id,story,serial,title,production_code) VALUES (261,35,'238',12,'Nightmare in Silver','');
INSERT INTO `serials` (id,season_id,story,serial,title,production_code) VALUES (262,35,'239',13,'The Name of the Doctor','');
INSERT INTO `serials` (id,season_id,story,serial,title,production_code) VALUES (263,36,'240',1,'The Day of the Doctor','');
INSERT INTO `serials` (id,season_id,story,serial,title,production_code) VALUES (264,36,'241',2,'The Time of the Doctor','');
INSERT INTO `serials` (id,season_id,story,serial,title,production_code) VALUES (265,37,'242',1,'Deep Breath','');
INSERT INTO `serials` (id,season_id,story,serial,title,production_code) VALUES (266,37,'243',2,'Into the Dalek','');
INSERT INTO `serials` (id,season_id,story,serial,title,production_code) VALUES (267,37,'244',3,'Robot of Sherwood','');
INSERT INTO `serials` (id,season_id,story,serial,title,production_code) VALUES (268,37,'245',4,'Listen','');
INSERT INTO `serials` (id,season_id,story,serial,title,production_code) VALUES (269,37,'246',5,'Time Heist','');
INSERT INTO `serials` (id,season_id,story,serial,title,production_code) VALUES (270,37,'247',6,'The Caretaker','');
INSERT INTO `serials` (id,season_id,story,serial,title,production_code) VALUES (271,37,'248',7,'Kill the Moon','');
INSERT INTO `serials` (id,season_id,story,serial,title,production_code) VALUES (272,37,'249',8,'Mummy on the Orient Express','');
INSERT INTO `serials` (id,season_id,story,serial,title,production_code) VALUES (273,37,'250',9,'Flatline','');
INSERT INTO `serials` (id,season_id,story,serial,title,production_code) VALUES (274,37,'251',10,'In the Forest of the Night','');
INSERT INTO `serials` (id,season_id,story,serial,title,production_code) VALUES (275,37,'252a',11,'Dark Water','');
INSERT INTO `serials` (id,season_id,story,serial,title,production_code) VALUES (276,37,'252b',12,'Death in Heaven','');
INSERT INTO `serials` (id,season_id,story,serial,title,production_code) VALUES (277,38,'253',0,'Last Christmas','');
INSERT INTO `serials` (id,season_id,story,serial,title,production_code) VALUES (278,38,'254a',1,'The Magician''s Apprentice','');
INSERT INTO `serials` (id,season_id,story,serial,title,production_code) VALUES (279,38,'254b',2,'The Witch''s Familiar','');
INSERT INTO `serials` (id,season_id,story,serial,title,production_code) VALUES (280,38,'255a',3,'Under the Lake','');
INSERT INTO `serials` (id,season_id,story,serial,title,production_code) VALUES (281,38,'255b',4,'Before the Flood','');
INSERT INTO `serials` (id,season_id,story,serial,title,production_code) VALUES (282,38,'256',5,'The Girl Who Died','');
INSERT INTO `serials` (id,season_id,story,serial,title,production_code) VALUES (283,38,'257',6,'The Woman Who Lived','');
INSERT INTO `serials` (id,season_id,story,serial,title,production_code) VALUES (284,38,'258a',7,'The Zygon Invasion','');
INSERT INTO `serials` (id,season_id,story,serial,title,production_code) VALUES (285,38,'258b',8,'The Zygon Inversion','');
INSERT INTO `serials` (id,season_id,story,serial,title,production_code) VALUES (286,38,'259',9,'Sleep No More','');
INSERT INTO `serials` (id,season_id,story,serial,title,production_code) VALUES (287,38,'260',10,'Face the Raven','');
INSERT INTO `serials` (id,season_id,story,serial,title,production_code) VALUES (288,38,'261',11,'Heaven Sent','');
INSERT INTO `serials` (id,season_id,story,serial,title,production_code) VALUES (289,38,'262',12,'Hell Bent','');
INSERT INTO `serials` (id,season_id,story,serial,title,production_code) VALUES (290,38,'263',0,'The Husbands of River Song','');
INSERT INTO `serials` (id,season_id,story,serial,title,production_code) VALUES (291,39,'264',0,'The Return of Doctor Mysterio','');
INSERT INTO `serials` (id,season_id,story,serial,title,production_code) VALUES (292,40,'',0,'Dr. Who and the Daleks','');
INSERT INTO `serials` (id,season_id,story,serial,title,production_code) VALUES (293,40,'',0,'Daleks -- Invasion Earth: 2150 A.D.','');
CREATE TABLE `seasons` (
  `id` int(11) PRIMARY KEY NOT NULL,
  `name` text NOT NULL
);
INSERT INTO `seasons` (id,name) VALUES (1,'Season 1');
INSERT INTO `seasons` (id,name) VALUES (2,'Season 2');
INSERT INTO `seasons` (id,name) VALUES (3,'Season 3');
INSERT INTO `seasons` (id,name) VALUES (4,'Season 4');
INSERT INTO `seasons` (id,name) VALUES (5,'Season 5');
INSERT INTO `seasons` (id,name) VALUES (6,'Season 6');
INSERT INTO `seasons` (id,name) VALUES (7,'Season 7');
INSERT INTO `seasons` (id,name) VALUES (8,'Season 8');
INSERT INTO `seasons` (id,name) VALUES (9,'Season 9');
INSERT INTO `seasons` (id,name) VALUES (10,'Season 10');
INSERT INTO `seasons` (id,name) VALUES (11,'Season 11');
INSERT INTO `seasons` (id,name) VALUES (12,'Season 12');
INSERT INTO `seasons` (id,name) VALUES (13,'Season 13');
INSERT INTO `seasons` (id,name) VALUES (14,'Season 14');
INSERT INTO `seasons` (id,name) VALUES (15,'Season 15');
INSERT INTO `seasons` (id,name) VALUES (16,'Season 16');
INSERT INTO `seasons` (id,name) VALUES (17,'Season 17');
INSERT INTO `seasons` (id,name) VALUES (18,'Season 18');
INSERT INTO `seasons` (id,name) VALUES (19,'Season 19');
INSERT INTO `seasons` (id,name) VALUES (20,'Season 20');
INSERT INTO `seasons` (id,name) VALUES (21,'Season 21');
INSERT INTO `seasons` (id,name) VALUES (22,'Season 22');
INSERT INTO `seasons` (id,name) VALUES (23,'Season 23');
INSERT INTO `seasons` (id,name) VALUES (24,'Season 24');
INSERT INTO `seasons` (id,name) VALUES (25,'Season 25');
INSERT INTO `seasons` (id,name) VALUES (26,'Season 26');
INSERT INTO `seasons` (id,name) VALUES (27,'TV movie');
INSERT INTO `seasons` (id,name) VALUES (28,'Series 1');
INSERT INTO `seasons` (id,name) VALUES (29,'Series 2');
INSERT INTO `seasons` (id,name) VALUES (30,'Series 3');
INSERT INTO `seasons` (id,name) VALUES (31,'Series 4');
INSERT INTO `seasons` (id,name) VALUES (32,'Specials (20082010)');
INSERT INTO `seasons` (id,name) VALUES (33,'Series 5');
INSERT INTO `seasons` (id,name) VALUES (34,'Series 6');
INSERT INTO `seasons` (id,name) VALUES (35,'Series 7');
INSERT INTO `seasons` (id,name) VALUES (36,'Specials (2013)');
INSERT INTO `seasons` (id,name) VALUES (37,'Series 8');
INSERT INTO `seasons` (id,name) VALUES (38,'Series 9');
INSERT INTO `seasons` (id,name) VALUES (39,'Series 10');
INSERT INTO `seasons` (id,name) VALUES (40,'Films');
CREATE TABLE "episodes" (
	`id`	INTEGER NOT NULL PRIMARY KEY AUTOINCREMENT,
	`title`	TEXT NOT NULL,
	`serial_id`	INTEGER NOT NULL,
	`episode_order`	INTEGER NOT NULL,
	`original_air_date`	TEXT NOT NULL,
	`runtime`	TEXT,
	`uk_viewers_mm`	NUMERIC,
	`appreciation_index`	INTEGER,
	`missing`	INTEGER DEFAULT 0,
	`recreated`	INTEGER DEFAULT 0
);
INSERT INTO `episodes` (id,title,serial_id,episode_order,original_air_date,runtime,uk_viewers_mm,appreciation_index,missing,recreated) VALUES (1,'An Unearthly Child',1,1,'1963-11-23','23:24',4.4,63,0,0);
INSERT INTO `episodes` (id,title,serial_id,episode_order,original_air_date,runtime,uk_viewers_mm,appreciation_index,missing,recreated) VALUES (2,'The Cave of Skulls',1,2,'1963-11-30','24:26',5.9,59,0,0);
INSERT INTO `episodes` (id,title,serial_id,episode_order,original_air_date,runtime,uk_viewers_mm,appreciation_index,missing,recreated) VALUES (3,'The Forest of Fear',1,3,'1963-12-07','23:38',6.9,56,0,0);
INSERT INTO `episodes` (id,title,serial_id,episode_order,original_air_date,runtime,uk_viewers_mm,appreciation_index,missing,recreated) VALUES (4,'The Firemaker',1,4,'1963-12-14','24:22',6.4,55,0,0);
INSERT INTO `episodes` (id,title,serial_id,episode_order,original_air_date,runtime,uk_viewers_mm,appreciation_index,missing,recreated) VALUES (5,'The Dead Planet',2,1,'1963-12-21','24:22',6.9,59,0,0);
INSERT INTO `episodes` (id,title,serial_id,episode_order,original_air_date,runtime,uk_viewers_mm,appreciation_index,missing,recreated) VALUES (6,'The Survivors',2,2,'1963-12-28','24:27',6.4,58,0,0);
INSERT INTO `episodes` (id,title,serial_id,episode_order,original_air_date,runtime,uk_viewers_mm,appreciation_index,missing,recreated) VALUES (7,'The Escape',2,3,'1964-01-04','25:10',8.9,63,0,0);
INSERT INTO `episodes` (id,title,serial_id,episode_order,original_air_date,runtime,uk_viewers_mm,appreciation_index,missing,recreated) VALUES (8,'The Ambush',2,4,'1964-01-11','24:37',9.9,63,0,0);
INSERT INTO `episodes` (id,title,serial_id,episode_order,original_air_date,runtime,uk_viewers_mm,appreciation_index,missing,recreated) VALUES (9,'The Expedition',2,5,'1964-01-18','24:31',9.9,63,0,0);
INSERT INTO `episodes` (id,title,serial_id,episode_order,original_air_date,runtime,uk_viewers_mm,appreciation_index,missing,recreated) VALUES (10,'The Ordeal',2,6,'1964-01-25','26:14',10.4,63,0,0);
INSERT INTO `episodes` (id,title,serial_id,episode_order,original_air_date,runtime,uk_viewers_mm,appreciation_index,missing,recreated) VALUES (11,'The Rescue',2,7,'1964-02-01','22:24',10.4,65,0,0);
INSERT INTO `episodes` (id,title,serial_id,episode_order,original_air_date,runtime,uk_viewers_mm,appreciation_index,missing,recreated) VALUES (12,'The Edge of Destruction',3,1,'1964-02-08','25:04',10.4,61,0,0);
INSERT INTO `episodes` (id,title,serial_id,episode_order,original_air_date,runtime,uk_viewers_mm,appreciation_index,missing,recreated) VALUES (13,'The Brink of Disaster',3,2,'1964-02-15','22:11',9.9,60,0,0);
INSERT INTO `episodes` (id,title,serial_id,episode_order,original_air_date,runtime,uk_viewers_mm,appreciation_index,missing,recreated) VALUES (14,'The Roof of the World',4,1,'1964-02-22','24:12',9.4,63,1,0);
INSERT INTO `episodes` (id,title,serial_id,episode_order,original_air_date,runtime,uk_viewers_mm,appreciation_index,missing,recreated) VALUES (15,'The Singing Sands',4,2,'1964-02-29','26:34',9.4,62,1,0);
INSERT INTO `episodes` (id,title,serial_id,episode_order,original_air_date,runtime,uk_viewers_mm,appreciation_index,missing,recreated) VALUES (16,'Five Hundred Eyes',4,3,'1964-03-07','22:20',9.4,62,1,0);
INSERT INTO `episodes` (id,title,serial_id,episode_order,original_air_date,runtime,uk_viewers_mm,appreciation_index,missing,recreated) VALUES (17,'The Wall of Lies',4,4,'1964-03-14','24:48',9.9,60,1,0);
INSERT INTO `episodes` (id,title,serial_id,episode_order,original_air_date,runtime,uk_viewers_mm,appreciation_index,missing,recreated) VALUES (18,'Rider from Shang-Tu',4,5,'1964-03-21','23:26',9.4,59,1,0);
INSERT INTO `episodes` (id,title,serial_id,episode_order,original_air_date,runtime,uk_viewers_mm,appreciation_index,missing,recreated) VALUES (19,'Mighty Kublai Khan',4,6,'1964-03-28','25:36',8.4,59,1,0);
INSERT INTO `episodes` (id,title,serial_id,episode_order,original_air_date,runtime,uk_viewers_mm,appreciation_index,missing,recreated) VALUES (20,'Assassain at Peking',4,7,'1964-04-04','24:48',10.4,59,1,0);
INSERT INTO `episodes` (id,title,serial_id,episode_order,original_air_date,runtime,uk_viewers_mm,appreciation_index,missing,recreated) VALUES (21,'The Sea of Death',5,1,'1964-04-11','23:20',9.9,62,0,0);
INSERT INTO `episodes` (id,title,serial_id,episode_order,original_air_date,runtime,uk_viewers_mm,appreciation_index,missing,recreated) VALUES (22,'The Velvet Web',5,2,'1964-04-18','25:37',9.4,60,0,0);
INSERT INTO `episodes` (id,title,serial_id,episode_order,original_air_date,runtime,uk_viewers_mm,appreciation_index,missing,recreated) VALUES (23,'The Screaming Jungle',5,3,'1964-04-25','23:45',9.9,61,0,0);
INSERT INTO `episodes` (id,title,serial_id,episode_order,original_air_date,runtime,uk_viewers_mm,appreciation_index,missing,recreated) VALUES (24,'The Snows of Terror',5,4,'1964-05-02','24:54',10.4,60,0,0);
INSERT INTO `episodes` (id,title,serial_id,episode_order,original_air_date,runtime,uk_viewers_mm,appreciation_index,missing,recreated) VALUES (25,'Sentence of Death',5,5,'1964-05-09','25:03',7.9,61,0,0);
INSERT INTO `episodes` (id,title,serial_id,episode_order,original_air_date,runtime,uk_viewers_mm,appreciation_index,missing,recreated) VALUES (26,'The Keys of Marinus',5,6,'1964-05-16','25:11',6.9,63,0,0);
INSERT INTO `episodes` (id,title,serial_id,episode_order,original_air_date,runtime,uk_viewers_mm,appreciation_index,missing,recreated) VALUES (27,'The Temple of Evil',6,1,'1964-05-23','23:56',7.4,62,0,0);
INSERT INTO `episodes` (id,title,serial_id,episode_order,original_air_date,runtime,uk_viewers_mm,appreciation_index,missing,recreated) VALUES (28,'The Warriors of Death',6,2,'1964-05-30','24:11',7.4,62,0,0);
INSERT INTO `episodes` (id,title,serial_id,episode_order,original_air_date,runtime,uk_viewers_mm,appreciation_index,missing,recreated) VALUES (29,'The Bride of Sacrifice',6,3,'1964-06-06','25:27',7.9,57,0,0);
INSERT INTO `episodes` (id,title,serial_id,episode_order,original_air_date,runtime,uk_viewers_mm,appreciation_index,missing,recreated) VALUES (30,'The Day of Darkness',6,4,'1964-06-13','25:30',7.4,58,0,0);
INSERT INTO `episodes` (id,title,serial_id,episode_order,original_air_date,runtime,uk_viewers_mm,appreciation_index,missing,recreated) VALUES (31,'Strangers in Space',7,1,'1964-06-20','24:46',7.9,59,0,0);
INSERT INTO `episodes` (id,title,serial_id,episode_order,original_air_date,runtime,uk_viewers_mm,appreciation_index,missing,recreated) VALUES (32,'The Unwilling Warriors',7,2,'1964-06-27','24:44',6.9,59,0,0);
INSERT INTO `episodes` (id,title,serial_id,episode_order,original_air_date,runtime,uk_viewers_mm,appreciation_index,missing,recreated) VALUES (33,'Hidden Danger',7,3,'1964-07-11','24:53',7.4,56,0,0);
INSERT INTO `episodes` (id,title,serial_id,episode_order,original_air_date,runtime,uk_viewers_mm,appreciation_index,missing,recreated) VALUES (34,'A Race Against Death',7,4,'1964-07-18','24:49',5.5,60,0,0);
INSERT INTO `episodes` (id,title,serial_id,episode_order,original_air_date,runtime,uk_viewers_mm,appreciation_index,missing,recreated) VALUES (35,'Kidnap',7,5,'1964-07-25','25:47',6.9,57,0,0);
INSERT INTO `episodes` (id,title,serial_id,episode_order,original_air_date,runtime,uk_viewers_mm,appreciation_index,missing,recreated) VALUES (36,'A Desperate Venture',7,6,'1964-08-01','24:29',6.9,57,0,0);
INSERT INTO `episodes` (id,title,serial_id,episode_order,original_air_date,runtime,uk_viewers_mm,appreciation_index,missing,recreated) VALUES (37,'A Land of Fear',8,1,'1964-08-08','24:24',6.9,58,0,0);
INSERT INTO `episodes` (id,title,serial_id,episode_order,original_air_date,runtime,uk_viewers_mm,appreciation_index,missing,recreated) VALUES (38,'Guests of Madame Guillotine',8,2,'1964-08-15','24:04',6.9,54,0,0);
INSERT INTO `episodes` (id,title,serial_id,episode_order,original_air_date,runtime,uk_viewers_mm,appreciation_index,missing,recreated) VALUES (39,'A Change of Identity',8,3,'1964-08-22','25:23',6.9,55,0,0);
INSERT INTO `episodes` (id,title,serial_id,episode_order,original_air_date,runtime,uk_viewers_mm,appreciation_index,missing,recreated) VALUES (40,'The Tyrant of France',8,4,'1964-08-29','24:46',6.4,53,1,1);
INSERT INTO `episodes` (id,title,serial_id,episode_order,original_air_date,runtime,uk_viewers_mm,appreciation_index,missing,recreated) VALUES (41,'A Bargain of Necessity',8,5,'1964-09-05','23:51',6.9,53,1,1);
INSERT INTO `episodes` (id,title,serial_id,episode_order,original_air_date,runtime,uk_viewers_mm,appreciation_index,missing,recreated) VALUES (42,'Prisoners of Conciergerie',8,6,'1964-09-12','25:04',6.4,55,0,0);
INSERT INTO `episodes` (id,title,serial_id,episode_order,original_air_date,runtime,uk_viewers_mm,appreciation_index,missing,recreated) VALUES (43,'Planet of Giants',9,1,'1964-10-31','23:15',8.4,57,0,0);
INSERT INTO `episodes` (id,title,serial_id,episode_order,original_air_date,runtime,uk_viewers_mm,appreciation_index,missing,recreated) VALUES (44,'Dangerous Journey',9,2,'1964-11-07','23:40',8.4,58,0,0);
INSERT INTO `episodes` (id,title,serial_id,episode_order,original_air_date,runtime,uk_viewers_mm,appreciation_index,missing,recreated) VALUES (45,'Crisis',9,3,'1964-11-14','26:35',8.9,59,0,0);
INSERT INTO `episodes` (id,title,serial_id,episode_order,original_air_date,runtime,uk_viewers_mm,appreciation_index,missing,recreated) VALUES (46,'World''s End',10,1,'1964-11-21','23:42',11.4,63,0,0);
INSERT INTO `episodes` (id,title,serial_id,episode_order,original_air_date,runtime,uk_viewers_mm,appreciation_index,missing,recreated) VALUES (47,'The Daleks',10,2,'1964-11-28','24:19',12.4,59,0,0);
INSERT INTO `episodes` (id,title,serial_id,episode_order,original_air_date,runtime,uk_viewers_mm,appreciation_index,missing,recreated) VALUES (48,'Day of Reckoning',10,3,'1964-12-05','26:50',11.9,59,0,0);
INSERT INTO `episodes` (id,title,serial_id,episode_order,original_air_date,runtime,uk_viewers_mm,appreciation_index,missing,recreated) VALUES (49,'The End of Tomorrow',10,4,'1964-12-12','23:23',11.9,59,0,0);
INSERT INTO `episodes` (id,title,serial_id,episode_order,original_air_date,runtime,uk_viewers_mm,appreciation_index,missing,recreated) VALUES (50,'The Waking Ally',10,5,'1964-12-19','24:29',11.4,58,0,0);
INSERT INTO `episodes` (id,title,serial_id,episode_order,original_air_date,runtime,uk_viewers_mm,appreciation_index,missing,recreated) VALUES (51,'Flashpoint',10,6,'1964-12-26','25:21',12.4,63,0,0);
INSERT INTO `episodes` (id,title,serial_id,episode_order,original_air_date,runtime,uk_viewers_mm,appreciation_index,missing,recreated) VALUES (52,'The Powerful Enemy',11,1,'1965-01-02','26:15',12,57,0,0);
INSERT INTO `episodes` (id,title,serial_id,episode_order,original_air_date,runtime,uk_viewers_mm,appreciation_index,missing,recreated) VALUES (53,'Desperate Measures',11,2,'1965-01-09','24:36',13,59,0,0);
INSERT INTO `episodes` (id,title,serial_id,episode_order,original_air_date,runtime,uk_viewers_mm,appreciation_index,missing,recreated) VALUES (54,'The Slave Traders',12,1,'1965-01-16','24:14',13,53,0,0);
INSERT INTO `episodes` (id,title,serial_id,episode_order,original_air_date,runtime,uk_viewers_mm,appreciation_index,missing,recreated) VALUES (55,'All Roads Lead to Rome',12,2,'1965-01-23','23:14',11.5,51,0,0);
INSERT INTO `episodes` (id,title,serial_id,episode_order,original_air_date,runtime,uk_viewers_mm,appreciation_index,missing,recreated) VALUES (56,'Conspiracy',12,3,'1965-01-30','26:18',10,50,0,0);
INSERT INTO `episodes` (id,title,serial_id,episode_order,original_air_date,runtime,uk_viewers_mm,appreciation_index,missing,recreated) VALUES (57,'Inferno',12,4,'1965-02-06','23:09',12,50,0,0);
INSERT INTO `episodes` (id,title,serial_id,episode_order,original_air_date,runtime,uk_viewers_mm,appreciation_index,missing,recreated) VALUES (58,'The Web Planet',13,1,'1965-02-13','23:57',13.5,56,0,0);
INSERT INTO `episodes` (id,title,serial_id,episode_order,original_air_date,runtime,uk_viewers_mm,appreciation_index,missing,recreated) VALUES (59,'The Zarbi',13,2,'1965-02-20','23:20',12.5,53,0,0);
INSERT INTO `episodes` (id,title,serial_id,episode_order,original_air_date,runtime,uk_viewers_mm,appreciation_index,missing,recreated) VALUES (60,'Escape to Danger',13,3,'1965-02-27','22:52',12.5,53,0,0);
INSERT INTO `episodes` (id,title,serial_id,episode_order,original_air_date,runtime,uk_viewers_mm,appreciation_index,missing,recreated) VALUES (61,'Crater of Needles',13,4,'1965-03-06','25:50',13,49,0,0);
INSERT INTO `episodes` (id,title,serial_id,episode_order,original_air_date,runtime,uk_viewers_mm,appreciation_index,missing,recreated) VALUES (62,'Invasion',13,5,'1965-03-13','26:04',12,48,0,0);
INSERT INTO `episodes` (id,title,serial_id,episode_order,original_air_date,runtime,uk_viewers_mm,appreciation_index,missing,recreated) VALUES (63,'The Centre',13,6,'1965-03-20','24:32',11.5,42,0,0);
INSERT INTO `episodes` (id,title,serial_id,episode_order,original_air_date,runtime,uk_viewers_mm,appreciation_index,missing,recreated) VALUES (64,'The Lion',14,1,'1965-03-27','24:56',10.5,51,0,0);
INSERT INTO `episodes` (id,title,serial_id,episode_order,original_air_date,runtime,uk_viewers_mm,appreciation_index,missing,recreated) VALUES (65,'The Kinght of Jaffa',14,2,'1965-04-03','23:28',8.5,50,1,0);
INSERT INTO `episodes` (id,title,serial_id,episode_order,original_air_date,runtime,uk_viewers_mm,appreciation_index,missing,recreated) VALUES (66,'The Wheel of Fortune',14,3,'1965-04-10','24:51',9,49,0,0);
INSERT INTO `episodes` (id,title,serial_id,episode_order,original_air_date,runtime,uk_viewers_mm,appreciation_index,missing,recreated) VALUES (67,'The Warlords',14,4,'1965-04-17','23:40',9.5,48,1,0);
INSERT INTO `episodes` (id,title,serial_id,episode_order,original_air_date,runtime,uk_viewers_mm,appreciation_index,missing,recreated) VALUES (68,'The Space Museum',15,1,'1965-04-24','23:38',10.5,61,0,0);
INSERT INTO `episodes` (id,title,serial_id,episode_order,original_air_date,runtime,uk_viewers_mm,appreciation_index,missing,recreated) VALUES (69,'The Dimensions of Time',15,2,'1965-05-01','22:00',9.2,53,0,0);
INSERT INTO `episodes` (id,title,serial_id,episode_order,original_air_date,runtime,uk_viewers_mm,appreciation_index,missing,recreated) VALUES (70,'The Search',15,3,'1965-05-08','23:33',8.5,56,0,0);
INSERT INTO `episodes` (id,title,serial_id,episode_order,original_air_date,runtime,uk_viewers_mm,appreciation_index,missing,recreated) VALUES (71,'The Final Phase',15,4,'1965-05-15','22:15',8.5,49,0,0);
INSERT INTO `episodes` (id,title,serial_id,episode_order,original_air_date,runtime,uk_viewers_mm,appreciation_index,missing,recreated) VALUES (72,'The Executioners',16,1,'1965-05-22','25:25',10,57,0,0);
INSERT INTO `episodes` (id,title,serial_id,episode_order,original_air_date,runtime,uk_viewers_mm,appreciation_index,missing,recreated) VALUES (73,'The Death of Time',16,2,'1965-05-29','23:32',9.5,56,0,0);
INSERT INTO `episodes` (id,title,serial_id,episode_order,original_air_date,runtime,uk_viewers_mm,appreciation_index,missing,recreated) VALUES (74,'Flight Through Eternity',16,3,'1965-06-05','25:23',9,55,0,0);
INSERT INTO `episodes` (id,title,serial_id,episode_order,original_air_date,runtime,uk_viewers_mm,appreciation_index,missing,recreated) VALUES (75,'Journey Into Terror',16,4,'1965-06-12','23:49',9.5,54,0,0);
INSERT INTO `episodes` (id,title,serial_id,episode_order,original_air_date,runtime,uk_viewers_mm,appreciation_index,missing,recreated) VALUES (76,'The Death of Doctor Who',16,5,'1965-06-19','23:27',9,56,0,0);
INSERT INTO `episodes` (id,title,serial_id,episode_order,original_air_date,runtime,uk_viewers_mm,appreciation_index,missing,recreated) VALUES (77,'The Planet of Decision',16,6,'1965-06-26','26:29',9.5,57,0,0);
INSERT INTO `episodes` (id,title,serial_id,episode_order,original_air_date,runtime,uk_viewers_mm,appreciation_index,missing,recreated) VALUES (78,'The Watcher',17,1,'1965-07-03','24:05',8.9,57,0,0);
INSERT INTO `episodes` (id,title,serial_id,episode_order,original_air_date,runtime,uk_viewers_mm,appreciation_index,missing,recreated) VALUES (79,'The Meddling Monk',17,2,'1965-07-10','25:17',8.8,49,0,0);
INSERT INTO `episodes` (id,title,serial_id,episode_order,original_air_date,runtime,uk_viewers_mm,appreciation_index,missing,recreated) VALUES (80,'A Battle of Wits',17,3,'1965-07-17','24:10',7.7,53,0,0);
INSERT INTO `episodes` (id,title,serial_id,episode_order,original_air_date,runtime,uk_viewers_mm,appreciation_index,missing,recreated) VALUES (81,'Checkmate',17,4,'1965-07-24','24:00',8.3,54,0,0);
INSERT INTO `episodes` (id,title,serial_id,episode_order,original_air_date,runtime,uk_viewers_mm,appreciation_index,missing,recreated) VALUES (82,'Four Hundred Dawns',18,1,'1965-09-11','22:21',9,56,1,0);
INSERT INTO `episodes` (id,title,serial_id,episode_order,original_air_date,runtime,uk_viewers_mm,appreciation_index,missing,recreated) VALUES (83,'Trap of Steel',18,2,'1965-09-18','24:51',9.5,55,1,0);
INSERT INTO `episodes` (id,title,serial_id,episode_order,original_air_date,runtime,uk_viewers_mm,appreciation_index,missing,recreated) VALUES (84,'Air Lock',18,3,'1965-09-25','24:19',11.3,54,0,0);
INSERT INTO `episodes` (id,title,serial_id,episode_order,original_air_date,runtime,uk_viewers_mm,appreciation_index,missing,recreated) VALUES (85,'The Exploding Planet',18,4,'1965-10-02','24:47',9.9,53,1,0);
INSERT INTO `episodes` (id,title,serial_id,episode_order,original_air_date,runtime,uk_viewers_mm,appreciation_index,missing,recreated) VALUES (86,'Mission to the Unknown',19,1,'1965-10-09','24:42
',8.3,54,0,0);
INSERT INTO `episodes` (id,title,serial_id,episode_order,original_air_date,runtime,uk_viewers_mm,appreciation_index,missing,recreated) VALUES (87,'Temple of Secrets',20,1,'1965-10-16','24:45',8.3,48,1,0);
INSERT INTO `episodes` (id,title,serial_id,episode_order,original_air_date,runtime,uk_viewers_mm,appreciation_index,missing,recreated) VALUES (88,'Small Prophet, Quick Return',20,2,'1965-10-23','24:43',8.1,51,1,0);
INSERT INTO `episodes` (id,title,serial_id,episode_order,original_air_date,runtime,uk_viewers_mm,appreciation_index,missing,recreated) VALUES (89,'Death of a Spy',20,3,'1965-10-30','25:39',8.7,49,1,0);
INSERT INTO `episodes` (id,title,serial_id,episode_order,original_air_date,runtime,uk_viewers_mm,appreciation_index,missing,recreated) VALUES (90,'Horse of Destruction',20,4,'1965-11-06','24:25',8.3,52,1,0);
INSERT INTO `episodes` (id,title,serial_id,episode_order,original_air_date,runtime,uk_viewers_mm,appreciation_index,missing,recreated) VALUES (91,'The Nightmare Begins',21,1,'1965-11-13','22:52',9.1,54,1,0);
INSERT INTO `episodes` (id,title,serial_id,episode_order,original_air_date,runtime,uk_viewers_mm,appreciation_index,missing,recreated) VALUES (92,'Day of Armageddon',21,2,'1965-11-20','24:25',9.8,52,0,0);
INSERT INTO `episodes` (id,title,serial_id,episode_order,original_air_date,runtime,uk_viewers_mm,appreciation_index,missing,recreated) VALUES (93,'Devil''s Planet',21,3,'1965-11-27','24:30',10.3,52,1,0);
INSERT INTO `episodes` (id,title,serial_id,episode_order,original_air_date,runtime,uk_viewers_mm,appreciation_index,missing,recreated) VALUES (94,'The Traitors',21,4,'1965-12-04','24:42',9.5,51,1,0);
INSERT INTO `episodes` (id,title,serial_id,episode_order,original_air_date,runtime,uk_viewers_mm,appreciation_index,missing,recreated) VALUES (95,'Counter Plot',21,5,'1965-12-11','24:03',9.9,53,0,0);
INSERT INTO `episodes` (id,title,serial_id,episode_order,original_air_date,runtime,uk_viewers_mm,appreciation_index,missing,recreated) VALUES (96,'Coronas of the Sun',21,6,'1965-12-18','24:45',9.1,56,1,0);
INSERT INTO `episodes` (id,title,serial_id,episode_order,original_air_date,runtime,uk_viewers_mm,appreciation_index,missing,recreated) VALUES (97,'The Feast of Steven',21,7,'1965-12-25','24:36',7.9,39,1,0);
INSERT INTO `episodes` (id,title,serial_id,episode_order,original_air_date,runtime,uk_viewers_mm,appreciation_index,missing,recreated) VALUES (98,'Volcano',21,8,'1966-01-01','24:42',9.6,49,1,0);
INSERT INTO `episodes` (id,title,serial_id,episode_order,original_air_date,runtime,uk_viewers_mm,appreciation_index,missing,recreated) VALUES (99,'Golden Death',21,9,'1966-01-08','24:38',9.2,52,1,0);
INSERT INTO `episodes` (id,title,serial_id,episode_order,original_air_date,runtime,uk_viewers_mm,appreciation_index,missing,recreated) VALUES (100,'Escape Switch',21,10,'1966-01-15','23:37',9.5,50,0,0);
INSERT INTO `episodes` (id,title,serial_id,episode_order,original_air_date,runtime,uk_viewers_mm,appreciation_index,missing,recreated) VALUES (101,'The Abandoned Planet',21,11,'1966-01-22','24:34',9.8,49,1,0);
INSERT INTO `episodes` (id,title,serial_id,episode_order,original_air_date,runtime,uk_viewers_mm,appreciation_index,missing,recreated) VALUES (102,'Destruction of Time',21,12,'1966-01-29','23:31',8.6,57,1,0);
INSERT INTO `episodes` (id,title,serial_id,episode_order,original_air_date,runtime,uk_viewers_mm,appreciation_index,missing,recreated) VALUES (103,'War of God',22,1,'1966-02-05','24:51',8,52,1,0);
INSERT INTO `episodes` (id,title,serial_id,episode_order,original_air_date,runtime,uk_viewers_mm,appreciation_index,missing,recreated) VALUES (104,'The Sea Beggar',22,2,'1966-02-12','24:43',6,52,1,0);
INSERT INTO `episodes` (id,title,serial_id,episode_order,original_air_date,runtime,uk_viewers_mm,appreciation_index,missing,recreated) VALUES (105,'Priest of Death',22,3,'1966-02-19','24:33',5.9,49,1,0);
INSERT INTO `episodes` (id,title,serial_id,episode_order,original_air_date,runtime,uk_viewers_mm,appreciation_index,missing,recreated) VALUES (106,'Bell of Doom',22,4,'1966-02-26','25:06',5.8,53,1,0);
INSERT INTO `episodes` (id,title,serial_id,episode_order,original_air_date,runtime,uk_viewers_mm,appreciation_index,missing,recreated) VALUES (107,'The Steel Sky',23,1,'1966-03-05','24:00',5.5,55,0,0);
INSERT INTO `episodes` (id,title,serial_id,episode_order,original_air_date,runtime,uk_viewers_mm,appreciation_index,missing,recreated) VALUES (108,'The Plague',23,2,'1966-03-12','25:00',6.9,56,0,0);
INSERT INTO `episodes` (id,title,serial_id,episode_order,original_air_date,runtime,uk_viewers_mm,appreciation_index,missing,recreated) VALUES (109,'The Return',23,3,'1966-03-19','24:19',6.2,51,0,0);
INSERT INTO `episodes` (id,title,serial_id,episode_order,original_air_date,runtime,uk_viewers_mm,appreciation_index,missing,recreated) VALUES (110,'The Bomb',23,4,'1966-03-26','24:37',7.3,50,0,0);
INSERT INTO `episodes` (id,title,serial_id,episode_order,original_air_date,runtime,uk_viewers_mm,appreciation_index,missing,recreated) VALUES (111,'The Celestial Toyroom',24,1,'1966-04-02','24:40',8,48,1,0);
INSERT INTO `episodes` (id,title,serial_id,episode_order,original_air_date,runtime,uk_viewers_mm,appreciation_index,missing,recreated) VALUES (112,'The Hall of Dolls',24,2,'1966-04-09','24:45',8,49,1,0);
INSERT INTO `episodes` (id,title,serial_id,episode_order,original_air_date,runtime,uk_viewers_mm,appreciation_index,missing,recreated) VALUES (113,'The Dancing Floor',24,3,'1966-04-16','24:10',9.4,44,1,0);
INSERT INTO `episodes` (id,title,serial_id,episode_order,original_air_date,runtime,uk_viewers_mm,appreciation_index,missing,recreated) VALUES (114,'The Final Test',24,4,'1966-04-23','23:57',7.8,43,0,0);
INSERT INTO `episodes` (id,title,serial_id,episode_order,original_air_date,runtime,uk_viewers_mm,appreciation_index,missing,recreated) VALUES (115,'A Holiday for the Doctor',25,1,'1966-04-30','23:48',6.5,45,0,0);
INSERT INTO `episodes` (id,title,serial_id,episode_order,original_air_date,runtime,uk_viewers_mm,appreciation_index,missing,recreated) VALUES (116,'Don''t Shoot the Pianist',25,2,'1966-05-07','23:47',6.6,39,0,0);
INSERT INTO `episodes` (id,title,serial_id,episode_order,original_air_date,runtime,uk_viewers_mm,appreciation_index,missing,recreated) VALUES (117,'Johnny Ringo',25,3,'1966-05-14','23:52',6.2,36,0,0);
INSERT INTO `episodes` (id,title,serial_id,episode_order,original_air_date,runtime,uk_viewers_mm,appreciation_index,missing,recreated) VALUES (118,'The OK Corral',25,4,'1966-05-21','23:53',5.7,30,0,0);
INSERT INTO `episodes` (id,title,serial_id,episode_order,original_air_date,runtime,uk_viewers_mm,appreciation_index,missing,recreated) VALUES (119,'Episode 1',26,1,'1966-05-28','23:41',4.8,48,1,0);
INSERT INTO `episodes` (id,title,serial_id,episode_order,original_air_date,runtime,uk_viewers_mm,appreciation_index,missing,recreated) VALUES (120,'Episode 2',26,2,'1966-06-04','23:57',5.6,49,1,0);
INSERT INTO `episodes` (id,title,serial_id,episode_order,original_air_date,runtime,uk_viewers_mm,appreciation_index,missing,recreated) VALUES (121,'Episode 3',26,3,'1966-06-11','24:59',5,48,1,0);
INSERT INTO `episodes` (id,title,serial_id,episode_order,original_air_date,runtime,uk_viewers_mm,appreciation_index,missing,recreated) VALUES (122,'Episode 4',26,4,'1966-06-18','24:41',4.5,48,1,0);
INSERT INTO `episodes` (id,title,serial_id,episode_order,original_air_date,runtime,uk_viewers_mm,appreciation_index,missing,recreated) VALUES (123,'Episode 1',27,1,'1966-06-25','24:01',5.4,49,0,0);
INSERT INTO `episodes` (id,title,serial_id,episode_order,original_air_date,runtime,uk_viewers_mm,appreciation_index,missing,recreated) VALUES (124,'Episode 2',27,2,'1966-07-02','24:00',4.7,45,0,0);
INSERT INTO `episodes` (id,title,serial_id,episode_order,original_air_date,runtime,uk_viewers_mm,appreciation_index,missing,recreated) VALUES (125,'Episode 3',27,3,'1966-07-09','23:58',5.3,44,0,0);
INSERT INTO `episodes` (id,title,serial_id,episode_order,original_air_date,runtime,uk_viewers_mm,appreciation_index,missing,recreated) VALUES (126,'Episode 4',27,4,'1966-07-16','23:11',5.5,39,0,0);
INSERT INTO `episodes` (id,title,serial_id,episode_order,original_air_date,runtime,uk_viewers_mm,appreciation_index,missing,recreated) VALUES (127,'Episode 1',28,1,'1966-09-10','24:36',4.3,47,1,0);
INSERT INTO `episodes` (id,title,serial_id,episode_order,original_air_date,runtime,uk_viewers_mm,appreciation_index,missing,recreated) VALUES (128,'Episode 2',28,2,'1966-09-17','24:27',4.9,45,1,0);
INSERT INTO `episodes` (id,title,serial_id,episode_order,original_air_date,runtime,uk_viewers_mm,appreciation_index,missing,recreated) VALUES (129,'Episode 3',28,3,'1966-09-24','23:55',4.2,43,1,0);
INSERT INTO `episodes` (id,title,serial_id,episode_order,original_air_date,runtime,uk_viewers_mm,appreciation_index,missing,recreated) VALUES (130,'Episode 4',28,4,'1966-10-01','23:37',4.5,43,1,0);
INSERT INTO `episodes` (id,title,serial_id,episode_order,original_air_date,runtime,uk_viewers_mm,appreciation_index,missing,recreated) VALUES (131,'Episode 1',29,1,'1966-10-08','23:08',5.5,50,0,0);
INSERT INTO `episodes` (id,title,serial_id,episode_order,original_air_date,runtime,uk_viewers_mm,appreciation_index,missing,recreated) VALUES (132,'Episode 2',29,2,'1966-10-15','23:15',6.4,48,0,0);
INSERT INTO `episodes` (id,title,serial_id,episode_order,original_air_date,runtime,uk_viewers_mm,appreciation_index,missing,recreated) VALUES (133,'Episode 3',29,3,'1966-10-22','23:31',7.6,48,0,0);
INSERT INTO `episodes` (id,title,serial_id,episode_order,original_air_date,runtime,uk_viewers_mm,appreciation_index,missing,recreated) VALUES (134,'Episode 4',29,4,'1966-10-29','24:02',7.5,47,1,0);
INSERT INTO `episodes` (id,title,serial_id,episode_order,original_air_date,runtime,uk_viewers_mm,appreciation_index,missing,recreated) VALUES (135,'Episode 1',30,1,'1966-11-05','25:43',7.9,43,1,0);
INSERT INTO `episodes` (id,title,serial_id,episode_order,original_air_date,runtime,uk_viewers_mm,appreciation_index,missing,recreated) VALUES (136,'Episode 2',30,2,'1966-11-12','24:29',7.8,45,1,0);
INSERT INTO `episodes` (id,title,serial_id,episode_order,original_air_date,runtime,uk_viewers_mm,appreciation_index,missing,recreated) VALUES (137,'Episode 3',30,3,'1966-11-19','23:31',7.5,44,1,0);
INSERT INTO `episodes` (id,title,serial_id,episode_order,original_air_date,runtime,uk_viewers_mm,appreciation_index,missing,recreated) VALUES (138,'Episode 4',30,4,'1966-11-26','24:23',7.8,47,1,0);
INSERT INTO `episodes` (id,title,serial_id,episode_order,original_air_date,runtime,uk_viewers_mm,appreciation_index,missing,recreated) VALUES (139,'Episode 5',30,5,'1966-12-03','23:38',8,48,1,0);
INSERT INTO `episodes` (id,title,serial_id,episode_order,original_air_date,runtime,uk_viewers_mm,appreciation_index,missing,recreated) VALUES (140,'Episode 6',30,6,'1966-12-10','23:46',7.8,47,1,0);
INSERT INTO `episodes` (id,title,serial_id,episode_order,original_air_date,runtime,uk_viewers_mm,appreciation_index,missing,recreated) VALUES (141,'Episode 1',31,1,'1966-12-17','24:38',6.7,47,1,0);
INSERT INTO `episodes` (id,title,serial_id,episode_order,original_air_date,runtime,uk_viewers_mm,appreciation_index,missing,recreated) VALUES (142,'Episode 2',31,2,'1966-12-24','23:41',6.8,46,1,0);
INSERT INTO `episodes` (id,title,serial_id,episode_order,original_air_date,runtime,uk_viewers_mm,appreciation_index,missing,recreated) VALUES (143,'Episode 3',31,3,'1966-12-31','22:54',7.4,47,1,0);
INSERT INTO `episodes` (id,title,serial_id,episode_order,original_air_date,runtime,uk_viewers_mm,appreciation_index,missing,recreated) VALUES (144,'Episode 4',31,4,'1967-01-07','24:19',7.3,47,1,0);
INSERT INTO `episodes` (id,title,serial_id,episode_order,original_air_date,runtime,uk_viewers_mm,appreciation_index,missing,recreated) VALUES (145,'Episode 1',32,1,'1967-01-14','24:18',8.3,48,1,0);
INSERT INTO `episodes` (id,title,serial_id,episode_order,original_air_date,runtime,uk_viewers_mm,appreciation_index,missing,recreated) VALUES (146,'Episode 2',32,2,'1967-01-21','25:00',7.5,46,0,0);
INSERT INTO `episodes` (id,title,serial_id,episode_order,original_air_date,runtime,uk_viewers_mm,appreciation_index,missing,recreated) VALUES (147,'Episode 3',32,3,'1967-01-28','24:09',7.1,45,0,0);
INSERT INTO `episodes` (id,title,serial_id,episode_order,original_air_date,runtime,uk_viewers_mm,appreciation_index,missing,recreated) VALUES (148,'Episode 4',32,4,'1967-02-04','23:20',7,47,1,0);
INSERT INTO `episodes` (id,title,serial_id,episode_order,original_air_date,runtime,uk_viewers_mm,appreciation_index,missing,recreated) VALUES (149,'Episode 1',33,1,'1967-02-11','24:12',8.1,50,1,0);
INSERT INTO `episodes` (id,title,serial_id,episode_order,original_air_date,runtime,uk_viewers_mm,appreciation_index,missing,recreated) VALUES (150,'Episode 2',33,2,'1967-02-18','24:42',8.9,49,0,0);
INSERT INTO `episodes` (id,title,serial_id,episode_order,original_air_date,runtime,uk_viewers_mm,appreciation_index,missing,recreated) VALUES (151,'Episode 3',33,3,'1967-02-25','26:11',8.2,53,1,0);
INSERT INTO `episodes` (id,title,serial_id,episode_order,original_air_date,runtime,uk_viewers_mm,appreciation_index,missing,recreated) VALUES (152,'Episode 4',33,4,'1967-03-04','23:28',8.1,58,0,0);
INSERT INTO `episodes` (id,title,serial_id,episode_order,original_air_date,runtime,uk_viewers_mm,appreciation_index,missing,recreated) VALUES (153,'Episode 1',34,1,'1967-03-11','22:58',8,50,1,0);
INSERT INTO `episodes` (id,title,serial_id,episode_order,original_air_date,runtime,uk_viewers_mm,appreciation_index,missing,recreated) VALUES (154,'Episode 2',34,2,'1967-03-18','23:21',7.9,48,1,0);
INSERT INTO `episodes` (id,title,serial_id,episode_order,original_air_date,runtime,uk_viewers_mm,appreciation_index,missing,recreated) VALUES (155,'Episode 3',34,3,'1967-03-25','23:24',8.5,52,1,0);
INSERT INTO `episodes` (id,title,serial_id,episode_order,original_air_date,runtime,uk_viewers_mm,appreciation_index,missing,recreated) VALUES (156,'Episode 4',34,4,'1967-04-01','24:41',8.4,49,1,0);
INSERT INTO `episodes` (id,title,serial_id,episode_order,original_air_date,runtime,uk_viewers_mm,appreciation_index,missing,recreated) VALUES (157,'Episode 1',35,1,'1967-04-08','23:47',8,51,0,0);
INSERT INTO `episodes` (id,title,serial_id,episode_order,original_air_date,runtime,uk_viewers_mm,appreciation_index,missing,recreated) VALUES (158,'Episode 2',35,2,'1967-04-15','25:22',6.4,50,1,0);
INSERT INTO `episodes` (id,title,serial_id,episode_order,original_air_date,runtime,uk_viewers_mm,appreciation_index,missing,recreated) VALUES (159,'Episode 3',35,3,'1967-04-22','23:10',7.9,53,0,0);
INSERT INTO `episodes` (id,title,serial_id,episode_order,original_air_date,runtime,uk_viewers_mm,appreciation_index,missing,recreated) VALUES (160,'Episode 4',35,4,'1967-04-29','24:28',6.9,55,1,0);
INSERT INTO `episodes` (id,title,serial_id,episode_order,original_air_date,runtime,uk_viewers_mm,appreciation_index,missing,recreated) VALUES (161,'Episode 5',35,5,'1967-05-06','23:34',7.1,55,1,0);
INSERT INTO `episodes` (id,title,serial_id,episode_order,original_air_date,runtime,uk_viewers_mm,appreciation_index,missing,recreated) VALUES (162,'Episode 6',35,6,'1967-05-13','23:38',8,52,1,0);
INSERT INTO `episodes` (id,title,serial_id,episode_order,original_air_date,runtime,uk_viewers_mm,appreciation_index,missing,recreated) VALUES (163,'Episode 1',36,1,'1967-05-20','24:07',8.1,51,1,0);
INSERT INTO `episodes` (id,title,serial_id,episode_order,original_air_date,runtime,uk_viewers_mm,appreciation_index,missing,recreated) VALUES (164,'Episode 2',36,2,'1967-05-27','25:13',7.5,51,0,0);
INSERT INTO `episodes` (id,title,serial_id,episode_order,original_air_date,runtime,uk_viewers_mm,appreciation_index,missing,recreated) VALUES (165,'Episode 3',36,3,'1967-06-03','24:27',6.1,52,1,0);
INSERT INTO `episodes` (id,title,serial_id,episode_order,original_air_date,runtime,uk_viewers_mm,appreciation_index,missing,recreated) VALUES (166,'Episode 4',36,4,'1967-06-10','24:43',5.3,51,1,0);
INSERT INTO `episodes` (id,title,serial_id,episode_order,original_air_date,runtime,uk_viewers_mm,appreciation_index,missing,recreated) VALUES (167,'Episode 5',36,5,'1967-06-17','25:23',5.1,53,1,0);
INSERT INTO `episodes` (id,title,serial_id,episode_order,original_air_date,runtime,uk_viewers_mm,appreciation_index,missing,recreated) VALUES (168,'Episode 6',36,6,'1967-06-24','24:48',6.8,49,1,0);
INSERT INTO `episodes` (id,title,serial_id,episode_order,original_air_date,runtime,uk_viewers_mm,appreciation_index,missing,recreated) VALUES (169,'Episode 7',36,7,'1967-07-01','24:33',6.1,56,1,0);
INSERT INTO `episodes` (id,title,serial_id,episode_order,original_air_date,runtime,uk_viewers_mm,appreciation_index,missing,recreated) VALUES (170,'Episode 1',37,1,'1967-09-02','23:58',6,53,0,0);
INSERT INTO `episodes` (id,title,serial_id,episode_order,original_air_date,runtime,uk_viewers_mm,appreciation_index,missing,recreated) VALUES (171,'Episode 2',37,2,'1967-09-09','24:44',6.4,52,0,0);
INSERT INTO `episodes` (id,title,serial_id,episode_order,original_air_date,runtime,uk_viewers_mm,appreciation_index,missing,recreated) VALUES (172,'Episode 3',37,3,'1967-09-16','24:14',7.2,49,0,0);
INSERT INTO `episodes` (id,title,serial_id,episode_order,original_air_date,runtime,uk_viewers_mm,appreciation_index,missing,recreated) VALUES (173,'Episode 4',37,4,'1967-09-23','23:22',7.4,50,0,0);
INSERT INTO `episodes` (id,title,serial_id,episode_order,original_air_date,runtime,uk_viewers_mm,appreciation_index,missing,recreated) VALUES (174,'Episode 1',38,1,'1967-09-30','24:15',6.3,50,1,0);
INSERT INTO `episodes` (id,title,serial_id,episode_order,original_air_date,runtime,uk_viewers_mm,appreciation_index,missing,recreated) VALUES (175,'Episode 2',38,2,'1967-10-07','23:15',6,52,0,0);
INSERT INTO `episodes` (id,title,serial_id,episode_order,original_air_date,runtime,uk_viewers_mm,appreciation_index,missing,recreated) VALUES (176,'Episode 3',38,3,'1967-10-14','23:55',7.1,51,1,0);
INSERT INTO `episodes` (id,title,serial_id,episode_order,original_air_date,runtime,uk_viewers_mm,appreciation_index,missing,recreated) VALUES (177,'Episode 4',38,4,'1967-10-21','24:11',7.1,50,1,0);
INSERT INTO `episodes` (id,title,serial_id,episode_order,original_air_date,runtime,uk_viewers_mm,appreciation_index,missing,recreated) VALUES (178,'Episode 5',38,5,'1967-10-28','23:51',7.2,51,1,0);
INSERT INTO `episodes` (id,title,serial_id,episode_order,original_air_date,runtime,uk_viewers_mm,appreciation_index,missing,recreated) VALUES (179,'Episode 6',38,6,'1967-11-04','23:31',7.4,52,1,0);
INSERT INTO `episodes` (id,title,serial_id,episode_order,original_air_date,runtime,uk_viewers_mm,appreciation_index,missing,recreated) VALUES (180,'Episode 1',39,1,'1967-11-11','24:21',6.7,52,0,0);
INSERT INTO `episodes` (id,title,serial_id,episode_order,original_air_date,runtime,uk_viewers_mm,appreciation_index,missing,recreated) VALUES (181,'Episode 2',39,2,'1967-11-18','24:16',7.1,52,1,0);
INSERT INTO `episodes` (id,title,serial_id,episode_order,original_air_date,runtime,uk_viewers_mm,appreciation_index,missing,recreated) VALUES (182,'Episode 3',39,3,'1967-11-25','23:58',7.4,51,1,0);
INSERT INTO `episodes` (id,title,serial_id,episode_order,original_air_date,runtime,uk_viewers_mm,appreciation_index,missing,recreated) VALUES (183,'Episode 4',39,4,'1967-12-02','24:23',7.3,51,0,0);
INSERT INTO `episodes` (id,title,serial_id,episode_order,original_air_date,runtime,uk_viewers_mm,appreciation_index,missing,recreated) VALUES (184,'Episode 5',39,5,'1967-12-09','24:25',8,50,0,0);
INSERT INTO `episodes` (id,title,serial_id,episode_order,original_air_date,runtime,uk_viewers_mm,appreciation_index,missing,recreated) VALUES (185,'Episode 6',39,6,'1967-12-16','23:58',7.5,51,0,0);
INSERT INTO `episodes` (id,title,serial_id,episode_order,original_air_date,runtime,uk_viewers_mm,appreciation_index,missing,recreated) VALUES (186,'Episode 1',40,1,'1967-12-23','23:45',6.8,50,0,0);
INSERT INTO `episodes` (id,title,serial_id,episode_order,original_air_date,runtime,uk_viewers_mm,appreciation_index,missing,recreated) VALUES (187,'Episode 2',40,2,'1967-12-30','23:48',7.6,49,0,0);
INSERT INTO `episodes` (id,title,serial_id,episode_order,original_air_date,runtime,uk_viewers_mm,appreciation_index,missing,recreated) VALUES (188,'Episode 3',40,3,'1968-01-06','23:05',7.1,48,0,0);
INSERT INTO `episodes` (id,title,serial_id,episode_order,original_air_date,runtime,uk_viewers_mm,appreciation_index,missing,recreated) VALUES (189,'Episode 4',40,4,'1968-01-13','23:46',7.8,49,0,0);
INSERT INTO `episodes` (id,title,serial_id,episode_order,original_air_date,runtime,uk_viewers_mm,appreciation_index,missing,recreated) VALUES (190,'Episode 5',40,5,'1968-01-20','24:22',6.9,49,0,0);
INSERT INTO `episodes` (id,title,serial_id,episode_order,original_air_date,runtime,uk_viewers_mm,appreciation_index,missing,recreated) VALUES (191,'Episode 6',40,6,'1968-01-27','21:41',8.3,52,0,0);
INSERT INTO `episodes` (id,title,serial_id,episode_order,original_air_date,runtime,uk_viewers_mm,appreciation_index,missing,recreated) VALUES (192,'Episode 1',41,1,'1968-02-03','24:53',7.2,54,0,0);
INSERT INTO `episodes` (id,title,serial_id,episode_order,original_air_date,runtime,uk_viewers_mm,appreciation_index,missing,recreated) VALUES (193,'Episode 2',41,2,'1968-02-10','24:38',6.8,53,0,0);
INSERT INTO `episodes` (id,title,serial_id,episode_order,original_air_date,runtime,uk_viewers_mm,appreciation_index,missing,recreated) VALUES (194,'Episode 3',41,3,'1968-02-17','24:34',7,51,1,0);
INSERT INTO `episodes` (id,title,serial_id,episode_order,original_air_date,runtime,uk_viewers_mm,appreciation_index,missing,recreated) VALUES (195,'Episode 4',41,4,'1968-02-24','24:50',8.4,53,0,0);
INSERT INTO `episodes` (id,title,serial_id,episode_order,original_air_date,runtime,uk_viewers_mm,appreciation_index,missing,recreated) VALUES (196,'Episode 5',41,5,'1968-03-02','24:19',8,55,0,0);
INSERT INTO `episodes` (id,title,serial_id,episode_order,original_air_date,runtime,uk_viewers_mm,appreciation_index,missing,recreated) VALUES (197,'Episode 6',41,6,'1968-03-09','24:41',8.3,55,0,0);
INSERT INTO `episodes` (id,title,serial_id,episode_order,original_air_date,runtime,uk_viewers_mm,appreciation_index,missing,recreated) VALUES (198,'Episode 1',42,1,'1968-03-16','24:54',8.2,55,1,0);
INSERT INTO `episodes` (id,title,serial_id,episode_order,original_air_date,runtime,uk_viewers_mm,appreciation_index,missing,recreated) VALUES (199,'Episode 2',42,2,'1968-03-23','23:08',7.9,55,1,0);
INSERT INTO `episodes` (id,title,serial_id,episode_order,original_air_date,runtime,uk_viewers_mm,appreciation_index,missing,recreated) VALUES (200,'Episode 3',42,3,'1968-03-30','20:29',7.7,56,1,0);
INSERT INTO `episodes` (id,title,serial_id,episode_order,original_air_date,runtime,uk_viewers_mm,appreciation_index,missing,recreated) VALUES (201,'Episode 4',42,4,'1968-04-06','24:17',6.6,56,1,0);
INSERT INTO `episodes` (id,title,serial_id,episode_order,original_air_date,runtime,uk_viewers_mm,appreciation_index,missing,recreated) VALUES (202,'Episode 5',42,5,'1968-04-13','23:40',5.9,56,1,0);
INSERT INTO `episodes` (id,title,serial_id,episode_order,original_air_date,runtime,uk_viewers_mm,appreciation_index,missing,recreated) VALUES (203,'Episode 6',42,6,'1968-04-20','24:24',6.9,57,1,0);
INSERT INTO `episodes` (id,title,serial_id,episode_order,original_air_date,runtime,uk_viewers_mm,appreciation_index,missing,recreated) VALUES (204,'Episode 1',43,1,'1968-04-27','23:47',7.2,57,1,0);
INSERT INTO `episodes` (id,title,serial_id,episode_order,original_air_date,runtime,uk_viewers_mm,appreciation_index,missing,recreated) VALUES (205,'Episode 2',43,2,'1968-05-04','22:50',6.9,60,1,0);
INSERT INTO `episodes` (id,title,serial_id,episode_order,original_air_date,runtime,uk_viewers_mm,appreciation_index,missing,recreated) VALUES (206,'Episode 3',43,3,'1968-05-11','24:25',7.5,55,0,0);
INSERT INTO `episodes` (id,title,serial_id,episode_order,original_air_date,runtime,uk_viewers_mm,appreciation_index,missing,recreated) VALUES (207,'Episode 4',43,4,'1968-05-18','24:14',8.6,56,1,0);
INSERT INTO `episodes` (id,title,serial_id,episode_order,original_air_date,runtime,uk_viewers_mm,appreciation_index,missing,recreated) VALUES (208,'Episode 5',43,5,'1968-05-25','21:55',6.8,57,1,0);
INSERT INTO `episodes` (id,title,serial_id,episode_order,original_air_date,runtime,uk_viewers_mm,appreciation_index,missing,recreated) VALUES (209,'Episode 6',43,6,'1968-06-01','23:10',6.5,62,0,0);
INSERT INTO `episodes` (id,title,serial_id,episode_order,original_air_date,runtime,uk_viewers_mm,appreciation_index,missing,recreated) VALUES (210,'Episode 1',44,1,'1968-08-10','24:25',6.1,52,0,0);
INSERT INTO `episodes` (id,title,serial_id,episode_order,original_air_date,runtime,uk_viewers_mm,appreciation_index,missing,recreated) VALUES (211,'Episode 2',44,2,'1968-08-17','24:07',5.9,55,0,0);
INSERT INTO `episodes` (id,title,serial_id,episode_order,original_air_date,runtime,uk_viewers_mm,appreciation_index,missing,recreated) VALUES (212,'Episode 3',44,3,'1968-08-24','24:06',5.4,55,0,0);
INSERT INTO `episodes` (id,title,serial_id,episode_order,original_air_date,runtime,uk_viewers_mm,appreciation_index,missing,recreated) VALUES (213,'Episode 4',44,4,'1968-08-31','23:54',7.5,51,0,0);
INSERT INTO `episodes` (id,title,serial_id,episode_order,original_air_date,runtime,uk_viewers_mm,appreciation_index,missing,recreated) VALUES (214,'Episode 5',44,5,'1968-09-07','24:10',5.9,53,0,0);
INSERT INTO `episodes` (id,title,serial_id,episode_order,original_air_date,runtime,uk_viewers_mm,appreciation_index,missing,recreated) VALUES (215,'Episode 1',45,1,'1968-09-14','21:27',6.6,51,0,0);
INSERT INTO `episodes` (id,title,serial_id,episode_order,original_air_date,runtime,uk_viewers_mm,appreciation_index,missing,recreated) VALUES (216,'Episode 2',45,2,'1968-09-21','21:39',6.5,49,0,0);
INSERT INTO `episodes` (id,title,serial_id,episode_order,original_air_date,runtime,uk_viewers_mm,appreciation_index,missing,recreated) VALUES (217,'Episode 3',45,3,'1968-09-28','19:29',7.2,53,0,0);
INSERT INTO `episodes` (id,title,serial_id,episode_order,original_air_date,runtime,uk_viewers_mm,appreciation_index,missing,recreated) VALUES (218,'Episode 4',45,4,'1968-10-05','19:14',7.3,56,0,0);
INSERT INTO `episodes` (id,title,serial_id,episode_order,original_air_date,runtime,uk_viewers_mm,appreciation_index,missing,recreated) VALUES (219,'Episode 5',45,5,'1968-10-12','18:00',6.7,49,0,0);
INSERT INTO `episodes` (id,title,serial_id,episode_order,original_air_date,runtime,uk_viewers_mm,appreciation_index,missing,recreated) VALUES (220,'Episode 1',46,1,'1968-11-02','24:32',7.3,55,1,0);
INSERT INTO `episodes` (id,title,serial_id,episode_order,original_air_date,runtime,uk_viewers_mm,appreciation_index,missing,recreated) VALUES (221,'Episode 2',46,2,'1968-11-09','24:26',7.1,53,0,0);
INSERT INTO `episodes` (id,title,serial_id,episode_order,original_air_date,runtime,uk_viewers_mm,appreciation_index,missing,recreated) VALUES (222,'Episode 3',46,3,'1968-11-16','23:44',7.1,54,0,0);
INSERT INTO `episodes` (id,title,serial_id,episode_order,original_air_date,runtime,uk_viewers_mm,appreciation_index,missing,recreated) VALUES (223,'Episode 4',46,4,'1968-11-23','24:18',6.4,51,1,0);
INSERT INTO `episodes` (id,title,serial_id,episode_order,original_air_date,runtime,uk_viewers_mm,appreciation_index,missing,recreated) VALUES (224,'Episode 5',46,5,'1968-11-30','23:25',6.7,52,0,0);
INSERT INTO `episodes` (id,title,serial_id,episode_order,original_air_date,runtime,uk_viewers_mm,appreciation_index,missing,recreated) VALUES (225,'Episode 6',46,6,'1968-12-07','23:20',6.5,56,0,0);
INSERT INTO `episodes` (id,title,serial_id,episode_order,original_air_date,runtime,uk_viewers_mm,appreciation_index,missing,recreated) VALUES (226,'Episode 7',46,7,'1968-12-14','24:46',7.2,55,0,0);
INSERT INTO `episodes` (id,title,serial_id,episode_order,original_air_date,runtime,uk_viewers_mm,appreciation_index,missing,recreated) VALUES (227,'Episode 8',46,8,'1968-12-21','25:03',7,53,0,0);
INSERT INTO `episodes` (id,title,serial_id,episode_order,original_air_date,runtime,uk_viewers_mm,appreciation_index,missing,recreated) VALUES (228,'Episode 1',47,1,'1968-12-28','23:00',9,59,0,0);
INSERT INTO `episodes` (id,title,serial_id,episode_order,original_air_date,runtime,uk_viewers_mm,appreciation_index,missing,recreated) VALUES (229,'Episode 2',47,2,'1969-01-04','23:03',8.4,57,0,0);
INSERT INTO `episodes` (id,title,serial_id,episode_order,original_air_date,runtime,uk_viewers_mm,appreciation_index,missing,recreated) VALUES (230,'Episode 3',47,3,'1969-01-11','21:47',7.5,56,0,0);
INSERT INTO `episodes` (id,title,serial_id,episode_order,original_air_date,runtime,uk_viewers_mm,appreciation_index,missing,recreated) VALUES (231,'Episode 4',47,4,'1969-01-18','22:39',7.1,55,0,0);
INSERT INTO `episodes` (id,title,serial_id,episode_order,original_air_date,runtime,uk_viewers_mm,appreciation_index,missing,recreated) VALUES (232,'Episode 1',48,1,'1969-01-25','23:11',6.6,57,0,0);
INSERT INTO `episodes` (id,title,serial_id,episode_order,original_air_date,runtime,uk_viewers_mm,appreciation_index,missing,recreated) VALUES (233,'Episode 2',48,2,'1969-02-01','24:26',6.8,59,0,0);
INSERT INTO `episodes` (id,title,serial_id,episode_order,original_air_date,runtime,uk_viewers_mm,appreciation_index,missing,recreated) VALUES (234,'Episode 3',48,3,'1969-02-08','24:10',7.5,55,0,0);
INSERT INTO `episodes` (id,title,serial_id,episode_order,original_air_date,runtime,uk_viewers_mm,appreciation_index,missing,recreated) VALUES (235,'Episode 4',48,4,'1969-02-15','24:57',7.1,55,0,0);
INSERT INTO `episodes` (id,title,serial_id,episode_order,original_air_date,runtime,uk_viewers_mm,appreciation_index,missing,recreated) VALUES (236,'Episode 5',48,5,'1969-02-22','24:56',7.6,57,0,0);
INSERT INTO `episodes` (id,title,serial_id,episode_order,original_air_date,runtime,uk_viewers_mm,appreciation_index,missing,recreated) VALUES (237,'Episode 6',48,6,'1969-03-01','24:31',7.7,59,0,0);
INSERT INTO `episodes` (id,title,serial_id,episode_order,original_air_date,runtime,uk_viewers_mm,appreciation_index,missing,recreated) VALUES (238,'Episode 1',49,1,'1969-03-08','24:11',5.8,57,1,0);
INSERT INTO `episodes` (id,title,serial_id,episode_order,original_air_date,runtime,uk_viewers_mm,appreciation_index,missing,recreated) VALUES (239,'Episode 2',49,2,'1969-03-15','25:02',6.8,52,0,0);
INSERT INTO `episodes` (id,title,serial_id,episode_order,original_air_date,runtime,uk_viewers_mm,appreciation_index,missing,recreated) VALUES (240,'Episode 3',49,3,'1969-03-22','23:50',6.4,55,1,0);
INSERT INTO `episodes` (id,title,serial_id,episode_order,original_air_date,runtime,uk_viewers_mm,appreciation_index,missing,recreated) VALUES (241,'Episode 4',49,4,'1969-03-29','22:25',5.8,53,1,0);
INSERT INTO `episodes` (id,title,serial_id,episode_order,original_air_date,runtime,uk_viewers_mm,appreciation_index,missing,recreated) VALUES (242,'Episode 5',49,5,'1969-04-05','24:44',5.5,56,1,0);
INSERT INTO `episodes` (id,title,serial_id,episode_order,original_air_date,runtime,uk_viewers_mm,appreciation_index,missing,recreated) VALUES (243,'Episode 6',49,6,'1969-04-12','24:26',5.3,52,1,0);
INSERT INTO `episodes` (id,title,serial_id,episode_order,original_air_date,runtime,uk_viewers_mm,appreciation_index,missing,recreated) VALUES (244,'Episode 1',50,1,'1969-04-19','25:00',5.5,55,0,0);
INSERT INTO `episodes` (id,title,serial_id,episode_order,original_air_date,runtime,uk_viewers_mm,appreciation_index,missing,recreated) VALUES (245,'Episode 2',50,2,'1969-04-26','25:00',6.3,54,0,0);
INSERT INTO `episodes` (id,title,serial_id,episode_order,original_air_date,runtime,uk_viewers_mm,appreciation_index,missing,recreated) VALUES (246,'Episode 3',50,3,'1969-05-03','24:30',5.1,53,0,0);
INSERT INTO `episodes` (id,title,serial_id,episode_order,original_air_date,runtime,uk_viewers_mm,appreciation_index,missing,recreated) VALUES (247,'Episode 4',50,4,'1969-05-10','23:30',5.7,50,0,0);
INSERT INTO `episodes` (id,title,serial_id,episode_order,original_air_date,runtime,uk_viewers_mm,appreciation_index,missing,recreated) VALUES (248,'Episode 5',50,5,'1969-05-17','24:30',5.1,53,0,0);
INSERT INTO `episodes` (id,title,serial_id,episode_order,original_air_date,runtime,uk_viewers_mm,appreciation_index,missing,recreated) VALUES (249,'Episode 6',50,6,'1969-05-24','22:53',4.2,53,0,0);
INSERT INTO `episodes` (id,title,serial_id,episode_order,original_air_date,runtime,uk_viewers_mm,appreciation_index,missing,recreated) VALUES (250,'Episode 7',50,7,'1969-05-31','22:28',4.9,53,0,0);
INSERT INTO `episodes` (id,title,serial_id,episode_order,original_air_date,runtime,uk_viewers_mm,appreciation_index,missing,recreated) VALUES (251,'Episode 8',50,8,'1969-06-07','24:37',3.5,53,0,0);
INSERT INTO `episodes` (id,title,serial_id,episode_order,original_air_date,runtime,uk_viewers_mm,appreciation_index,missing,recreated) VALUES (252,'Episode 9',50,9,'1969-06-14','24:34',4.1,57,0,0);
INSERT INTO `episodes` (id,title,serial_id,episode_order,original_air_date,runtime,uk_viewers_mm,appreciation_index,missing,recreated) VALUES (253,'Episode 10',50,10,'1969-06-21','24:23',5,58,0,0);
CREATE TABLE `doctors` (
  `id` int(11) PRIMARY KEY NOT NULL,
  `incarnation` text NOT NULL,
  `primary_actor` int(11) NOT NULL
);
INSERT INTO `doctors` (id,incarnation,primary_actor) VALUES (1,'First Doctor',1);
INSERT INTO `doctors` (id,incarnation,primary_actor) VALUES (2,'Second Doctor',2);
INSERT INTO `doctors` (id,incarnation,primary_actor) VALUES (3,'Third Doctor',3);
INSERT INTO `doctors` (id,incarnation,primary_actor) VALUES (4,'Fourth Doctor',4);
INSERT INTO `doctors` (id,incarnation,primary_actor) VALUES (5,'Fifth Doctor',5);
INSERT INTO `doctors` (id,incarnation,primary_actor) VALUES (6,'Sixth Doctor',6);
INSERT INTO `doctors` (id,incarnation,primary_actor) VALUES (7,'Seventh Doctor',7);
INSERT INTO `doctors` (id,incarnation,primary_actor) VALUES (8,'Eighth Doctor',8);
INSERT INTO `doctors` (id,incarnation,primary_actor) VALUES (9,'War Doctor',9);
INSERT INTO `doctors` (id,incarnation,primary_actor) VALUES (10,'Ninth Doctor',10);
INSERT INTO `doctors` (id,incarnation,primary_actor) VALUES (11,'Tenth Doctor',11);
INSERT INTO `doctors` (id,incarnation,primary_actor) VALUES (12,'Eleventh Doctor',12);
INSERT INTO `doctors` (id,incarnation,primary_actor) VALUES (13,'Twelfth Doctor',13);
INSERT INTO `doctors` (id,incarnation,primary_actor) VALUES (14,'Dr. Who',14);
CREATE TABLE `directors` (
  `id` int(11) PRIMARY KEY NOT NULL,
  `name` text NOT NULL
);
INSERT INTO `directors` (id,name) VALUES (1,'Adam Smith');
INSERT INTO `directors` (id,name) VALUES (2,'Alan Bromly');
INSERT INTO `directors` (id,name) VALUES (3,'Alan Wareing');
INSERT INTO `directors` (id,name) VALUES (4,'Alice Troughton');
INSERT INTO `directors` (id,name) VALUES (5,'Andrew Gunn');
INSERT INTO `directors` (id,name) VALUES (6,'Andrew Morgan');
INSERT INTO `directors` (id,name) VALUES (7,'Andy Goddard');
INSERT INTO `directors` (id,name) VALUES (8,'Ashley Way');
INSERT INTO `directors` (id,name) VALUES (9,'Barry Letts');
INSERT INTO `directors` (id,name) VALUES (10,'Ben Wheatley');
INSERT INTO `directors` (id,name) VALUES (11,'Bill Sellars');
INSERT INTO `directors` (id,name) VALUES (12,'Brian Grant');
INSERT INTO `directors` (id,name) VALUES (13,'Catherine Morshead');
INSERT INTO `directors` (id,name) VALUES (14,'Charles Palmer');
INSERT INTO `directors` (id,name) VALUES (15,'Chris Clough');
INSERT INTO `directors` (id,name) VALUES (16,'Christopher Barry');
INSERT INTO `directors` (id,name) VALUES (17,'Colin Teague');
INSERT INTO `directors` (id,name) VALUES (18,'Colm McCarthy');
INSERT INTO `directors` (id,name) VALUES (19,'Dan Zeff');
INSERT INTO `directors` (id,name) VALUES (20,'Daniel Nettheim');
INSERT INTO `directors` (id,name) VALUES (21,'Daniel O''Hara');
INSERT INTO `directors` (id,name) VALUES (22,'Darrol Blake');
INSERT INTO `directors` (id,name) VALUES (23,'David Maloney');
INSERT INTO `directors` (id,name) VALUES (24,'Derek Martinus');
INSERT INTO `directors` (id,name) VALUES (25,'Derrick Goodwin');
INSERT INTO `directors` (id,name) VALUES (26,'Douglas Camfield');
INSERT INTO `directors` (id,name) VALUES (27,'Douglas Mackinnon');
INSERT INTO `directors` (id,name) VALUES (28,'Ed Bazalgette');
INSERT INTO `directors` (id,name) VALUES (29,'Euros Lyn');
INSERT INTO `directors` (id,name) VALUES (30,'Farren Blackburn');
INSERT INTO `directors` (id,name) VALUES (31,'Fiona Cumming');
INSERT INTO `directors` (id,name) VALUES (32,'Frank Cox');
INSERT INTO `directors` (id,name) VALUES (33,'Geoffrey Sax');
INSERT INTO `directors` (id,name) VALUES (34,'George Spenton-Foster');
INSERT INTO `directors` (id,name) VALUES (35,'Gerald Blake');
INSERT INTO `directors` (id,name) VALUES (36,'Gerry Mill');
INSERT INTO `directors` (id,name) VALUES (37,'Gordon Flemyng');
INSERT INTO `directors` (id,name) VALUES (38,'Graeme Harper');
INSERT INTO `directors` (id,name) VALUES (39,'Henric Hirsch');
INSERT INTO `directors` (id,name) VALUES (40,'Hettie MacDonald');
INSERT INTO `directors` (id,name) VALUES (41,'Hugh David');
INSERT INTO `directors` (id,name) VALUES (42,'James Hawes');
INSERT INTO `directors` (id,name) VALUES (43,'James Strong');
INSERT INTO `directors` (id,name) VALUES (44,'Jamie Payne');
INSERT INTO `directors` (id,name) VALUES (45,'Jeremy Webb');
INSERT INTO `directors` (id,name) VALUES (46,'Joe Ahearne');
INSERT INTO `directors` (id,name) VALUES (47,'John Black');
INSERT INTO `directors` (id,name) VALUES (48,'John Crockett');
INSERT INTO `directors` (id,name) VALUES (49,'John Davies');
INSERT INTO `directors` (id,name) VALUES (50,'John Gorrie');
INSERT INTO `directors` (id,name) VALUES (51,'Jonny Campbell');
INSERT INTO `directors` (id,name) VALUES (52,'Julia Smith');
INSERT INTO `directors` (id,name) VALUES (53,'Julian Simpson');
INSERT INTO `directors` (id,name) VALUES (54,'Justin Molotnikov');
INSERT INTO `directors` (id,name) VALUES (55,'Keith Boak');
INSERT INTO `directors` (id,name) VALUES (56,'Ken Grieve');
INSERT INTO `directors` (id,name) VALUES (57,'Kenny McBain');
INSERT INTO `directors` (id,name) VALUES (58,'Lennie Mayne');
INSERT INTO `directors` (id,name) VALUES (59,'Lovett Bickford');
INSERT INTO `directors` (id,name) VALUES (60,'Marvyn Pinfield');
INSERT INTO `directors` (id,name) VALUES (61,'Mary Ridge');
INSERT INTO `directors` (id,name) VALUES (62,'Mat King');
INSERT INTO `directors` (id,name) VALUES (63,'Matthew Robinson');
INSERT INTO `directors` (id,name) VALUES (64,'Mervyn Pinfield');
INSERT INTO `directors` (id,name) VALUES (65,'Michael E. Briant');
INSERT INTO `directors` (id,name) VALUES (66,'Michael Ferguson');
INSERT INTO `directors` (id,name) VALUES (67,'Michael Hart');
INSERT INTO `directors` (id,name) VALUES (68,'Michael Hayes');
INSERT INTO `directors` (id,name) VALUES (69,'Michael Imison');
INSERT INTO `directors` (id,name) VALUES (70,'Michael Kerrigan');
INSERT INTO `directors` (id,name) VALUES (71,'Michael Leeston-Smith');
INSERT INTO `directors` (id,name) VALUES (72,'Michael Owen Morris');
INSERT INTO `directors` (id,name) VALUES (73,'Morris Barry');
INSERT INTO `directors` (id,name) VALUES (74,'Nicholas Mallett');
INSERT INTO `directors` (id,name) VALUES (75,'Nick Hurran');
INSERT INTO `directors` (id,name) VALUES (76,'Norman Stewart');
INSERT INTO `directors` (id,name) VALUES (77,'Paddy Russell');
INSERT INTO `directors` (id,name) VALUES (78,'Paul Bernard');
INSERT INTO `directors` (id,name) VALUES (79,'Paul Joyce');
INSERT INTO `directors` (id,name) VALUES (80,'Paul Murphy');
INSERT INTO `directors` (id,name) VALUES (81,'Paul Wilmshurst');
INSERT INTO `directors` (id,name) VALUES (82,'Pennant Roberts');
INSERT INTO `directors` (id,name) VALUES (83,'Peter Grimwade');
INSERT INTO `directors` (id,name) VALUES (84,'Peter Hoar');
INSERT INTO `directors` (id,name) VALUES (85,'Peter Moffatt');
INSERT INTO `directors` (id,name) VALUES (86,'Rachel Talalay');
INSERT INTO `directors` (id,name) VALUES (87,'Rex Tucker');
INSERT INTO `directors` (id,name) VALUES (88,'Richard Clark');
INSERT INTO `directors` (id,name) VALUES (89,'Richard Martin');
INSERT INTO `directors` (id,name) VALUES (90,'Richard Senior');
INSERT INTO `directors` (id,name) VALUES (91,'Rodney Bennett');
INSERT INTO `directors` (id,name) VALUES (92,'Ron Jones');
INSERT INTO `directors` (id,name) VALUES (93,'Sarah Hellings');
INSERT INTO `directors` (id,name) VALUES (94,'Saul Metzstein');
INSERT INTO `directors` (id,name) VALUES (95,'Sheree Folkson');
INSERT INTO `directors` (id,name) VALUES (96,'Stephen Woolfenden');
INSERT INTO `directors` (id,name) VALUES (97,'Steve Hughes');
INSERT INTO `directors` (id,name) VALUES (98,'Terency Dudley');
INSERT INTO `directors` (id,name) VALUES (99,'Timothy Combe');
INSERT INTO `directors` (id,name) VALUES (100,'Toby Haynes');
INSERT INTO `directors` (id,name) VALUES (101,'Tony Virgo');
INSERT INTO `directors` (id,name) VALUES (102,'Tristan DeVere Cole');
INSERT INTO `directors` (id,name) VALUES (103,'Warris Hussein');
CREATE TABLE `actors` (
  `id` int(11) PRIMARY KEY NOT NULL,
  `name` text NOT NULL
);
INSERT INTO `actors` (id,name) VALUES (1,'William Hartnell');
INSERT INTO `actors` (id,name) VALUES (2,'Patrick Troughton');
INSERT INTO `actors` (id,name) VALUES (3,'Jon Pertwee');
INSERT INTO `actors` (id,name) VALUES (4,'Tom Baker');
INSERT INTO `actors` (id,name) VALUES (5,'Peter Davison');
INSERT INTO `actors` (id,name) VALUES (6,'Colin Baker');
INSERT INTO `actors` (id,name) VALUES (7,'Sylvester McCoy');
INSERT INTO `actors` (id,name) VALUES (8,'Paul McGann');
INSERT INTO `actors` (id,name) VALUES (9,'John Hurt');
INSERT INTO `actors` (id,name) VALUES (10,'Chris Eccleston');
INSERT INTO `actors` (id,name) VALUES (11,'David Tennant');
INSERT INTO `actors` (id,name) VALUES (12,'Matt Smith');
INSERT INTO `actors` (id,name) VALUES (13,'Peter Capaldi');
INSERT INTO `actors` (id,name) VALUES (14,'Peter Cushing');
